1381060800,122.0,122.0,122.0,122.0,0.1,1
1381147200,123.61,123.61,123.61,123.61,0.1,1
1381190400,123.91,124.19,123.9,124.18,3.9916,4
1381276800,124.01687,124.01687,123.84,123.84,2.823,3
1381406400,125.85,125.86,125.85,125.86,2,2
1381536000,127.5,127.5,127.0,127.0,4,3
1381665600,131.8408,131.8408,131.8408,131.8408,0.1,1
1381708800,134.8,134.8,133.36726,133.36726,9.24,7
1381752000,134.56,135.59,134.46,135.59,2.76575337,4
1381795200,135.8,135.8,135.3,135.3,4,3
1381838400,153.0,153.0,133.87975,133.87975,0.3,2
1381881600,143.0,145.38,142.57101,145.38,6.029,6
1381924800,146.14,146.14,137.63758,138.09,14.2,11
1381968000,137.62448,144.73,137.52,144.73,4.777,5
1382011200,143.79522,143.79522,143.79522,143.79522,1,1
1382054400,146.2399,147.5,146.2399,146.73,7.79,6
1382097600,148.7099,153.80147,148.5,149.04856,15.761,17
1382140800,157.74,171.25,157.64,163.81901,62.572,49
1382184000,165.0,165.87,159.5,165.56,9.973,17
1382227200,166.52626,166.52626,162.9811,162.9811,1.52741803,2
1382270400,164.18172,164.18172,162.981,162.981,3.321,3
1382313600,165.0,176.65277,165.0,176.65277,6.01969,9
1382356800,174.72025,176.32429,172.79308,176.32429,12.283,10
1382400000,181.97,181.97,181.97,181.97,2,1
1382443200,193.72291,194.2,150.0,150.0,5.37587686,6
1382486400,191.62198,192.98177,185.90287,192.31047,24.175,23
1382529600,192.99459,203.45,192.99459,203.45,15.045,16
1382572800,203.67412,207.30246,169.9201,169.9201,33.236,45
1382616000,194.9,199.91,185.95,193.0999,50.48497523,45
1382702400,172.27,186.8,171.97,186.0499,67.2,39
1382745600,185.8,185.8,179.8656,184.58,11,10
1382832000,182.3,182.39999,182.21,182.21,15,4
1382875200,180.67,191.3,179.23624,191.0,54.90739,47
1383048000,195.0,195.0,195.0,195.0,0.62564102,1
1383091200,195.0,202.83,195.0,201.86,9.52274898,10
1383134400,203.94,203.94,203.77,203.77,0.2,2
1383177600,199.0,199.6,199.0,199.6,2.01,3
1383220800,200.77,202.27,200.77,202.1,0.25,3
1383264000,203.59999,205.0,203.37,205.0,23.17594207,72
1383307200,205.62294,207.96822,202.9,202.9,10.80459107,45
1383350400,202.68,204.07,201.04,203.9,6.75555555,10
1383393600,204.24,204.24,203.47,203.51,0.3,3
1383436800,204.662,204.91754,203.47,203.87,0.77293007,21
1383480000,203.87,209.748,203.87,209.748,8.81232935,99
1383523200,209.748,215.16182,209.4001,215.16182,16.29720286,170
1383566400,215.8057,229.97,215.8057,226.9001,54.87821822,314
1383609600,227.39493,234.92576,226.43,234.92576,7.12201086,99
1383652800,235.3,250.14053,222.05236,244.95532,18.0993532,210
1383696000,245.69019,262.26614,245.69019,262.26614,2.7305573,28
1383739200,262.44803,269.42566,254.38635,263.73672,46.73020638,246
1383782400,262.8628,348.4093,262.8628,290.0,20.18495909,77
1383825600,290.0,296.4934,281.68,289.62884,12.61503728,100
1383868800,295.51602,300.517,295.51602,300.517,0.5545,2
1383912000,328.93905,330.64785,312.57818,330.64785,5.67080641,22
1383955200,340.0,350.0,312.01,350.0,13.79,29
1383998400,338.68,350.0,338.68,338.68,0.93330453,5
1384041600,321.9202,400.0,289.18978,315.0,41.4168494,55
1384084800,311.282,317.0,293.94722,317.0,4.4217,8
1384171200,350.5738,362.5306,329.72864,340.725,17.97582053,28
1384214400,360.0,500.0,346.55506,381.9258,40.38417171,24
1384257600,403.0906,403.0906,349.97,355.0,10.61485219,27
1384300800,365.0,400.6254,365.0,386.22117,8.93400329,41
1384344000,382.39531,406.0,378.86342,398.0,17.20986018,20
1384387200,405.55474,417.91632,404.8,417.0,2.81341592,14
1384430400,418.0,425.84138,405.0,425.62096,12.28289818,58
1384473600,421.62096,425.0,421.0,425.0,37.515,45
1384516800,425.62096,435.0,387.91236,410.0,62.86266183,115
1384560000,414.8989,443.0,414.8989,443.0,14.05494226,20
1384603200,444.50734,444.50734,437.24,438.0,9.24186206,9
1384646400,444.44,473.25285,444.44,469.78,6.90991484,29
1384689600,466.79061,491.50107,430.0,491.50107,9.91621435,59
1384732800,496.36498,547.25875,496.36498,537.98448,24.75545571,123
1384776000,536.58605,700.0,533.0192,700.0,16.34225805,171
1384819200,700.0,800.0,579.97087,635.00854,27.43347023,337
1384862400,635.0,670.0,484.0,587.52083,27.45779126,185
1384905600,581.7009,636.94821,461.69,487.8,18.51477276,119
1384948800,487.75686,620.0,450.0,591.81,38.25616849,231
1384992000,600.0,641.15179,583.11045,628.26476,20.19381498,67
1385035200,632.19634,720.0,632.19634,670.06042,51.87119453,334
1385078400,672.31667,715.59315,642.70057,700.0,5.90279002,206
1385121600,701.0,810.0,683.50273,796.56582,12.19165635,151
1385164800,796.34865,871.69235,768.76234,857.97162,15.36517984,76
1385208000,856.57419,904.0765,801.0,830.75754,27.70853061,155
1385251200,838.97872,838.97872,760.38,790.0,10.30810583,73
1385294400,795.40422,825.0,790.0,808.33476,3.00693941,40
1385337600,805.0,810.0,800.0,800.33468,3.92553473,31
1385380800,800.33468,818.36641,730.0,801.59886,6.92747679,241
1385424000,801.59886,840.0,792.30603,828.0,3.05058926,42
1385467200,839.9999,900.0,768.58034,893.87025,10.79603241,309
1385510400,893.9,951.09,890.0,951.09,17.00202603,196
1385553600,930.0,1081.09181,922.8,994.95,29.41111899,586
1385596800,994.95,1008.01196,935.0806,1007.00471,12.40745343,191
1385640000,1007.27605,1088.41486,992.48645,1000.32893,20.62291065,252
1385683200,1012.39302,1098.71888,1012.39302,1061.0,14.76209771,221
1385726400,1093.00036,1198.8009,1058.56058,1165.425,20.06519154,341
1385769600,1155.62219,1189.10145,1123.18082,1161.97234,16.39197313,238
1385812800,1132.19324,1162.0,1094.38283,1114.24001,6.36954972,127
1385856000,1112.01598,1130.0,999.0,1048.05097,12.20603457,310
1385899200,1026.97429,1026.97429,770.0,953.72943,40.29954182,595
1385942400,952.89757,1047.15782,946.14514,983.33085,16.44547488,204
1385985600,987.26417,1059.0,963.89802,1022.9544,20.44376115,165
1386028800,1031.15439,1064.15011,995.4975,1059.89351,8.34713856,146
1386072000,1059.89351,1076.52087,1000.0,1063.46318,14.92375167,194
1386115200,1051.2966,1119.65754,1011.88848,1042.0,16.43990919,135
1386158400,1044.72584,1120.0,981.75885,1079.93122,23.91292579,404
1386201600,1088.62278,1110.0,855.7,967.17982,30.97502548,361
1386244800,972.43807,1069.92276,959.88386,1032.05233,33.66157431,246
1386288000,1032.05233,1065.22702,964.35183,1030.0,17.38029744,197
1386331200,1035.75624,1039.9159,838.51515,864.78197,45.32855163,819
1386374400,866.89118,950.0,600.96141,786.12,84.04993057,940
1386417600,788.36497,866.61836,650.80631,699.42201,38.48197714,422
1386460800,693.64295,800.35883,670.004,770.06212,27.10486129,144
1386504000,769.09652,801.45651,715.78,795.61257,20.76493324,238
1386547200,801.53386,890.0,782.43239,858.429,43.19784412,318
1386590400,864.30945,914.29786,850.0,899.72762,18.02040767,308
1386633600,899.72762,946.0,899.4394,925.0,16.46424103,106
1386676800,919.0,975.11,912.56,959.11111,53.35257693,245
1386720000,954.64274,979.23,858.0,863.34723,21.71117371,193
1386763200,864.99,927.41651,820.0,883.78144,21.33284968,244
1386806400,883.78144,919.07787,863.3472,879.33297,1.9230887,62
1386849600,883.78144,885.85814,857.37669,873.0,5.88454318,52
1386892800,881.4786,916.59561,880.0,899.74021,5.17844113,63
1386936000,899.74021,899.74021,853.07,878.79707,20.91258288,173
1386979200,885.34561,885.34561,870.0,870.0,3.00974068,36
1387022400,870.01,885.0,850.0,862.17448,9.18393628,92
1387065600,870.6966,870.6966,820.0,854.87,11.31809006,101
1387108800,854.87,885.0,843.74114,863.71354,24.367158,156
1387152000,863.70354,884.0,830.0,830.0,12.9706058,61
1387195200,837.8452,837.8452,662.6585,709.93373,53.61293112,608
1387238400,715.659,758.84502,674.73714,723.20893,32.34829785,259
1387281600,714.06145,737.56495,686.17192,702.0,28.3977041,161
1387324800,698.61378,698.61378,380.0,484.3605,163.12774123,1187
1387368000,484.3605,618.66242,475.1955,528.0,48.07968205,643
1387411200,533.3138,681.429,517.62147,656.31594,13.86562571,229
1387454400,656.31594,700.0,613.92112,699.81249,25.93634255,304
1387497600,699.80249,718.21618,652.0,678.94862,17.09011086,262
1387540800,680.9885,700.0,614.51908,665.44627,30.89466382,222
1387584000,656.24474,700.0,605.0,628.65984,6.3776522,130
1387627200,628.52105,633.66435,605.0,621.45299,5.32614633,65
1387670400,614.99785,681.38026,606.46272,657.52855,11.17297991,145
1387713600,645.12701,666.27337,605.0,641.0361,43.07506252,247
1387756800,633.71842,680.0,633.71842,643.29396,22.10800875,131
1387800000,640.99237,666.04821,637.10758,655.22662,5.46627789,101
1387843200,666.03821,683.7417,650.332,656.26,4.55998614,74
1387886400,651.67422,666.13,642.0,659.79308,6.42022646,162
1387929600,659.79308,677.69597,642.0,661.67091,2.58144733,76
1387972800,661.52515,684.51009,661.11907,676.0,8.30794493,76
1388016000,684.53009,720.87804,676.0,720.87804,20.14485937,204
1388059200,717.19096,771.0,701.46505,752.33596,48.78518327,797
1388102400,757.65272,757.65272,720.0,743.00829,28.67366925,381
1388145600,747.00829,769.005,714.14721,731.86466,4.60198334,115
1388188800,734.43518,745.2,724.19787,745.19,1.62744696,45
1388232000,736.31657,744.31657,715.52601,719.0,6.00150961,117
1388275200,732.23935,739.98198,725.0,725.0,1.29083887,51
1388318400,727.46256,744.31657,715.0,733.0451,4.90881708,118
1388361600,742.67124,750.0,733.0251,736.12683,2.76970712,61
1388404800,738.71232,751.0,731.85612,749.0,6.05891265,108
1388448000,749.0,750.0,730.0,746.10148,7.97734843,144
1388491200,738.71072,745.0,737.95214,739.73114,0.39537423,11
1388534400,737.15115,752.82196,737.15115,750.12554,5.76827538,63
1388577600,750.11554,759.1104,742.28,753.99,4.35864765,77
1388620800,750.11583,759.1104,750.0,757.01,4.42172169,98
1388664000,757.01,817.56149,752.1104,788.30421,15.39166116,213
1388707200,784.68606,817.02697,771.17795,805.64796,40.96735866,138
1388750400,805.68796,819.9,794.41851,808.51778,34.72796158,122
1388793600,808.42694,813.02665,783.02,812.0,14.16224315,59
1388836800,805.0,840.0,797.54843,827.64784,19.06431262,81
1388880000,828.69,849.25597,828.69,849.25597,7.08401073,113
1388923200,849.25597,980.0,827.4135,904.75,47.8651296,578
1388966400,908.24999,1019.0,904.03,971.0,44.74703516,580
1389009600,971.0,973.0874,886.43973,919.11176,30.34935244,244
1389052800,916.81972,945.0,905.0,912.13957,12.73072289,195
1389096000,905.0,926.00999,810.0,810.0,36.67743419,528
1389139200,810.0,899.84281,788.0,852.7866,10.09298327,295
1389182400,852.7866,877.81126,811.8,824.98287,9.08977228,130
1389225600,825.56345,870.0,825.56344,848.61804,2.10067082,64
1389268800,840.21169,860.0,807.42084,841.86934,6.05766368,128
1389312000,839.99,849.84353,827.0,849.36501,3.20843523,62
1389355200,832.7206,857.34056,817.0,857.33056,4.81607523,72
1389398400,858.2,918.05471,857.16554,898.0,8.33681292,60
1389441600,891.2932,910.0,882.32484,899.84105,10.41147195,57
1389484800,899.96114,900.93989,855.0,855.0,11.67191752,226
1389528000,855.00001,872.91499,833.00001,860.0,13.75751562,159
1389571200,847.32152,859.99999,825.0,832.95216,6.38657695,146
1389614400,826.1,858.1935,815.0,835.0,19.48254966,340
1389657600,835.0,877.293,805.0,831.0,27.63801034,143
1389700800,845.0,845.38391,824.0,831.0,4.02487097,45
1389744000,831.0,864.0,828.0,844.10501,4.68676932,59
1389787200,842.38039,855.97997,837.37372,850.00364,2.02079527,36
1389830400,853.0,854.0,841.0,841.0,16.20472246,117
1389873600,839.49583,865.0,824.0,826.97077,12.39729124,379
1389916800,824.1264,835.06427,814.0,826.703,8.51323203,27
1389960000,818.5138,826.6038,788.0,804.0,17.84480725,351
1390003200,812.90538,844.14159,807.74074,814.40714,3.58605694,53
1390046400,814.78753,835.84859,810.0,819.51,15.18227033,110
1390089600,819.51,819.51,819.51,819.51,8.92569082,8
1390132800,819.51,848.9,819.51,835.0,3.01390121,39
1390176000,843.94804,855.0,839.78119,843.85701,2.34163577,22
1390219200,843.90001,845.99998,830.1,843.76589,2.1051228,62
1390262400,840.0,845.92992,820.1,820.54043,5.04132589,32
1390305600,835.05957,845.98999,821.0,829.01,1.85404835,30
1390348800,829.0,834.53144,821.0,834.53144,0.291814,6
1390392000,831.99998,832.44511,822.0,830.88999,1.42080248,11
1390435200,822.4,830.88898,822.4,829.99999,1.60763157,10
1390478400,830.88897,830.88899,821.0,830.88897,9.97361928,57
1390521600,830.88897,835.48427,783.0,806.78,22.60870734,119
1390564800,804.16499,819.21,793.9206,803.01935,2.40035995,40
1390608000,803.01936,810.96606,795.07478,795.07478,1.06777988,11
1390651200,810.96606,830.0,810.30818,812.02,8.86185844,115
1390694400,818.0,834.93266,813.0,834.93266,3.51161833,64
1390737600,834.99271,840.0,826.72139,826.72139,3.05811803,64
1390780800,826.70102,840.0,821.27,838.77,3.70862972,32
1390824000,838.73,838.87,780.0,780.0,31.99057779,104
1390867200,780.0,830.0,775.0,794.41834,8.49255049,69
1390910400,800.10009,830.0,788.0,815.99,7.26109376,44
1390953600,815.99,815.99,800.0,806.1,9.5638301,24
1390996800,800.01001,826.22571,795.0,795.0,9.36057086,112
1391040000,802.4522,805.0,787.01,800.67054,7.79284125,70
1391083200,800.68054,815.23135,794.01,808.0,19.23585573,209
1391126400,808.0,812.63409,801.0,812.63409,5.29799719,103
1391169600,805.0,812.20037,801.0,812.19037,7.56379864,142
1391212800,807.30274,813.0,803.41261,813.0,0.44430754,16
1391256000,813.0,835.0,813.0,825.0,6.02402959,27
1391299200,828.99,828.99,819.37892,819.37892,0.85009746,2
1391342400,830.0,835.0,814.86431,814.86431,6.39697268,31
1391385600,814.86431,818.18181,803.8427,810.0,3.59863479,33
1391428800,810.0,819.8,803.64931,819.78,3.67402909,62
1391472000,808.0,817.9442,799.8,799.8,6.96205446,143
1391515200,809.0,819.78,799.579,802.4,4.46388241,26
1391558400,802.4,815.89934,802.4,802.55,3.90902774,7
1391601600,810.0,813.8596,802.5,802.5,12.67880637,112
1391644800,802.5,803.72713,775.0,797.71417,7.74086466,83
1391688000,785.94541,799.72348,767.60884,767.60884,25.85126043,217
1391731200,775.2051,775.2051,666.35039,727.68918,58.31139673,748
1391774400,727.68918,762.82787,714.12206,714.12206,6.51181548,94
1391817600,711.41118,730.0,697.34937,725.0,7.96858282,70
1391860800,729.99,730.0,680.01,699.30255,23.07367101,228
1391904000,692.37535,710.0,684.85098,705.08028,6.39293451,89
1391947200,710.0,756.0998,689.0,689.0,31.89833993,287
1391990400,686.83613,748.0,550.0,675.60648,25.37067197,378
1392033600,668.91398,693.6608,636.43289,690.2,4.48599646,94
1392076800,690.2,720.0,686.686,716.02382,8.54326798,60
1392120000,719.6174,719.99999,660.0,714.56111,24.78800554,365
1392163200,709.93,709.93,651.30901,696.40594,10.56718639,86
1392206400,680.01,686.88,670.6659,670.6659,7.07466414,26
1392249600,671.0,680.0,663.33844,673.3,1.55528438,24
1392292800,673.3,673.34,595.6295,623.94582,43.12093981,427
1392336000,629.07483,657.0001,586.43,643.70137,24.66580141,286
1392379200,650.07142,710.0,636.98103,670.33964,17.7841295,172
1392422400,667.04394,682.78028,646.87689,668.44023,9.06368694,168
1392465600,656.9683,668.34022,650.36142,659.2834,3.12488234,44
1392508800,665.80764,668.82486,655.22375,661.79677,1.48234029,30
1392552000,658.50395,666.78515,600.0,624.73111,19.97125696,354
1392595200,636.26205,679.05833,593.67544,656.47358,28.62868256,176
1392638400,652.96,658.21729,635.53177,638.1016,7.75757508,122
1392681600,639.69685,652.50738,636.05542,642.89933,9.09736711,100
1392724800,639.16,640.0,623.0,636.5201,11.74737283,106
1392768000,634.9328,634.9328,602.90667,629.6163,10.52751309,47
1392811200,630.18442,640.0,630.16179,630.16179,2.47592301,48
1392854400,631.74114,641.3624,593.65854,598.0,30.12117206,270
1392897600,598.0,600.0,561.14602,561.14602,22.43436443,217
1392940800,567.26572,597.05351,547.72277,582.3244,17.26434305,242
1392984000,595.40328,595.55844,551.92505,572.2744,8.52564678,45
1393027200,580.86,591.38832,567.54517,573.24193,3.76184964,41
1393070400,575.13,620.9,575.13,610.04308,9.49552838,110
1393113600,610.11854,650.27996,600.91198,625.86069,17.60759044,115
1393156800,627.00539,635.67567,604.61401,616.88,3.43256503,64
1393200000,610.97061,616.90079,570.0,589.0,14.20467093,232
1393243200,589.0,589.0,540.63608,572.0,15.49331074,134
1393286400,565.38324,568.09339,450.0,512.98364,25.51488488,350
1393329600,512.98364,543.92888,500.0,535.59831,34.62879982,245
1393372800,540.89861,625.0,540.89861,597.20279,86.43701664,357
1393416000,603.11268,650.0,575.0,587.27133,19.49488426,391
1393459200,599.00654,620.0,582.44303,582.44303,15.89768143,385
1393502400,593.25633,629.9,580.5,596.48629,29.86901221,186
1393545600,589.08864,596.50917,575.5,584.40106,8.89665102,90
1393588800,580.40106,599.0,570.0,573.94119,20.42422629,128
1393632000,570.0,605.0,550.0,585.0,5.87821167,44
1393675200,585.00001,587.67377,566.34813,575.0,2.16346942,40
1393718400,575.0,588.079,575.0,588.079,0.32833751,5
1393761600,578.20277,588.079,572.41339,578.0,1.83335682,20
1393804800,583.73562,595.7831,583.73562,588.055,15.51744741,36
1393848000,595.7831,700.0,588.066,666.9435,52.32664719,264
1393891200,675.0,720.0,661.47675,688.688,19.08281579,242
1393934400,696.12129,709.87965,665.92,680.6,8.63857749,99
1393977600,680.6,690.17141,660.01,672.91959,2.74674687,47
1394020800,675.0,681.07468,670.0,680.99,2.48337967,11
1394064000,670.01,681.07,668.61114,680.99,1.58083062,15
1394107200,668.0,693.0,660.1,666.70413,5.83148422,48
1394150400,670.0829,680.463,650.0,658.52388,4.61082722,47
1394193600,658.73393,661.4265,628.73046,636.20048,6.24462235,79
1394236800,648.91429,667.98953,629.26137,648.0,1.39961681,33
1394280000,635.47844,660.0,623.0,636.0088,2.79952685,37
1394323200,642.401,642.411,642.401,642.411,0.95079892,5
1394366400,642.411,658.0,629.05259,647.9349,1.06668266,19
1394409600,641.99,684.5,631.37459,639.19927,3.80688236,55
1394452800,657.5906,657.5906,630.0,642.0757,2.50076596,57
1394496000,646.93423,656.85761,646.86503,646.86503,0.74686177,5
1394539200,641.98436,665.93423,560.0,641.0,17.73968782,102
1394582400,648.14505,660.0,550.275,641.0,4.03371274,48
1394625600,642.51782,659.29747,628.66978,632.31094,4.28238186,109
1394668800,644.429,657.99101,638.83712,649.86004,0.77873089,14
1394712000,641.96998,653.39758,620.0,653.39758,3.60854233,30
1394755200,653.39758,653.39758,653.39758,653.39758,13.45606517,15
1394798400,642.0724,654.91385,550.0,631.23955,11.17502746,41
1394841600,631.25,645.99,631.25,645.99,2.82858695,9
1394884800,646.0,646.0,618.29313,646.0,0.36987438,23
1394928000,646.0469,652.0,639.64724,639.64724,0.07656089,4
1394971200,639.0,651.95,639.0,651.95,7.54293475,14
1395014400,641.14149,641.14149,628.51222,628.51222,0.1059751,5
1395057600,628.50222,637.73128,616.00101,637.73128,1.8024804,10
1395100800,628.0,633.989,615.0,615.0,1.79502975,32
1395144000,621.37304,627.59998,610.01,619.78308,7.25378165,30
1395187200,622.0,633.663,615.22461,615.25461,2.99215702,23
1395230400,615.05788,620.062,612.22,620.062,2.53640642,23
1395273600,621.08659,625.01788,600.54013,600.54013,3.22796487,47
1395316800,600.0,610.09156,590.0,590.0,4.59993877,47
1395360000,590.0,615.22654,580.0,585.00001,8.8024655,116
1395403200,585.0,604.99,580.0,590.0,7.46853465,169
1395446400,590.0,590.0,554.33757,567.04554,5.83248324,88
1395489600,572.65703,596.0,554.05,572.29918,6.00557638,67
1395532800,576.36897,596.0,566.35804,566.96271,0.81972315,27
1395576000,566.96271,575.96591,566.96271,568.53521,0.49901593,19
1395619200,574.22,574.22,554.50454,570.0,3.09816749,25
1395662400,572.79238,592.53871,572.79238,585.40025,2.58664772,25
1395705600,584.0,591.14973,579.0,579.0,1.2472122,13
1395748800,585.22075,591.02219,579.0,584.0,4.73070208,18
1395792000,579.05,592.11093,579.0,592.11093,8.38290117,55
1395835200,592.10092,641.14149,583.3401,585.0851,4.69824878,44
1395878400,585.1,599.27378,567.91917,575.0289,4.74749481,64
1395921600,565.50523,575.00889,500.01,512.7888,30.56627554,345
1395964800,507.71418,550.92871,500.0,521.10007,20.03938548,172
1396008000,525.0,553.0,510.0,516.48107,23.6495859,166
1396051200,511.37991,518.0,507.0,518.0,1.96509016,27
1396094400,512.0,515.0,505.0,514.99,4.14281778,22
1396137600,506.17549,506.17549,475.89338,484.43092,15.02679605,350
1396180800,484.43092,489.22969,436.07375,462.47601,18.21242547,465
1396224000,468.76285,530.0,447.0,447.56,12.56768812,138
1396267200,452.21083,484.55514,443.35,462.38593,5.01892051,65
1396310400,465.33984,503.23111,465.2,496.93149,7.81824314,47
1396353600,492.06,502.0,471.29454,489.0,12.4287563,105
1396396800,489.0,497.1468,484.25017,497.1468,9.64595,19
1396440000,490.58844,497.14178,443.625,443.625,2.75971408,57
1396483200,440.01,452.03,430.0,447.08095,7.77167655,72
1396526400,447.08095,463.7,426.45421,461.85,9.02512643,73
1396569600,454.06034,463.7,440.0,458.05,13.72292372,205
1396612800,462.58718,550.0,444.9931,458.84148,6.1559131,77
1396656000,453.38455,459.0709,447.56953,455.46929,0.434754,9
1396699200,458.31194,467.85,458.31,467.85,0.50939087,11
1396742400,467.838,469.43834,458.81157,458.83,3.13304716,18
1396785600,458.82,461.81827,450.0,461.81827,1.98390494,10
1396828800,465.49125,465.49125,465.49125,465.49125,0.00194577,1
1396872000,465.0,475.32049,450.0,462.07946,7.08442107,40
1396915200,465.8142,465.8242,456.76918,458.76927,1.88600723,37
1396958400,456.53718,458.87469,450.0,458.87469,1.58274372,9
1397001600,459.21387,462.09031,453.22872,457.71841,0.24148989,9
1397044800,451.33761,461.99,450.0,452.99853,0.89070215,8
1397088000,450.01,450.01,416.10142,424.95,9.97178962,44
1397131200,424.96325,425.54357,368.13673,371.7835,7.24850162,72
1397174400,368.10427,583.75327,353.75804,442.86987,11.75127252,184
1397217600,439.50735,439.50735,429.99,431.0,6.30315047,23
1397260800,431.01,450.0,431.01,447.47864,6.89509122,27
1397304000,445.33714,449.68645,429.01001,448.0,1.85562377,19
1397347200,429.00001,445.97999,425.27026,430.0,2.23207,13
1397390400,430.0,430.41525,407.07491,429.7899,7.08341393,14
1397433600,411.33828,480.06527,411.33828,450.0,40.55343854,132
1397476800,445.0,472.94609,444.50001,451.05736,2.1375149,31
1397520000,472.77984,515.25547,450.49878,506.36539,4.09541829,58
1397563200,506.36539,573.66927,467.00101,535.11388,26.94608266,472
1397606400,529.81309,544.56794,490.55578,523.86761,17.82307725,125
1397649600,518.67824,535.29141,509.62413,523.53017,33.43377474,105
1397692800,523.53017,530.35862,497.0,497.0,11.66383712,64
1397736000,497.0,526.16386,495.53036,503.84789,4.41275792,88
1397779200,504.60219,515.0,487.80279,489.06945,9.57366849,73
1397822400,484.22958,502.74,477.19035,485.37368,21.91639781,69
1397865600,485.5939,500.0,479.95971,491.99204,3.15895,14
1397908800,499.99999,525.28225,499.99999,504.49054,7.81048779,60
1397952000,506.21045,506.21045,506.16899,506.16899,0.41,4
1397995200,504.33038,510.0,500.0,504.73422,1.130555,12
1398038400,507.0,517.31024,505.4455,505.4455,2.49887096,22
1398081600,501.56962,506.52814,485.0,496.41683,14.83377472,32
1398124800,501.33676,510.49,501.13021,510.21586,3.25181347,17
1398168000,501.13021,505.32123,484.62239,489.72443,4.23786347,27
1398211200,492.85243,497.73461,490.0,494.0,3.89308269,31
1398254400,490.76558,495.61699,489.0,495.61699,3.12874357,5
1398297600,495.0,495.0,490.00001,495.0,3.41819,10
1398340800,495.0,503.48132,495.0,503.48132,0.17026262,8
1398384000,496.68623,496.68623,448.99999,453.66356,20.82396239,113
1398427200,453.7,476.18197,453.7,471.43037,7.09003605,59
1398470400,466.81001,466.81001,456.75,456.75,1.7159585,21
1398513600,462.1052,472.13557,462.1052,463.70172,1.12961535,8
1398556800,463.6817,463.6817,458.22467,462.8468,1.30989647,7
1398600000,453.7812,453.7812,435.0,435.0,2.44215716,28
1398643200,435.0,442.07867,429.0854,435.84711,3.44088922,59
1398686400,442.00757,455.0942,435.84711,444.09466,1.83950959,32
1398729600,444.09466,451.774,435.6527,450.89555,6.47077384,34
1398772800,454.621,454.62328,439.7823,445.67967,0.84025572,8
1398816000,450.08456,450.09456,441.23028,445.60112,0.68518684,8
1398859200,445.60112,452.82438,445.60112,448.34318,8.37247244,24
1398902400,448.0,459.61935,448.0,451.02439,5.48040115,26
1398945600,450.49408,464.41767,450.49408,459.32469,9.0290449,29
1398988800,456.08044,456.08044,450.27867,454.22665,1.35570265,11
1399032000,446.49411,455.16381,446.49411,455.16381,5.72014219,9
1399075200,450.279,452.07737,437.28524,437.28524,3.79146658,16
1399118400,438.0,445.73405,432.4255,441.03514,4.71207448,37
1399161600,436.71066,445.40401,432.35927,432.35927,0.98361209,11
1399204800,432.34927,441.99999,431.16639,441.99999,0.78807863,16
1399248000,436.59405,436.59405,429.6625,436.55555,2.47651204,20
1399291200,436.55555,439.99999,429.18,429.18,3.18087241,19
1399334400,429.18,437.0,422.19,433.9512,3.99738725,67
1399377600,431.70995,439.68974,430.8537,431.86952,1.7485677,43
1399420800,431.86951,440.0,431.61274,440.0,1.65101106,21
1399464000,440.0,452.74422,440.0,441.88615,18.70998941,35
1399507200,446.26122,451.99976,442.08001,442.08001,5.61042753,19
1399550400,441.81,448.53227,441.809,448.26174,0.1778967,6
1399593600,441.809,441.809,441.809,441.809,0.2038,4
1399636800,450.63424,459.22214,445.34002,450.62503,3.89007172,50
1399680000,450.62503,458.0,446.54671,450.52514,1.2447383,14
1399723200,450.52514,454.98804,446.0967,454.98804,4.23059617,13
1399766400,450.48544,450.48544,446.2,446.2,0.69522902,12
1399809600,446.02739,446.02739,432.87805,441.49669,10.83359771,45
1399852800,437.12758,440.0,432.21299,440.0,1.04816365,7
1399896000,440.0,445.22171,436.52359,440.81786,6.1433817,35
1399939200,444.7599,444.7599,436.4555,436.4555,1.47462206,5
1399982400,436.44999,440.779,436.44999,440.779,3.03204,25
1400025600,440.779,445.14534,440.779,445.14534,0.3802577,9
1400068800,445.22,445.52,440.78,445.52,0.49086965,9
1400112000,440.89002,445.66314,440.89001,441.28379,2.86496594,12
1400155200,442.72524,449.58704,442.72524,449.58704,0.15365002,3
1400198400,447.1,451.00001,447.1,447.1,5.54794801,21
1400241600,453.83236,453.83236,453.83236,453.83236,0.04217762,3
1400284800,450.53999,450.53999,450.53999,450.53999,0.00201549,1
1400328000,446.20001,453.83236,446.20001,453.83236,0.20412,7
1400414400,448.25001,453.80005,445.56,445.56,2.57977675,37
1400544000,449.995,459.82525,449.995,455.72669,6.33839247,26
1400587200,455.72669,498.83996,454.58474,493.42751,18.93690817,96
1400630400,493.77,497.66941,490.84583,490.84583,3.49521,24
1400673600,496.99999,496.99999,492.14736,494.77454,0.74322949,10
1400716800,494.77454,530.0,494.77454,508.0,27.83647343,115
1400760000,508.0,530.0,508.0,530.0,5.01367368,72
1400803200,530.0,541.90254,520.74733,536.30952,6.60918456,89
1400846400,541.61685,548.05423,515.31152,521.46849,8.20625853,72
1400889600,520.3605,528.42033,515.20587,520.2487,0.6158174,9
1400932800,520.2487,529.99999,520.24869,529.99999,2.00179307,26
1400976000,529.99999,581.27667,529.99999,571.76088,10.29674918,113
1401019200,571.76088,589.0,551.0,574.04983,5.52847084,71
1401062400,570.88904,589.10847,563.67667,583.50504,7.67831603,68
1401105600,583.50504,583.50504,577.0,583.19989,3.27028482,28
1401148800,583.2099,594.64098,538.83992,538.83992,15.46847524,145
1401192000,565.86963,589.16,560.19548,575.53537,11.5107775,146
1401235200,576.56534,582.26106,570.52367,570.85399,1.4933248,10
1401278400,570.85399,589.16,565.21589,575.83232,3.95173161,42
1401321600,576.26171,576.26171,564.90155,570.40167,0.84218637,13
1401364800,570.4918,570.4918,570.4918,570.4918,0.56059,4
1401408000,570.49181,595.0,566.15006,593.28351,8.42516649,23
1401451200,598.93144,628.60534,592.85237,616.0802,9.74826216,110
1401494400,611.7129,627.42576,603.86986,627.30808,1.80256257,20
1401537600,624.54147,629.0355,618.05078,629.0355,17.56428205,17
1401580800,627.0,649.96997,627.0,640.71007,5.8145682,30
1401624000,644.51683,673.37263,621.79217,628.96746,27.27886476,193
1401667200,633.74909,640.24623,621.79217,637.98967,3.51266023,39
1401710400,637.76649,672.63919,632.53252,660.0,8.7958534,35
1401753600,663.29883,672.16901,652.26309,652.26309,4.75070597,28
1401796800,658.71452,677.90898,658.71452,671.42938,9.93330565,29
1401840000,665.4967,665.4967,525.0,632.17162,51.97072428,107
1401883200,644.18206,656.56161,640.46482,650.47674,7.19236283,23
1401926400,650.47674,650.47675,650.44672,650.44672,4.029608,4
1401969600,650.46672,669.74995,650.46672,657.01,11.13416886,22
1402012800,657.01,660.0,655.0,660.0,5.027484,34
1402056000,659.99,659.99,653.40266,653.40267,0.39268539,5
1402099200,655.3008,655.3008,636.68008,644.97022,3.14959159,18
1402142400,656.50859,659.8,656.50859,659.8,1.44260316,3
1402185600,650.06533,659.8,650.02533,659.8,0.10229704,3
1402228800,659.8,659.8,646.001,656.43773,0.79919044,8
1402272000,654.51524,655.40593,636.50109,655.40593,2.09028861,14
1402315200,655.38593,655.38593,643.43801,643.43801,2.54911252,28
1402358400,643.43801,657.71523,643.43801,649.6042,6.27888989,18
1402401600,649.6042,649.6042,646.88986,646.88986,0.85005425,6
1402444800,649.93241,649.93241,636.78829,636.78829,6.04276226,16
1402488000,641.00001,642.08992,617.99453,617.99453,13.56099599,96
1402531200,630.34421,637.06225,624.03337,633.26631,29.27281454,11
1402574400,635.80535,635.80535,552.00001,571.13506,48.02261454,327
1402617600,582.39999,617.306,573.13014,605.54211,13.98106296,149
1402660800,611.53457,611.53457,572.51819,589.68386,4.12062854,65
1402704000,583.86257,595.45912,565.9091,581.96198,5.59441768,74
1402747200,581.81199,600.0,542.96197,565.181,11.04316157,159
1402790400,573.27782,573.52645,551.20589,567.73258,9.86318936,51
1402833600,563.90154,595.38177,534.2759,595.38177,24.34746549,81
1402876800,589.48399,612.91177,589.48399,609.95247,4.69327694,82
1402920000,603.91037,603.91037,574.17532,597.137,5.5298935,36
1402963200,597.13702,601.503,586.25,601.503,0.4126563,8
1403006400,596.0,608.98256,596.0,608.974,2.38911131,19
1403049600,609.204,625.0,603.41,608.73424,8.74802341,77
1403092800,611.79012,611.79012,603.58938,605.88912,1.25440624,12
1403136000,603.4,627.05395,602.82056,612.16906,3.17904498,29
1403179200,608.4376,613.91311,594.115,595.93062,5.22695195,35
1403222400,595.80203,599.25699,578.508,590.97799,3.0302693,27
1403265600,590.39199,602.794,585.15347,593.90308,2.77938353,22
1403308800,589.92084,596.263,588.39783,596.263,0.23017334,4
1403352000,586.96201,598.50479,581.093,590.5874,0.53403563,6
1403395200,584.748,602.33414,584.748,602.20401,8.29353508,39
1403438400,599.999,599.999,596.23865,596.23865,0.05027298,2
1403481600,590.36701,590.36701,584.4846,590.25699,2.10426318,18
1403524800,588.0,590.26865,584.42153,584.42153,0.53085223,6
1403568000,590.202,590.202,584.0,589.53199,0.76836141,12
1403611200,589.53199,595.22794,576.12935,586.15372,2.08239216,31
1403654400,575.0,575.00001,563.05527,563.05527,21.38980152,93
1403697600,568.5132,574.23775,557.432,564.425,7.83953377,71
1403740800,568.44301,572.3031,568.44301,572.3031,1.82402,3
1403784000,572.3131,583.2618,572.3131,575.93045,0.94954002,9
1403827200,585.51881,586.27513,575.35,580.46757,1.52727178,17
1403870400,576.06001,599.99999,576.06001,597.69266,20.23514373,63
1403913600,596.77207,601.59802,590.86051,601.59802,2.03792794,12
1403956800,590.758,604.382,590.21281,590.21281,2.41903693,12
1404000000,596.05353,602.302,596.05353,602.302,0.34781782,4
1404043200,590.49014,590.49014,589.76385,589.76385,0.33278,2
1404086400,587.724,638.62251,587.724,632.335,13.3269327,83
1404129600,620.09155,645.00088,616.853,637.0,5.64997975,23
1404172800,644.9,645.00411,634.164,645.0,3.39408928,21
1404216000,649.0,657.83319,637.71932,640.0,9.35447377,23
1404259200,638.0,648.92596,638.0,648.92596,4.19052,20
1404302400,649.99999,658.87046,645.76992,646.57973,20.63292188,19
1404345600,644.50278,654.06285,638.8895,654.06285,4.61992665,11
1404388800,654.08959,655.08161,640.90098,647.52335,8.70052427,35
1404432000,647.52335,652.78999,622.59501,630.76472,2.67786797,23
1404475200,634.67978,635.25253,628.33481,635.25253,0.28177577,12
1404518400,628.267,634.607,618.0,634.607,3.28098633,13
1404561600,622.82384,628.98732,622.42225,628.98732,0.4599774,4
1404648000,629.5,639.48798,629.09801,629.09801,2.24834956,6
1404691200,627.62401,638.973,627.62401,638.973,0.53384593,7
1404734400,627.22664,632.46501,614.74121,625.98859,5.93241687,30
1404777600,620.75041,626.74333,616.59936,616.59936,1.11656825,17
1404820800,614.74195,626.87452,614.74195,617.03703,0.32213106,4
1404864000,615.35044,615.35044,615.35044,615.35044,0.03217727,2
1404907200,626.96524,627.89636,626.96524,627.89636,1.60035909,4
1404950400,632.10834,632.10834,620.75462,620.75462,0.45838848,3
1404993600,614.67181,623.09496,614.47299,614.47299,0.18430696,10
1405036800,618.0,618.0,618.0,618.0,0.23311,2
1405080000,625.52355,629.4561,614.81343,629.4561,1.2702853,11
1405123200,631.64564,633.5,631.58744,631.58744,0.29121972,4
1405166400,639.34147,639.38158,632.0,639.38158,0.43344082,7
1405209600,632.0,653.49,625.28785,626.49085,0.87342695,18
1405252800,639.0,639.0,626.50085,626.50085,0.13734,2
1405296000,629.95001,632.67046,620.45508,632.67046,0.29660668,8
1405339200,620.28485,629.64954,618.14322,626.23343,1.04777687,15
1405425600,620.02698,620.02698,620.02698,620.02698,0.18,2
1405468800,620.02697,626.16276,620.0,626.16276,4.43902955,4
1405512000,613.98945,625.22399,612.89942,625.22399,2.96815491,18
1405555200,625.224,630.00997,610.34746,612.76639,0.84501068,18
1405598400,624.94561,624.97989,624.94561,624.97989,0.11804833,2
1405641600,624.55999,624.55999,618.80523,618.80523,0.12705081,2
1405684800,618.75501,628.99999,615.17054,625.999,12.16241976,10
1405728000,628.99999,628.99999,628.99999,628.99999,0.12680445,1
1405771200,628.99999,630.0,628.99999,630.0,1.4324,4
1405814400,629.99899,629.99899,619.0,619.0,0.50676663,7
1405944000,629.76875,629.76875,629.76875,629.76875,0.00063515,1
1405987200,618.68819,618.68819,618.68819,618.68819,0.00016665,1
1406030400,618.68818,618.68818,618.68818,618.68818,8.4402,5
1406073600,623.98,623.98,623.98,623.98,0.16726497,1
1406116800,616.00002,618.62146,610.0,618.62146,7.32856017,7
1406160000,612.5,623.43078,610.001,610.001,1.19999964,7
1406203200,610.0,610.0,593.86453,605.63646,16.52326422,44
1406246400,600.00001,623.22268,593.8005,604.36448,8.65118094,116
1406289600,596.08217,596.08217,596.08217,596.08217,0.02,1
1406332800,596.21431,607.95528,593.801,601.80355,2.76025938,21
1406376000,595.84218,600.0,593.801,600.0,2.302523,11
1406462400,600.0,600.0,600.0,600.0,0.1545,1
1406505600,593.80101,599.99999,580.0,580.0,2.47144513,55
1406548800,580.00001,591.90124,574.57864,591.90124,1.62128971,32
1406592000,586.5,586.50001,586.5,586.5,0.82104,4
1406635200,586.5,597.66468,575.0711,583.20902,1.85724707,31
1406678400,577.44182,588.98043,577.43181,577.43181,10.24203685,9
1406721600,577.43181,585.42336,566.75121,566.75121,1.42706406,27
1406764800,573.13807,573.88919,573.13807,573.88919,0.11308891,2
1406808000,573.88919,591.9492,567.62816,590.1668,32.9338705,63
1406851200,590.09699,594.38624,584.77374,584.77374,2.00451918,7
1406894400,596.45889,602.36146,596.4,596.4,1.04129764,5
1406937600,596.4,601.18073,590.50671,601.18073,2.3558265,11
1406980800,590.48671,590.48671,590.4867,590.4867,0.21620845,6
1407024000,594.80131,594.80136,578.85629,578.85629,1.78503459,6
1407110400,579.32951,592.18419,579.32951,592.18419,3.86716925,7
1407153600,596.2458,596.2458,584.57432,596.24532,0.2431591,3
1407196800,584.57433,598.03405,584.57433,590.16945,7.97965471,10
1407240000,584.57432,584.57432,579.00019,579.00019,1.06269209,5
1407369600,584.26767,589.97956,579.04634,579.04634,0.44685902,4
1407412800,579.09851,593.00001,577.23864,580.58354,16.36328753,46
1407456000,589.74092,589.74093,589.74092,589.74093,0.31414744,6
1407499200,590.0,590.0,583.91906,590.0,0.11311554,4
1407542400,583.93908,583.93908,578.13503,578.13503,7.11248524,10
1407585600,589.67731,590.0,589.67731,590.0,0.69160191,3
1407628800,590.0,590.0,590.0,590.0,0.22202183,1
1407672000,595.35548,595.35548,583.24163,583.24163,1.43669285,5
1407715200,589.61366,589.61366,578.06263,578.06263,0.3217152,2
1407758400,578.07001,595.36446,572.76593,572.76593,0.15619882,9
1407801600,572.76593,577.48324,567.99,567.99,3.76660052,11
1407844800,566.99001,579.99771,566.99001,579.99771,0.0525192,4
1407888000,571.70103,571.70103,550.0,550.0,3.20510008,32
1407931200,550.0,550.0,531.63618,535.08056,1.14411151,15
1407974400,535.00001,535.00001,505.0,505.0,7.40181296,84
1408017600,520.0,553.8341,501.0,523.75872,24.42640386,172
1408060800,525.0,530.0,505.01,521.0,20.97656923,175
1408104000,509.0,529.99999,501.0,529.99999,2.98063032,20
1408147200,501.1,529.84999,500.0,529.84999,9.31506785,98
1408190400,529.85,529.85,501.01001,503.52,1.69564144,17
1408233600,514.0,535.0,503.99,503.99,2.02179279,23
1408276800,503.99,539.99462,500.0,500.0,0.62954443,9
1408320000,500.00001,505.0,474.47581,479.99999,25.02919017,78
1408363200,470.0,479.99983,455.0,455.0,3.52048622,34
1408406400,479.99799,494.99999,460.3,494.99999,44.46923854,59
1408449600,460.32003,500.5,460.31002,474.02001,33.28655298,297
1408492800,495.0,500.0,477.0,480.001,10.59053907,131
1408536000,505.0,530.0,505.0,530.0,2.93998648,11
1408579200,530.0,530.0,529.99999,529.99999,0.44513465,5
1408622400,529.99824,529.99824,500.00642,505.0,4.17625683,5
1408665600,529.96506,529.96506,529.95419,529.95419,0.64537934,7
1408708800,529.95376,529.95385,482.21557,529.95385,8.9752063,15
1408752000,529.95437,529.95437,529.95437,529.95437,0.323806,2
1408795200,497.0,527.99998,482.27458,524.99999,0.24009,7
1408881600,524.87999,524.87999,524.87999,524.87999,0.7,1
1408924800,500.0,524.87998,490.10042,524.87998,6.76,57
1408968000,495.0046,516.11742,495.00459,516.11742,20.1,187
1409097600,524.85421,524.85421,524.85358,524.85358,1.312091,3
1409227200,495.08275,495.08275,495.08275,495.08275,0.02382,1
1409270400,524.78733,524.78739,524.78733,524.78733,0.343097,5
1409313600,524.87551,524.87551,524.87543,524.87543,0.17473,2
1409400000,495.25973,524.76998,495.25973,524.26603,0.45841051,3
1409443200,495.26149,495.26149,495.00001,495.00001,1.58033571,15
1409486400,495.00001,509.98296,490.5,509.98296,4.03170374,21
1409529600,490.01,490.01,490.01,490.01,0.09953429,1
1409659200,524.76939,524.76939,524.76939,524.76939,0.00003811,1
1409788800,475.00156,475.00158,475.00155,475.00158,0.73699991,15
1409832000,475.00081,475.00651,475.00081,475.00651,2.67305847,22
1410004800,524.77,524.77,524.77,524.77,0.176851,1
1410091200,500.0,500.0,480.00001,480.00001,1.24003,6
1410134400,524.77,524.77,480.0,480.0,5.75215543,15
1410177600,480.0,488.76711,465.00143,488.76711,35.38848393,230
1410264000,465.00415,475.0,465.00415,475.0,0.50774803,2
1410307200,475.00001,475.00001,475.00001,475.00001,0.02,2
1410436800,475.00013,475.00013,475.0,475.0,1.01078477,6
1410566400,474.76999,474.77,474.76999,474.77,0.13546559,4
1410609600,474.77,474.77,474.77,474.77,0.01369441,1
1410696000,490.0,490.0,490.0,490.0,0.21201223,2
1410739200,475.00001,475.00001,475.0,475.0,1.07923263,3
1410782400,465.00781,465.00781,465.00781,465.00781,2,1
1410825600,499.98933,527.99987,470.00001,470.00001,0.04462651,3
1410868800,482.0,494.89,465.0,465.00001,2.71857638,12
1410912000,465.00001,465.00001,465.0,465.0,2.42,25
1410955200,455.00001,460.99999,445.00001,445.00001,2.72001826,32
1410998400,455.99999,455.99999,455.99999,455.99999,0.00340877,1
1411041600,445.00001,503.18147,400.0,503.18147,18.11859015,165
1411084800,400.0,400.0,390.83664,390.83664,1,10
1411128000,400.0,400.0,375.93621,375.93621,0.5,8
1411171200,466.666,466.666,406.23092,406.23092,0.10072857,2
1411214400,385.00001,385.00001,385.00001,385.00001,0.05519,1
1411300800,450.0,450.0,385.01001,385.01001,1.2,13
1411344000,424.99784,425.0,385.0301,385.0301,5.1,24
1411387200,390.5002,404.82901,295.0,404.82901,19.07732817,119
1411473600,425.0,452.99999,420.01001,420.01001,7.70277355,71
1411516800,420.02001,449.18,412.33637,433.15178,3.287,20
1411603200,413.00001,415.0,397.01001,397.01001,4.50108142,46
1411646400,397.0,397.0,397.0,397.0,0.01,1
1411862400,446.02134,449.99795,387.62584,449.99592,10.16926916,43
1411905600,390.00035,390.00035,390.0,390.0,0.61,7
1411948800,393.99982,393.99982,393.99982,393.99982,0.01639,1
1411992000,370.00545,393.0,370.00545,370.94491,0.69915983,5
1412035200,370.1167,370.1167,370.1167,370.1167,0.00135092,1
1412078400,376.41002,393.21657,376.41001,380.02001,6.67790531,8
1412121600,390.0,390.0,390.0,390.0,2,19
1412208000,380.05005,380.05005,380.05005,380.05005,0.024,1
1412251200,378.8,378.8,370.10001,370.11002,0.251,3
1412294400,389.51342,389.97999,372.83894,372.83894,4.1,8
1412337600,370.11018,370.11018,355.0,355.0,16.17,76
1412380800,359.97997,369.6289,350.82859,369.6289,6.17086436,29
1412424000,350.0,350.0,322.11186,322.11186,31.93805961,61
1412467200,315.15148,315.35265,304.22355,315.35265,4.83,11
1412510400,319.92018,330.0,273.32564,330.0,13.89145726,51
1412553600,320.00001,330.0,300.0,329.91993,45.4362385,204
1412596800,329.92995,349.84513,329.92994,349.84513,7.96965832,81
1412683200,315.06119,341.70602,315.06119,341.70602,0.421,7
1412726400,348.95949,350.0,348.95949,349.99999,4.42802581,47
1412769600,349.89989,370.0,349.88988,370.0,5.47171192,56
1412812800,335.46848,380.0,335.16179,380.0,9.46295391,69
1412856000,390.0,399.996,355.0,370.19002,18.65224414,23
1412899200,366.99999,375.20702,363.0,375.20702,5.59528,37
1412942400,378.98999,378.98999,355.5917,355.5917,2.18243339,4
1412985600,378.82957,378.82958,378.82957,378.82958,0.027,2
1413028800,361.33928,378.99999,357.17516,357.17874,0.43476373,10
1413072000,359.53202,359.53202,352.83413,352.83413,0.03803371,3
1413115200,366.6756,379.97,355.22142,379.97,16.60770971,27
1413158400,370.10392,380.0,370.10021,380.0,5.73249,15
1413201600,383.60843,400.0,374.88057,400.0,15.10047055,28
1413244800,400.0,418.98998,400.0,401.99799,27.87644751,28
1413288000,401.99799,411.25545,395.27823,411.25545,1.85324559,16
1413331200,395.04332,395.04332,393.85447,395.03603,2.69,4
1413374400,399.99599,400.30913,385.47712,400.30913,8.53832406,20
1413417600,398.38752,398.38752,382.09524,388.81915,9.95419864,17
1413460800,390.18716,390.18716,374.61003,389.14365,6.13,14
1413504000,385.8576,385.8576,376.73067,381.0105,0.05216063,5
1413590400,371.00373,395.79193,371.00373,395.79193,0.95977536,14
1413806400,391.24176,391.24176,391.24176,391.24176,0.05,1
1413849600,390.57523,390.57525,371.00001,389.11624,1.10365507,10
1413892800,371.37101,391.58111,371.37101,391.58111,9.13159999,44
1413936000,391.58111,393.49234,371.37843,393.49234,2.31018827,6
1413979200,372.88108,388.70532,371.37845,388.70532,0.038,3
1414022400,374.0,374.0,365.0,365.0,9.33253549,18
1414065600,365.0,368.63955,365.0,368.63955,2.62,2
1414108800,368.36564,368.36564,355.0,361.01035,2.63544266,6
1414152000,361.00036,373.69072,361.00036,373.34819,4.96727949,26
1414195200,363.00001,363.00001,355.0,355.0,6.71523943,6
1414238400,357.17647,359.51172,357.17647,359.51172,1.0979611,7
1414281600,360.0,384.71905,360.0,384.71905,2.705,15
1414324800,362.69239,362.69239,362.5,362.5,3.41594841,3
1414411200,368.15412,368.15412,364.3,364.3,0.04323896,3
1414497600,352.01024,365.12521,352.01024,365.12521,0.58976373,4
1414584000,350.00001,350.00001,335.00987,335.06565,8.87321215,19
1414627200,335.00167,338.0,335.0,338.0,5.36734913,5
1414670400,344.28499,350.0,344.28,346.02084,2.19306258,18
1414713600,344.29,344.29,344.29,344.29,0.01404,1
1414756800,347.95,347.95,347.95,347.95,0.02155,1
1414800000,340.09209,340.15346,340.0,340.0,1.25326956,9
1414843200,325.18843,325.18843,320.00001,320.00001,4.41031578,7
1414886400,320.00001,325.18843,320.00001,325.18843,0.07096566,2
1414929600,325.18352,325.18352,323.93959,323.93959,0.04443397,2
1414972800,325.18843,325.18843,325.00001,325.00001,4.54441786,8
1415016000,325.0,325.0,325.0,325.0,0.4242,1
1415059200,325.0,329.63699,325.0,329.63699,7.0753294,12
1415102400,329.63699,330.0,325.0,325.0,9.79311,8
1415145600,329.9967,342.11466,329.9967,330.834,9.36678417,29
1415188800,348.20467,348.20467,328.20467,328.20467,0.36321,2
1415232000,349.1749,349.1749,349.08703,349.08703,0.02806,2
1415275200,348.0,348.0,348.0,348.0,0.01203,1
1415318400,333.0,348.0,333.0,348.0,2.78292909,10
1415361600,335.58163,347.07869,335.0,347.07869,3.82000168,4
1415404800,341.08607,343.99656,330.16235,343.99656,1.4078408,7
1415448000,343.99656,349.99681,343.99656,349.99681,3.40220828,10
1415491200,347.67065,347.67065,347.67065,347.67065,0.0143239,1
1415534400,347.0,350.0,338.66092,350.0,19.34197739,23
1415577600,350.04915,350.04915,350.04915,350.04915,0.04968426,1
1415620800,351.58433,370.0,351.0,355.0,3.51911972,6
1415664000,367.0,372.63182,360.51753,372.63182,5.23761473,5
1415707200,371.6454,371.69669,371.6454,371.69669,0.185,2
1415750400,383.33812,389.0,379.99,387.94398,8.68120707,13
1415793600,391.74103,430.35988,379.99001,423.48202,210.77975581,182
1415836800,423.28208,450.0,380.00629,418.4497,23.54533134,50
1415880000,436.96164,436.96164,380.0,415.00001,42.33879876,83
1415923200,415.0,417.77095,395.0,395.0,23.16341934,24
1416052800,385.78423,385.78423,378.97188,379.99,10.67866498,29
1416096000,394.99999,394.99999,394.99999,394.99999,0.06013,1
1416139200,379.55697,380.0,379.55697,380.0,1.5,2
1416182400,394.999,411.999,392.7881,409.07683,18.58656838,46
1416225600,412.56679,414.26253,376.0026,400.0,6.68458032,26
1416268800,390.0,395.0,377.0,377.00037,6.84755103,54
1416312000,377.00037,394.98674,370.39134,375.02445,6.38021193,38
1416355200,392.95752,392.95752,392.95752,392.95752,0.03609,3
1416398400,389.99,389.99999,375.33574,389.99799,0.88952078,20
1416441600,389.99797,389.99797,363.25896,363.25896,19.82424599,201
1416484800,374.99976,374.99976,354.32911,354.38194,47.2436518,431
1416528000,350.40522,359.19911,342.65995,359.19911,0.342,6
1416571200,359.0,360.0,359.0,360.0,1.3,3
1416614400,360.0,369.6096,360.0,369.6096,4,22
1416657600,369.99999,369.99999,369.99999,369.99999,0.05,1
1416744000,360.0,370.0,360.0,370.0,4.7640149,29
1416787200,370.0,374.88888,370.0,374.88888,5.23258447,45
1416830400,374.88888,385.00001,372.00001,372.00001,6.008169,14
1416873600,389.99,390.0,389.99,390.0,7.9,17
1416916800,376.49348,389.39509,376.0,376.0,2.232409,7
1416960000,372.0,389.94381,366.4212,389.94381,2.6,24
1417003200,388.83558,388.83559,371.2687,372.87268,16.6376702,73
1417046400,385.68775,385.68775,365.01441,365.01441,0.4253824,3
1417089600,376.90071,376.90071,376.90071,376.90071,1.95647,1
1417132800,380.0,380.0,360.52323,360.54679,22.33836303,190
1417176000,360.56567,387.0,360.56567,387.0,0.935,15
1417262400,386.999,387.0,379.08519,379.08519,4.1988605,20
1417348800,386.31957,386.31957,386.31957,386.31957,0.00159536,1
1417392000,385.35387,386.744,370.13181,386.15075,0.631,30
1417435200,373.27548,380.0,372.52921,374.02594,3.54519,15
1417478400,380.0,385.72228,372.90994,385.72228,2.02242497,7
1417521600,385.46931,386.15427,373.475,375.0971,2.64570206,5
1417564800,375.29089,384.88368,374.00967,384.88368,0.37681869,22
1417608000,374.0,383.73558,371.45606,380.0,22.25168592,47
1417651200,380.0,380.0,369.69661,369.69661,1.433506,17
1417694400,379.7563,379.7563,364.71891,379.74829,2.32952572,7
1417737600,379.74826,380.0,379.74826,380.0,2.48287,3
1417780800,375.18588,375.18589,375.18588,375.18589,2.2,2
1417824000,375.18588,394.59,367.00002,394.59,27.40013073,53
1417867200,371.0,394.59,371.0,374.0,6.768526,14
1417910400,374.0,374.0,370.43133,373.4,0.13966,5
1417953600,373.4,389.97692,370.85965,373.07,0.24212769,12
1417996800,374.56,374.56,360.29399,360.29399,3.81189631,49
1418040000,364.00175,376.05999,362.58001,375.99888,0.77653912,12
1418083200,362.58,362.58,350.0,350.00268,3.93868155,41
1418126400,375.91714,375.91714,342.46027,345.48514,2.64144114,21
1418212800,346.87,357.5,345.55613,345.55613,0.16071,4
1418256000,345.49754,372.12219,342.50162,372.12219,0.736396,9
1418342400,359.99999,360.0,359.99995,360.0,0.20612199,4
1418385600,346.77149,360.0,346.77149,360.0,0.70563058,11
1418428800,359.99921,359.99921,350.0,350.0,32.00958335,4
1418472000,350.0,359.9953,350.0,352.0,1.14445224,15
1418515200,351.39,355.0,350.0,355.0,0.17927,8
1418558400,355.0,358.97728,350.0,350.0,0.425,6
1418644800,350.00002,358.98149,342.0358,342.0358,22.78194508,36
1418688000,358.91536,358.91536,330.16954,341.99999,2.43788421,26
1418731200,357.11963,357.11968,330.09,330.09,2.00774,20
1418774400,330.01751,330.01751,322.0,322.0,9.29897308,70
1418817600,322.0,355.32632,315.02003,329.99159,20.8070344,50
1418860800,332.16906,332.16906,310.0,320.0,5.85794548,45
1418904000,332.05886,365.0,311.00761,311.00761,20.1,76
1418947200,320.0,320.0,310.03348,310.03348,1.11221234,12
1418990400,320.0,368.11872,313.49172,349.9843,1.85322417,13
1419033600,348.99232,348.99232,348.99221,348.99221,0.03,2
1419076800,348.99024,348.99024,330.99999,330.99999,3.50836,6
1419120000,330.99995,334.64022,319.67298,320.32321,37.70189724,104
1419163200,325.01,325.01,325.01,325.01,1,10
1419249600,325.26494,327.06197,325.26494,327.06197,0.58067,3
1419336000,342.07621,342.07621,329.91612,338.74738,0.57162252,6
1419379200,338.55338,338.55338,329.26962,329.26962,2.05704664,7
1419422400,329.25172,330.94,320.38037,320.38037,2.05067241,6
1419552000,320.47921,320.47921,320.47921,320.47921,0.01,1
1419638400,320.04136,320.04136,320.04136,320.04136,0.5,1
1419681600,320.0,320.04136,313.37433,319.0,3.27885938,20
1419768000,319.0,320.04136,313.01017,313.01017,1.87,12
1419854400,321.0,325.0,313.99999,314.76001,29.96773833,96
1419940800,338.95292,338.95292,313.0,313.0,4.55357172,42
1419984000,319.1346,319.1346,319.1346,319.1346,0.0115,1
1420027200,319.13779,319.1378,315.46334,319.1378,9.59369734,81
1420113600,314.02868,324.99787,314.02868,324.99703,0.435,4
1420156800,313.17849,319.99999,313.17849,313.33238,0.6484,7
1420200000,320.0,320.0,315.10954,315.30403,8.2668975,26
1420243200,315.3001,315.3001,305.00002,305.00002,0.49062401,7
1420286400,305.0,319.9338,281.50556,281.50556,55.21096475,284
1420329600,287.5338,297.47622,281.0,281.4262,18.36511725,83
1420372800,281.72935,281.72935,265.86907,265.86907,3.90721816,21
1420416000,269.25518,280.0,269.25518,276.07,39.38254089,26
1420459200,255.17501,277.40419,252.31554,274.47008,27.87639987,201
1420502400,260.00001,293.66025,260.00001,292.96817,0.77011,6
1420545600,275.0,281.15113,265.0,281.15113,2.37102,19
1420588800,269.00001,269.00001,269.00001,269.00001,0.00743014,1
1420632000,280.0,299.99973,280.0,299.99973,7.69994707,86
1420675200,290.00001,290.00001,290.0,290.0,6.2029,4
1420718400,290.0,290.0,283.52532,283.52532,2.1334431,3
1420761600,290.0,292.99457,290.0,292.99457,1.49488971,2
1420804800,282.99689,299.98516,282.99689,299.98516,6.87609143,25
1420848000,288.0,288.0,277.0161,277.0161,37.85195391,39
1420891200,277.0,296.0,274.7275,277.78,11.15996492,24
1420934400,269.13069,269.13069,269.13069,269.13069,0.00027321,1
1420977600,269.15244,269.15244,265.0,265.0,6.88061296,22
1421020800,267.0,291.70037,265.0,278.57361,6.20658886,16
1421064000,263.0301,292.0,263.02003,265.05737,47.70430469,64
1421107200,268.0,268.0,222.01001,239.0,152.74043049,211
1421150400,215.0901,239.99659,215.0901,216.00001,47.96475972,123
1421193600,218.01,230.9919,180.00001,195.0,156.01024448,676
1421236800,192.0,213.9379,175.0,175.0,65.65651025,107
1421280000,175.0,219.99999,175.0,199.05011,57.43802104,161
1421323200,218.49949,236.46589,199.0,218.9994,59.13293933,147
1421366400,209.03003,219.0,195.20001,219.0,27.15343,76
1421409600,211.4429,213.36243,199.89344,213.36243,17.5586,31
1421452800,198.0,202.1725,196.0,200.0,7.6324307,16
1421496000,200.0,200.0,200.0,200.0,1.58379,17
1421539200,200.0,218.99999,199.49585,218.99661,11.87205756,101
1421582400,219.0,220.0,200.3207,219.9754,19.24424,23
1421625600,206.13015,206.13015,206.0,206.0,4.62964,3
1421668800,213.0,213.0,211.01,211.01,2.9098,16
1421712000,211.0,211.0,208.395,208.4,0.44386423,6
1421755200,219.84384,219.84384,219.81882,219.81882,4.772,3
1421841600,206.10107,225.90836,206.10106,224.485,47.35145823,76
1421884800,225.01001,241.01995,225.01001,241.01995,5.26961234,6
1421928000,240.0,240.0,227.02489,228.02561,21.2015465,30
1421971200,228.3432,231.23647,222.6761,222.6761,8.67796611,27
1422014400,228.02046,228.04286,228.02046,228.04286,1.5,2
1422057600,228.02262,228.05782,228.02262,228.05782,1.4891,3
1422100800,242.16401,251.36381,241.22006,248.3225,112.68589046,61
1422144000,250.84099,253.97452,241.28478,253.97452,32.90653449,12
1422187200,252.85827,257.06,245.0,257.06,8.330173,21
1422230400,258.0,307.045,258.0,297.7,52.85651753,73
1422273600,285.02224,290.14971,250.03923,270.0,33.80811926,78
1422316800,248.07348,248.07348,205.00002,248.00002,43.29697533,61
1422360000,250.0,269.10297,248.00002,250.84686,16.14341658,37
1422403200,248.39845,270.95261,248.39845,257.90707,27.016686,62
1422446400,258.46,279.99998,225.01593,247.99527,39.58751787,109
1422489600,245.0,245.0,225.07364,229.99998,6.3454909,20
1422532800,227.0,236.02729,222.27741,231.82976,29.84443347,77
1422576000,235.01,239.36069,232.515,232.515,4.67811485,39
1422619200,231.63791,231.63791,220.00103,220.00103,50.50833852,21
1422662400,229.98215,230.00009,229.98215,230.00009,11.8975841,42
1422705600,239.98083,239.98083,216.68998,216.68998,1.48823506,12
1422748800,216.14762,216.14762,210.00635,210.00635,2.08698553,27
1422792000,214.92,239.98261,214.92,239.98261,3.01784709,4
1422835200,239.96153,239.96153,239.96153,239.96153,0.01004327,1
1422878400,235.0,235.0,223.9399,228.0,5.22410357,51
1422921600,240.0,243.66326,234.99981,243.66326,16.05759,16
1422964800,246.93235,246.93235,231.95995,235.45066,2.41089767,18
1423051200,228.0,228.89529,221.85024,228.89529,15.1706599,55
1423137600,222.0,222.53259,215.25,217.0,17.33634537,41
1423180800,217.0,217.0,215.0,215.0,10.99950783,10
1423224000,218.2,225.0,218.2,221.9156,1.3969017,16
1423267200,218.44062,218.44062,218.44062,218.44062,0.02,1
1423310400,231.57664,231.57664,219.06048,229.65995,1.78878,7
1423353600,229.0,229.0,222.76319,226.11741,5.1,4
1423396800,219.10709,229.2314,218.80695,229.2314,9.15094166,9
1423440000,218.44851,228.95643,215.0,223.81749,16.03614821,14
1423483200,215.15163,222.0569,215.15135,221.2,0.72288386,8
1423526400,219.01,221.915,215.00001,221.915,0.230566,8
1423569600,215.01,215.01,215.01,215.01,3.0595,5
1423612800,215.01015,215.01015,215.01001,215.01001,0.10835,3
1423656000,215.01001,215.01001,205.0,207.2,5.51987066,7
1423742400,219.3,223.99999,219.3,223.99999,2.519,2
1423785600,223.99999,236.90808,207.0,234.14359,46.915324,31
1423828800,232.26339,240.0,232.26339,232.80282,11.87797137,23
1423872000,233.0,249.9408,228.0,241.39751,28.19362983,69
1423915200,229.0,250.0,229.0,250.0,15.81638145,16
1423958400,234.70965,261.13326,234.70697,234.86949,14.9430084,41
1424001600,264.79663,264.79663,228.0,235.2728,33.72535967,41
1424044800,230.9,238.7875,227.6674,234.74834,18.629,12
1424088000,237.99963,250.65756,234.05,250.65756,8.42181394,7
1424131200,232.41754,249.98294,230.29618,249.98294,7.416015,10
1424217600,239.04557,239.04557,239.04557,239.04557,0.3518,1
1424260800,239.76,239.76,230.30013,236.00001,14.59010669,21
1424347200,237.9,244.055,237.9,240.1,6.17358,27
1424390400,242.11099,248.5,242.11099,247.235,5.87183,66
1424433600,246.89,247.0,240.09028,240.09028,34.55416122,27
1424476800,240.12031,240.12031,240.12031,240.12031,0.03775,1
1424563200,247.43614,247.43614,241.17417,246.06,1.14576,13
1424606400,240.71431,240.71431,235.0,235.0,20.2510992,110
1424649600,235.11,235.11,234.08001,234.08001,25.41525175,15
1424692800,234.12101,239.9,234.12101,236.1201,2.63384746,51
1424736000,237.96427,237.96427,237.94427,237.94427,0.87,4
1424779200,238.0,238.0,238.0,238.0,0.01,1
1424822400,240.183,240.183,237.10447,237.1225,4.88425444,16
1424865600,237.64248,237.64248,237.01552,237.01552,1.59439877,2
1424908800,237.05652,237.15935,235.0,237.15935,8.5335206,26
1424952000,235.03007,239.63507,235.0,239.63507,14.18,18
1424995200,239.60403,259.41692,237.9975,250.0,70.27180846,68
1425038400,253.15133,258.16908,246.00001,247.05224,52.49671423,116
1425081600,247.05039,253.4275,244.00001,247.11308,4.945552,58
1425124800,249.0,255.74888,249.0,250.11,40.07979193,399
1425168000,250.11,250.11,247.15523,247.16523,4.33507493,45
1425211200,247.16522,261.4978,240.00576,249.89344,18.55177021,96
1425254400,254.90181,262.0,250.06853,253.16186,3.5929,22
1425297600,261.0,279.99798,253.54233,271.36702,50.09049839,57
1425340800,278.0,279.9977,270.0,270.0,6.76332779,43
1425384000,270.0,280.0947,264.68794,276.45248,18.1655086,93
1425427200,276.52394,282.64956,275.00001,281.60157,8.35609329,35
1425470400,279.73666,285.73048,267.32,274.79073,29.86978036,134
1425513600,272.32736,274.99961,265.83288,268.20696,3.03833633,22
1425556800,272.60377,278.60804,265.17001,272.19753,11.69627434,35
1425600000,269.65122,274.0,269.65122,274.0,7.2661,11
1425643200,274.0,275.4619,260.00005,260.00005,3.42305,16
1425729600,270.0,270.0,269.89856,269.93423,0.18738,3
1425772800,279.98011,279.99575,279.97951,279.99575,3.71716,3
1425816000,270.07622,270.07622,270.07622,270.07622,0.0408,1
1425859200,270.12774,286.88655,270.12774,286.88655,6.35830561,11
1425902400,286.87046,297.50744,274.17526,296.99983,12.41963126,23
1425945600,287.2091,299.55473,287.2091,299.0,24.91167109,47
1425988800,299.999,299.999,291.0,291.0,4.35825211,35
1426032000,291.0,295.0842,289.0,295.0842,1.05496199,8
1426075200,295.0842,299.93926,289.75003,295.6975,35.91345596,67
1426118400,296.93748,296.93748,289.3671,294.97443,7.93068305,48
1426161600,294.17895,294.17895,290.27606,290.27606,0.24719,2
1426204800,290.03538,290.03538,272.0,272.0,66.37687687,30
1426248000,280.0,293.0,280.0,286.99089,12.08465074,30
1426291200,277.53005,283.40507,272.63893,273.0,23.75396841,28
1426334400,284.14544,288.62895,279.57624,282.32767,30.49113904,60
1426377600,287.25,287.25,287.25,287.25,0.00344647,1
1426420800,281.51071,288.0,281.51071,288.0,0.142,8
1426464000,288.0,293.0,287.99999,292.97,7.70104276,18
1426507200,290.5336,294.44402,288.64396,294.44197,25.28425142,21
1426550400,293.99543,293.99543,288.71015,288.71015,2.23248279,4
1426593600,288.73343,294.96033,284.0,288.1992,15.68061,18
1426636800,283.37061,283.37065,267.77221,267.77221,9.90738342,35
1426680000,272.501,272.501,250.00002,257.47999,27.75485621,87
1426723200,253.4492,280.86996,253.4492,280.86996,3.16140566,13
1426766400,256.02748,280.80253,255.00001,255.00001,3.10171189,24
1426809600,270.0,270.0,256.03388,256.03388,0.54345915,3
1426852800,256.06262,272.48632,256.06262,272.48632,0.67086728,16
1426896000,261.67457,261.67457,259.68252,259.68252,0.11973,6
1426982400,258.0598,258.06,258.0598,258.06,0.0293,2
1427025600,258.10886,271.34,258.10886,271.34,18.14962453,37
1427068800,271.99899,271.99899,266.01218,266.01218,0.12941,3
1427112000,271.999,271.99901,263.00001,266.57785,8.95383867,66
1427155200,263.71189,263.73404,255.0,255.0,17.11995321,100
1427198400,255.00001,257.76908,245.00001,247.0,11.70401652,33
1427241600,247.04008,250.99784,237.685,245.25458,9.14272486,29
1427284800,250.99964,250.99964,248.0,250.97809,0.72933241,4
1427328000,250.5,268.99998,250.5,268.99998,13.25772451,16
1427371200,250.04865,268.99892,250.04807,251.8985,0.85925203,5
1427414400,248.57992,248.57992,245.89158,245.89158,0.63886832,5
1427457600,245.0,252.0,242.87629,252.0,0.04603,6
1427500800,247.80743,255.69955,247.80743,255.43271,1.2209,44
1427544000,252.8,255.43491,249.67151,252.5,0.90256956,32
1427587200,250.99973,250.99973,240.43751,240.43751,3.63387233,17
1427630400,243.58837,243.58837,243.58836,243.58836,0.74775,2
1427673600,246.02468,254.10867,246.02468,247.68461,0.56784149,12
1427716800,244.36809,268.99959,240.18791,268.99959,4.08,53
1427760000,249.93732,259.99004,244.42198,244.42198,1.026009,4
1427846400,248.79996,249.24224,241.05751,248.49986,17.299,25
1427889600,241.41952,246.57,241.41196,242.97551,0.51356569,27
1427932800,247.59,247.98999,240.0,247.65161,2.34814623,11
1427976000,243.04049,255.93,243.04049,253.0,17.29954356,43
1428019200,251.19687,256.0,251.19687,253.46373,1.93703778,14
1428062400,249.37241,255.0,249.37241,252.89904,1.17721082,7
1428105600,255.0,255.0,249.52004,252.0,9.15983673,18
1428148800,249.55506,249.55506,249.55506,249.55506,0.00099994,1
1428192000,253.75267,253.77338,253.75267,253.77338,1.09880552,2
1428235200,254.74182,259.99476,254.74182,259.99476,0.35231124,9
1428278400,261.0,262.4245,253.28228,262.4245,2.24,10
1428321600,256.51101,256.55177,253.01101,254.41999,9.78935705,28
1428364800,253.05602,256.87938,246.51001,254.275,24.9683699,121
1428408000,252.61602,256.4125,248.83734,248.84735,0.84331001,21
1428451200,248.84735,258.23933,245.96251,249.76577,12.68412302,29
1428494400,245.731,252.91689,244.3875,249.45692,1.06379782,24
1428537600,245.5,249.44738,239.9625,239.9625,7.44703,33
1428580800,239.98,249.29447,239.98,249.26784,0.10418,8
1428624000,241.0,244.65453,236.01003,244.64384,3.78701091,28
1428667200,239.89,245.85,232.84648,242.49256,33.97088005,91
1428710400,242.4924,242.4924,230.75821,238.62,14.74742598,170
1428753600,237.62,239.0,232.5832,232.5832,8.77696083,11
1428796800,234.04946,234.04946,234.04946,234.04946,0.3,1
1428840000,237.93,239.99999,234.06608,239.99978,18.64342648,117
1428883200,239.99972,239.99999,235.04723,237.9988,3.22526781,154
1428926400,235.99999,238.99995,223.542,227.93527,18.09651183,274
1428969600,227.93527,230.90972,222.0,222.87468,13.12141144,397
1429012800,222.5,231.84673,216.50029,221.97962,28.14479487,34
1429056000,221.889,221.89,219.66098,219.66098,2.00897995,4
1429099200,224.00001,224.00001,220.1,220.10885,10.47005,67
1429142400,227.85518,228.84712,223.36631,227.96424,8.19214284,403
1429185600,227.96424,234.70359,225.29685,233.59987,0.9201988,96
1429228800,229.0,230.52451,223.86021,223.86021,2.062,27
1429272000,227.49,227.49,223.00591,223.00599,0.25,3
1429315200,227.49,227.49,223.0,223.0,1.37487466,4
1429358400,227.0,227.48626,222.00072,222.02479,3.5318032,8
1429401600,222.87381,227.49,222.87381,227.49,0.47815903,9
1429444800,227.49001,228.99999,224.885,226.78856,9.80236597,45
1429488000,226.43521,226.43521,223.26212,223.26212,21.86159707,193
1429531200,227.99895,227.99985,223.604,224.3875,18.3713831,46
1429574400,224.32299,226.08,224.0475,224.66,30.57884555,111
1429617600,224.963,235.23058,224.6275,234.55422,62.0309124,141
1429660800,234.64001,236.825,232.10738,233.03013,19.76890882,82
1429704000,235.295,238.89186,232.0925,233.27,20.88305263,107
1429747200,234.13515,234.5925,231.01002,231.01002,2.15678983,9
1429790400,235.38977,235.6875,231.0,235.20829,21.45825002,62
1429833600,235.88,235.88,229.87251,234.85061,19.35283797,70
1429876800,237.58149,237.58149,229.31001,230.9625,27.15713503,67
1429920000,232.14202,232.14202,226.75251,227.52001,1.13203859,9
1429963200,227.52,228.295,226.0348,227.49,4.66699,15
1430006400,226.0,226.0,217.448,225.31482,28.96596833,100
1430049600,219.5139,221.99323,216.34205,220.1475,6.04106869,51
1430092800,223.62645,223.62645,218.43791,221.0,2.76772417,17
1430136000,220.0,238.55826,217.33855,228.26001,25.49322955,87
1430179200,228.0,228.0,224.99994,225.323,10.67070096,23
1430222400,224.11,233.25156,224.0,229.94526,32.75838889,160
1430265600,228.30986,230.99689,224.0,224.001,8.54255655,19
1430308800,224.103,232.00202,224.0,226.0,15.40297037,107
1430352000,226.009,236.54,225.68502,232.1309,38.14178914,102
1430395200,234.9835,239.654,234.24542,237.3075,11.67119307,21
1430438400,235.51481,238.97102,233.4775,233.47751,14.01956926,25
1430481600,233.05727,235.3067,231.21,231.2625,26.39800836,22
1430524800,233.7889,234.99851,231.38622,233.77,14.48873609,64
1430568000,234.99999,239.0898,233.38372,234.14507,6.72,25
1430611200,237.02975,242.0,236.9725,241.95876,10.67573948,38
1430654400,242.0,242.5025,236.178,240.36019,14.27873365,37
1430697600,239.72914,240.66328,238.1846,240.0,7.78613537,12
1430740800,239.60751,242.105,236.188,236.915,5.21559215,15
1430784000,239.01726,239.111,231.4225,231.4225,1.11918002,10
1430827200,231.866,235.5925,231.866,235.5925,12.68393814,18
1430870400,234.87595,234.9475,233.69459,234.7675,3.58202064,25
1430913600,234.7675,239.34991,227.001,227.355,47.16428759,171
1430956800,228.14,235.41171,227.0,227.75,17.40211184,58
1431000000,230.01,242.44468,227.351,236.57249,9.023175,72
1431043200,237.48492,238.35999,234.801,237.41,3.29865808,23
1431086400,236.95665,243.0,235.51,240.51051,10.33213167,44
1431129600,242.99792,243.0,234.131,236.551,14.37682951,43
1431172800,240.00099,241.895,240.00099,241.74408,0.063,7
1431216000,240.00101,242.62143,237.695,242.62122,1.78720033,18
1431259200,237.69396,240.21636,236.13,239.24004,6.66421109,21
1431302400,239.74405,240.05999,238.8025,239.125,3.82469679,10
1431345600,240.62188,243.14501,240.26503,241.85502,31.98071578,76
1431388800,240.1926,240.49875,237.551,240.49875,12.13964646,13
1431432000,242.19999,242.98998,241.20251,241.22251,21.44520142,17
1431475200,240.49885,243.42399,238.67531,242.0,53.15460899,29
1431518400,242.88822,244.0,235.08017,235.09016,9.27387496,42
1431561600,235.55015,237.32425,235.55015,236.35502,2.72999999,13
1431604800,236.44773,237.99,235.0,236.47,4.5481776,46
1431691200,238.50938,240.05,237.48957,238.97589,1.22178903,12
1431734400,239.09771,239.09771,236.28,236.28,3.50575765,36
1431777600,239.38678,239.38678,235.14465,237.34752,0.1666172,9
1431864000,236.00001,237.57015,235.6,235.8575,1.38585661,17
1431950400,236.59338,236.62001,231.90503,233.32992,14.67892936,31
1431993600,233.31987,233.90998,231.43364,231.43364,18.90478565,25
1432036800,233.18748,233.18748,231.98389,232.78497,4.5006578,25
1432080000,232.29837,234.42505,231.09775,232.6845,10.8958344,19
1432123200,234.4398,235.05813,233.73946,234.80351,12.42387446,19
1432166400,234.5493,235.81749,233.97392,235.81749,6.71991602,16
1432209600,235.0,236.0875,234.99998,236.0875,5.21711357,15
1432252800,235.05503,244.0,233.91251,235.20488,11.27199551,30
1432296000,235.28982,239.77814,234.88323,237.59,52.60029982,90
1432339200,237.65145,240.5,237.65145,240.48499,15.17740419,46
1432382400,240.48498,240.83735,237.39019,237.39019,13.04280069,57
1432425600,237.53121,239.04498,237.53117,238.98,4.10913495,10
1432468800,237.99006,241.13249,237.99006,239.77001,6.73944974,22
1432512000,240.43468,240.43468,234.8325,236.4799,13.70774693,38
1432555200,235.9302,237.69344,234.84085,236.18998,18.21920795,28
1432598400,236.04377,237.11249,235.29663,237.11249,1.03088585,12
1432641600,235.70003,236.30747,235.17,236.01749,7.07969369,23
1432684800,236.99999,238.0,236.38804,237.41488,4.18866717,9
1432728000,237.40487,237.40487,234.76661,235.29999,2.26554537,17
1432771200,234.03003,235.69747,234.03003,235.69747,1.25693636,4
1432814400,236.54999,237.90344,235.83266,235.83266,0.36393475,5
1432857600,235.87608,235.87608,235.87607,235.87607,0.2,2
1432900800,235.92494,235.92495,234.91168,234.91168,8.23638,5
1432944000,234.00001,234.00001,230.55425,230.55425,0.493,5
1432987200,233.4201,235.23954,232.81331,232.81331,12.97327336,46
1433030400,231.78254,235.85876,231.39752,231.39752,9.00455385,14
1433073600,230.51741,233.25699,227.58963,227.58963,3.76223733,14
1433116800,232.40158,232.40159,225.14044,226.0,15.9414,116
1433160000,228.70734,232.19999,222.03202,227.46908,18.00999536,174
1433203200,227.46541,229.11399,222.29114,222.30116,2.12296662,5
1433246400,223.70335,229.49815,223.70335,229.49735,2.22573026,15
1433289600,226.00015,229.47843,226.0,227.0,20.1,124
1433332800,227.0,227.0,227.0,227.0,5.3,53
1433376000,227.0,228.792,226.0005,228.792,4.81705744,49
1433419200,227.3,228.77839,223.04,223.15499,44.66111775,383
1433462400,223.4874,226.80815,220.33904,225.45536,28.72129098,55
1433505600,224.71806,228.2972,224.71806,225.00497,5.42646,56
1433548800,224.70524,225.65381,224.70524,225.65381,5.259,3
1433592000,223.70128,223.70128,223.70128,223.70128,0.1,1
1433635200,225.32953,225.32953,225.32953,225.32953,0.1,1
1433678400,224.3453,224.3453,224.34529,224.34529,0.2,2
1433721600,224.2211,227.40745,224.2211,227.40745,18.74044649,7
1433764800,227.00003,229.02749,226.49993,229.02749,7.85859973,22
1433808000,226.79,228.74499,226.79,228.74499,2.41,4
1433851200,230.91728,230.91728,230.91728,230.91728,0.00268494,1
1433894400,228.21045,228.23047,228.14013,228.23046,5.24,5
1433937600,227.27251,227.27251,226.57075,227.26254,3.7088,6
1433980800,228.68997,231.58709,228.24321,231.58709,32.70281729,20
1434024000,229.96999,229.96999,228.9225,228.9225,0.991,2
1434067200,228.86036,230.0,228.86036,230.0,36.94018961,17
1434110400,230.9,233.15352,229.44253,229.44253,25.293,12
1434153600,228.76875,228.76875,226.14462,226.14462,18.2,7
1434196800,230.98054,231.05546,230.97052,231.0402,7.11,10
1434240000,232.0,233.2925,232.0,233.2925,4.93,3
1434283200,231.63793,232.145,231.19035,232.145,13.30294572,9
1434326400,231.34253,234.90671,231.34251,234.90671,19.03376605,10
1434369600,234.90672,235.53501,234.01,235.53501,1.03259065,11
1434412800,237.02991,240.0975,233.81721,240.0975,17.4984917,29
1434456000,240.33247,251.0,236.97,249.7075,133.83843008,121
1434499200,249.70751,256.3825,245.19503,256.2,31.73285108,66
1434542400,250.2453,255.81012,245.025,245.025,25.01976678,31
1434585600,247.29251,247.29251,244.0,246.61749,26.70764001,64
1434628800,250.11151,252.65981,247.28501,247.5,3.10116288,17
1434672000,247.69004,249.63215,245.9075,246.63522,6.81415278,37
1434715200,246.8625,248.34278,245.4938,245.5,110.27667257,70
1434758400,244.0,244.0,241.5,241.50001,4.3153363,20
1434801600,241.82025,244.69417,241.82025,243.85281,15.0918847,40
1434844800,244.28501,244.615,238.05336,244.615,34.7039,22
1434888000,244.51,244.95977,241.0,241.0,7.2,8
1434931200,244.29239,246.3774,243.99,246.0,11.83058818,11
1434974400,246.65969,248.08457,244.01362,248.08457,27.53450665,33
1435017600,245.81001,245.81001,244.0,244.0,19.66488647,18
1435060800,243.7221,243.7221,243.7221,243.7221,3E+1,15
1435104000,242.8026,242.8026,242.8026,242.8026,1,2
1435147200,240.1745,241.67089,240.1745,241.67089,0.31196996,6
1435190400,242.77984,243.99919,239.5263,241.7507,9.93177581,38
1435233600,242.01001,242.03894,242.0,242.03894,6.53780814,9
1435276800,242.1,242.11,242.1,242.11,0.31525,2
1435320000,243.5726,243.99982,242.0,242.0,1.44773624,19
1435363200,243.3737,244.9112,243.3737,244.9112,16.97769415,11
1435406400,246.03248,251.9275,244.96398,251.9275,16.68365959,53
1435449600,251.30249,251.9536,248.31282,248.31282,11.10893146,8
1435492800,248.38739,260.0,247.45041,248.5,44.37216372,111
1435536000,250.58862,255.50499,248.8887,255.4951,17.33358071,20
1435579200,256.60138,268.49818,252.87759,268.4679,77.91004027,96
1435622400,258.9349,267.72499,258.49261,262.18751,25.76334719,57
1435665600,264.96785,273.0,262.20001,263.1766,44.22351496,202
1435708800,263.21271,263.5378,255.91251,257.2274,45.13998992,154
1435752000,256.49382,265.02255,255.5,258.1036,23.865022,14
1435795200,259.76038,259.76038,255.49,255.5,1.69432613,9
1435838400,256.29252,256.85189,253.43004,254.73617,14.24136059,21
1435881600,254.51613,272.99996,252.87507,272.99996,19.6262756,72
1435924800,254.09095,255.46944,254.01017,255.46944,2.22758,3
1435968000,258.00644,262.99948,254.88804,255.76013,12.99504688,33
1436011200,262.0,262.0,261.9598,261.999,2.31449586,10
1436054400,261.94,263.0,257.11755,257.11755,28.35794,32
1436097600,264.23066,274.67998,260.68257,271.14397,41.95817005,104
1436140800,270.12751,274.93284,268.13764,270.10251,34.44960308,66
1436184000,274.19993,278.0,271.59501,274.5894,61.66700711,93
1436227200,269.32707,272.16381,265.63001,266.82177,5.37094395,32
1436270400,267.01,267.01,265.0,265.36,24.27453984,222
1436313600,265.36002,273.03519,265.36,267.17556,10.85443341,22
1436356800,267.56393,276.32316,267.48866,270.04031,24.35456038,186
1436400000,270.554,275.66538,267.39002,272.0,7.8246081,45
1436443200,272.0,272.0,268.00001,271.99975,26.9132422,65
1436486400,268.95604,297.0,268.95604,287.23709,132.03058194,336
1436529600,288.36235,293.9222,284.5,284.54,35.34373859,177
1436572800,288.82289,293.37416,283.05827,293.0,14.83568874,17
1436616000,294.5,298.98683,292.00001,293.59999,57.12108855,68
1436659200,291.69256,310.83499,291.69255,310.83499,70.35697923,124
1436702400,310.82498,316.01249,306.17251,310.7575,72.84107633,88
1436745600,309.80751,310.58156,269.0,286.01028,174.55943502,205
1436788800,291.72452,294.85016,284.98497,290.181,158.28968057,104
1436832000,293.07,293.92922,286.78751,288.61074,4.22374096,13
1436875200,288.6108,295.97251,288.6108,288.70809,32.04031681,62
1436918400,288.77131,293.40893,287.7375,293.31818,7.47126929,21
1436961600,293.32826,293.7899,285.83994,285.83994,2.94029897,20
1437004800,289.44823,292.0,282.5786,282.5786,8.29010199,18
1437048000,285.1475,285.1475,273.40259,276.85939,44.9309399,63
1437091200,281.08639,281.30712,275.515,275.515,1.06996,11
1437134400,278.99999,280.38,278.185,280.38,3.46808255,8
1437177600,281.0028,281.69369,279.32947,279.32947,6.14092386,9
1437220800,279.30261,280.1325,274.92386,278.01,7.93144264,21
1437264000,279.33139,279.57307,279.33139,279.57307,0.06013,2
1437307200,277.23435,277.23435,274.31656,275.54,0.41233337,3
1437350400,277.26347,277.5,276.72252,277.5,5.56,7
1437393600,280.36979,280.40143,277.56408,277.56408,77.98116649,38
1437436800,279.41478,281.40693,279.41478,281.4069,6.96959143,16
1437480000,279.68,279.74923,276.4525,277.48,14.28438178,19
1437523200,276.666,276.666,276.666,276.666,0.225,1
1437566400,279.38271,279.38271,275.31,276.975,59.3403506,56
1437609600,278.3975,278.3975,276.02902,277.89129,14.65063255,41
1437652800,277.55,277.55,276.24,276.89,10.063,10
1437696000,276.18001,286.87499,276.18001,286.37501,6.8209416,12
1437739200,284.01001,290.0,283.90002,289.26089,34.72404887,50
1437782400,286.69717,291.8117,286.67015,291.8117,22.38936554,27
1437825600,291.8,291.8,288.91613,288.91613,5.17,6
1437868800,288.69692,293.8545,287.83081,293.8545,8.42078724,26
1437912000,293.54036,293.54036,291.28494,291.28494,0.29979,8
1437955200,293.36615,293.83464,286.55237,289.0189,6.71079071,19
1437998400,288.4464,296.10159,288.4464,296.10159,4.3603,6
1438041600,295.737,295.96552,291.87263,291.87263,25.21956485,30
1438084800,295.36686,296.80402,287.0,293.56002,32.15303575,15
1438128000,293.51367,293.51367,287.05004,289.40499,10.90292577,20
1438171200,287.11884,291.81531,280.00001,291.61259,18.40282,18
1438214400,288.56174,289.235,286.9255,286.9255,15.581,11
1438257600,284.8422,288.96449,280.00001,288.0,15.6619952,17
1438300800,285.34906,285.34906,280.00001,285.34906,8.01056494,11
1438344000,280.00798,293.47977,280.00797,293.47977,32.82753066,52
1438387200,290.25283,292.0,280.0,280.0,4.1514635,46
1438430400,285.66807,290.66789,277.12003,283.2674,59.68725373,469
1438473600,285.0035,289.88983,277.9052,289.88983,0.8191103,9
1438516800,279.68643,286.23705,279.68643,283.8413,0.07968205,6
1438560000,285.4046,285.51,280.57,284.1402,3.99957738,23
1438603200,285.2103,285.2103,282.81151,283.87017,14.34325,9
1438646400,282.70008,282.70008,280.53092,280.53092,18,7
1438689600,286.5,287.68162,283.28001,287.67861,3.60723768,18
1438732800,284.505,284.505,281.51,281.51,20.88,10
1438776000,281.02203,287.77,281.00001,281.00001,16.00717861,15
1438819200,281.0,286.00478,281.0,281.0,1.72782245,14
1438862400,281.0,286.95751,278.60106,278.66964,12.08485374,28
1438905600,278.67,290.0,274.15182,281.93109,33.78181,24
1438948800,284.11085,290.0,277.40312,280.85541,29.0038068,34
1438992000,280.28011,283.77999,278.06024,278.06024,5.13447126,16
1439035200,275.95562,276.2446,259.20268,264.2,24.16519936,80
1439078400,264.19997,268.06114,258.0,263.0,6.45192289,47
1439121600,262.9999,269.76927,261.27475,269.76927,8.37143522,71
1439164800,262.49,273.88,262.49,266.0,8.92193438,34
1439208000,265.0,273.87986,263.0,266.84753,10.78583251,31
1439251200,264.2,265.0,263.0,263.0,29.4273501,75
1439294400,263.01,270.0,260.0,270.0,69.69440357,87
1439337600,268.97047,270.0,265.51958,265.51958,40.01413287,43
1439380800,266.21611,270.0,265.48598,267.0254,21.29467775,55
1439424000,267.47934,267.596,261.6437,263.52274,22.43783428,17
1439467200,263.81293,268.0,261.71849,265.19999,116.5383495,212
1439510400,265.19999,270.0,262.00638,268.0,177.40050736,225
1439553600,268.0,269.49999,266.07019,268.0,191.23628638,261
1439596800,268.32981,269.21723,266.0,268.4,39.70594322,81
1439640000,268.4,268.62529,265.22,265.22,124.62300466,134
1439683200,265.22,270.0,257.0064,264.08,213.37720462,675
1439726400,264.08,267.77089,259.27674,260.41942,52.59206394,59
1439769600,261.5,263.12,259.56194,261.36918,68.39246098,33
1439812800,259.93484,261.36918,257.5721,258.6391,18.14024612,44
1439856000,259.0784,259.93483,257.00636,259.36328,84.75914017,48
1439899200,257.0,257.0,188.10761,223.00277,598.43885173,263
1439942400,204.39327,245.0,204.39327,233.55038,121.03727487,225
1439985600,233.55016,244.47873,225.81493,230.084,118.34886788,239
1440028800,230.084,237.99,229.0338,237.39942,432.27320067,640
1440072000,235.4555,238.70954,233.76956,236.8741,75.82671871,68
1440115200,236.99999,238.70966,235.05966,236.0,80.7423569,171
1440158400,234.15761,235.57775,232.61804,234.28494,67.50176736,52
1440201600,235.012,235.31862,231.0,231.0,33.54744796,19
1440244800,230.95682,231.99031,223.09997,231.99031,127.32807497,80
1440288000,232.37909,232.37909,229.98434,230.97237,34.28606989,24
1440331200,231.3789,231.3789,226.07,228.13041,17.95441724,18
1440374400,226.23081,227.19522,220.30735,222.67611,113.8974055,68
1440417600,221.8831,222.01316,209.78753,212.70097,279.16983883,238
1440460800,211.85102,222.0,204.01,221.6849,211.65410703,120
1440504000,214.15214,235.98998,214.0,224.49439,222.2556773,433
1440547200,225.8616,230.06271,223.11341,230.0,31.00418703,177
1440590400,229.06255,243.3788,226.38149,226.38149,123.68358277,157
1440633600,228.2424,229.13663,225.30789,226.83407,75.16082523,63
1440676800,228.4214,233.0,226.011,226.011,96.88711495,172
1440720000,225.3427,231.117,222.5718,229.8876,160.54360564,601
1440763200,228.4259,237.9801,228.2938,232.6416,103.83166335,491
1440806400,233.0357,234.97411,230.7911,231.4998,40.98257,130
1440849600,230.7912,233.5671,228.95384,230.77732,58.86477177,132
1440892800,231.72,233.10008,228.95383,230.72412,30.82079671,53
1440936000,229.87056,230.7,226.67792,228.95377,29.80851356,52
1440979200,228.84,229.9602,225.9989,229.4602,52.31524743,89
1441022400,229.9117,233.51,229.41166,230.92,46.06509032,49
1441065600,231.0852,231.12,227.8,228.67,24.86003706,130
1441108800,229.42,229.50836,226.87,229.49,76.35822918,118
1441152000,229.49,229.5,228.0,228.35,36.20752197,19
1441195200,229.0,232.99117,226.81932,230.04,154.97014022,64
1441238400,229.14001,229.74,226.17,228.75,88.42166961,72
1441281600,229.0,231.13283,226.9184,226.9388,203.38243328,476
1441324800,226.9796,230.9798,226.55001,229.04001,86.35263,52
1441368000,229.0062,231.79,229.0,231.01,65.27556272,27
1441411200,231.0099,231.0099,230.24725,230.9488,6.78344,9
1441454400,231.3285,236.9999,231.3285,236.3209,167.18516231,135
1441497600,237.0,241.66269,237.0,241.0,76.37694842,35
1441540800,241.0,243.37667,239.64001,241.98999,35.78748587,28
1441584000,240.3301,242.0,239.13181,240.5866,119.22986427,33
1441627200,241.0,242.7792,240.10001,241.07,29.59133,34
1441670400,240.35001,246.51,240.35,244.1998,94.93583375,318
1441713600,244.615,246.01496,242.21,243.2677,158.58154936,74
1441756800,242.56,244.9708,238.18139,238.80001,113.73658374,136
1441800000,238.71001,241.96,238.18137,239.01,88.79861062,157
1441843200,240.1,240.1,236.99,239.0,16.32322311,34
1441886400,239.94,240.4586,238.1631,238.1631,18.80190024,31
1441929600,239.97,241.65,239.97,241.08623,19.64712828,45
1441972800,239.78035,242.11885,238.84814,242.11885,108.72710089,67
1442016000,239.45001,241.6,238.99102,239.9688,23.30850297,20
1442059200,240.04,240.04,233.67,235.78,31.84992754,109
1442102400,235.5114,236.96,232.03,234.0399,13.40855168,51
1442145600,234.53,234.53,228.68,230.0,122.55023183,188
1442188800,230.0,231.05,226.32,228.9544,321.77174604,940
1442232000,229.62,232.638,229.62,230.6536,96.51653352,439
1442275200,230.6536,232.32408,228.6,231.3,56.49419965,254
1442318400,229.92,232.32408,228.89,230.79412,65.59889327,343
1442361600,229.35,232.19999,228.1365,228.22,14.4130563,22
1442404800,229.52,230.27639,226.91,229.08477,51.41673193,22
1442448000,229.99,229.99999,227.88,228.47734,4.55364718,21
1442491200,229.4144,236.0,228.88,233.37,38.68785056,23
1442534400,232.78,235.49999,232.78,233.0001,35.93067548,168
1442577600,233.0,234.92999,231.92,232.8278,27.00014981,206
1442620800,231.62638,233.29,230.51857,230.51857,41.9902125,12
1442664000,230.00001,232.239,230.0,231.61,29.10346682,14
1442707200,230.55101,231.91,230.17,231.91,1.22269766,5
1442750400,231.97,231.97,230.17,231.44,0.3498,4
1442793600,230.01,231.49,226.95,227.3,30.71139569,26
1442836800,227.36,228.85,227.171,227.171,1.25987253,13
1442880000,226.3,233.85819,223.1,229.41595,142.67226072,142
1442923200,230.51999,231.0,228.6,228.6,12.48544669,15
1442966400,230.36137,231.07552,228.23299,228.23299,17.27652742,26
1443009600,228.66,230.95093,228.66,230.24,84.01771984,15
1443052800,229.71,231.34999,229.71,230.20847,9.47473,20
1443096000,231.52,234.995,231.3,231.7824,32.01264716,57
1443139200,233.463,237.19999,232.35515,235.36579,120.12764088,137
1443182400,235.65,237.18044,235.65,236.0,21.88140725,10
1443225600,234.01,234.66844,234.0,234.66844,8.0116,5
1443268800,234.99,235.77546,233.46,233.49,44.55014907,17
1443312000,233.37,234.0,233.13,234.0,8.47008,3
1443355200,233.95,233.95,230.62,230.62,21.39928408,7
1443398400,233.996,239.0,233.996,236.82,81.27280563,46
1443441600,238.198,239.97,236.86789,238.488,40.42078352,60
1443484800,238.33273,240.0,235.0046,235.95115,79.70908241,113
1443528000,235.74,238.37999,235.706,238.01963,14.8356917,18
1443571200,236.04,236.69346,235.00002,236.65,18.61851224,13
1443614400,236.42999,237.91999,235.61,236.0,22.30499543,24
1443657600,235.6,237.95,234.58813,236.22701,16.3931449,26
1443700800,236.24,238.0,236.24,237.8,19.88045607,11
1443744000,236.46,239.85654,236.46,239.85654,57.5180321,13
1443787200,238.08101,238.66999,236.42883,236.42883,13.61092147,14
1443830400,236.48,237.0,236.46,237.0,17.93969,11
1443873600,238.08815,238.8,237.49157,238.8,0.7023,16
1443916800,238.0,238.0,237.6,238.0,6.6787,4
1443960000,238.0,239.94586,237.607,238.96704,2.64,9
1444003200,237.634,239.03561,237.364,239.03561,0.43586,5
1444046400,237.21,240.44219,237.16401,239.48001,84.35083666,46
1444089600,240.26001,241.92,239.72001,239.72001,25.94928133,16
1444132800,240.28,248.38999,240.14001,244.53,61.26303347,54
1444176000,246.0,247.19999,234.55,247.19999,54.843,33
1444219200,242.77501,245.38822,239.02501,241.21889,76.72833203,63
1444262400,243.646,244.73,233.0,242.426,16.90415617,25
1444305600,242.996,244.25599,242.273,242.7,96.02006842,94
1444348800,242.52,244.56304,242.0,243.1,63.14985,17
1444392000,242.46,244.87149,241.74515,241.74515,47.57513391,25
1444435200,243.55005,243.55005,243.55005,243.55005,0.21350847,1
1444478400,244.0,245.64004,243.21004,245.64004,6.03492693,13
1444564800,245.70007,247.12,245.05544,245.11008,43.17924283,29
1444608000,246.689,247.11,246.689,247.11,14.46924564,6
1444651200,245.43999,246.0,244.00006,245.61063,13.89489,15
1444694400,245.2844,249.0,244.01,249.0,71.72038754,30
1444737600,248.1004,249.50999,247.12,249.0,46.78393,24
1444780800,249.99999,249.99999,241.0,241.0,43.27387225,39
1444824000,249.0,253.6601,243.7093,253.638,56.89889923,104
1444867200,254.0,254.71988,251.86004,254.71988,15.90717859,9
1444910400,253.10105,255.0,252.0,253.5587,89.43895105,45
1444953600,254.27414,260.22795,253.00001,258.22,73.24541785,48
1444996800,259.0,268.50765,258.0,258.0,199.51733565,86
1445040000,260.97009,270.99943,260.97009,268.0,76.57899612,58
1445083200,269.46,270.0,266.21,270.0,20.27574,47
1445126400,265.2,265.2,265.0,265.00001,5.73252,11
1445169600,265.00001,267.60998,251.0,251.0,58.13869822,71
1445212800,258.86,265.734,258.86,263.60289,21.90609921,81
1445256000,263.79003,264.49003,262.41362,264.06003,1.96008077,16
1445299200,264.9,267.0,264.0,265.4,63.16999633,15
1445342400,267.5,270.0,265.17007,270.0,80.94713881,76
1445385600,269.42374,270.73997,264.57,264.57,160.03408088,44
1445428800,264.57,268.9,264.57,266.59313,18.89194061,23
1445472000,266.21318,278.0,266.21318,274.6,62.1099694,29
1445515200,275.16,275.16,263.73009,274.19999,8.11719369,53
1445558400,270.0,279.31107,270.0,272.13,6.81057655,37
1445601600,276.22994,278.33444,273.31069,276.6418,93.58020011,116
1445644800,277.8,280.95008,277.8,278.95076,45.8592588,42
1445688000,280.4178,283.56878,279.43892,283.37508,30.401963,36
1445731200,284.96999,292.34485,283.50685,287.94,41.77391203,48
1445774400,288.97,294.475,282.44,282.44,73.32458488,65
1445817600,284.40969,285.55,280.64454,285.31514,17.25398,18
1445860800,284.10051,286.0,283.6042,285.25,53.13719582,55
1445904000,285.4196,291.36773,285.239,291.36773,35.28313974,52
1445947200,292.0,296.31,290.0,292.5071,212.92615493,103
1445990400,294.41245,300.0,290.00002,300.0,28.55453407,89
1446033600,299.999,305.0,290.01,298.0,114.34802171,176
1446076800,297.01,309.0,296.4,309.0,35.05735388,81
1446120000,305.01,317.84465,305.01,312.11121,91.1647868,209
1446163200,312.026,333.0,311.7704,320.65598,218.89863722,216
1446206400,318.81964,329.04572,314.45,325.0,110.45888124,65
1446249600,325.75,331.0,317.77072,318.01002,19.61481449,72
1446292800,318.03009,322.53914,306.1304,306.1304,37.03300842,76
1446336000,313.46084,319.0,304.69003,319.0,4.74118488,24
1446379200,314.0,320.0,307.44,320.0,52.65237457,64
1446422400,320.0,327.5,314.0,327.5,27.19593808,82
1446465600,327.5,360.0,321.01,358.16998,163.28423231,180
1446508800,349.49896,381.05,307.23,375.0,213.79137622,182
1446552000,373.251,418.97,335.73004,397.76999,175.08704352,260
1446595200,398.8904,432.0,392.00005,432.0,193.70718359,216
1446638400,432.0,489.99,368.48525,408.96258,232.45685785,363
1446681600,395.24652,438.71737,341.0,385.66,110.47025402,176
1446724800,385.66,412.45881,371.0,380.0,83.45403147,95
1446768000,382.0235,382.42521,346.34009,372.29,66.92617167,108
1446811200,372.3,390.0,358.88051,362.06,29.31432508,127
1446854400,372.89997,389.81,372.89997,384.34006,33.56166235,60
1446897600,380.73078,386.0,368.0,383.89,20.14111213,39
1446940800,374.08774,385.0,352.0,369.66,36.29008905,118
1446984000,369.66,380.0,352.16,371.7638,40.26918381,165
1447027200,371.36138,371.36138,350.0,367.15945,19.84380027,136
1447070400,367.1594,379.0,353.1614,367.0,33.1038341,195
1447113600,367.0,378.99,364.0,364.00001,5.70190701,45
1447156800,371.3761,371.3761,327.26001,338.0,118.0148277,227
1447200000,338.0,341.0,300.0,316.38001,110.03755665,227
1447243200,319.97,320.0,300.0,304.80001,30.2878307,65
1447286400,309.197,341.0,301.56,329.47025,152.22302734,128
1447329600,326.0,336.0,315.0,336.0,31.82538474,56
1447372800,329.04,339.98999,328.42,328.42,8.16823541,13
1447416000,329.19,340.1788,326.5,336.9484,106.71047793,69
1447459200,337.92176,339.47,330.0,338.37999,45.95965053,43
1447502400,329.2921,335.3373,326.03001,329.7431,5.82584317,18
1447545600,330.69427,333.73999,330.69427,331.0,2.31747,11
1447588800,330.0,330.0,315.00001,315.00001,71.21580846,62
1447632000,315.9809,321.71999,315.70073,315.70073,11.58770433,50
1447675200,318.18,330.0,315.71,321.90688,71.42707581,58
1447718400,329.65,336.75369,329.65,331.08265,33.94433228,34
1447761600,333.77165,336.88999,330.0,330.0,53.48450494,135
1447804800,330.0,334.74999,326.44453,327.96754,47.69090377,26
1447848000,331.31998,332.70988,326.00001,326.50003,11.96056468,64
1447891200,332.7,332.70988,326.50001,332.69,16.72142973,49
1447934400,332.69,332.7,323.07088,326.25999,29.34473748,48
1447977600,323.07088,323.07088,310.0,317.1559,61.51042372,66
1448020800,322.41034,322.41034,315.4806,317.21,17.43418277,68
1448064000,319.97584,323.14,319.97584,323.14,3.32408541,7
1448107200,324.37,324.37,320.75,322.8,1.24798468,20
1448150400,325.0,325.0,321.69365,321.69366,31.11378,8
1448193600,320.37071,324.32,319.03328,322.85,5.54889747,40
1448236800,320.0,320.0,319.01,319.16,2.501,14
1448280000,320.881,323.5,319.0,322.68425,66.3852419,26
1448323200,319.0,325.0,316.01323,321.41,335.27141749,106
1448366400,321.82001,324.91999,319.0,323.48,14.25343553,18
1448409600,323.3,327.0,317.57001,326.9,125.05531306,40
1448452800,326.97,330.0,325.0,329.69,50.46649443,31
1448496000,329.70784,355.0,329.7,355.0,56.94913927,129
1448539200,359.48,370.0,341.14476,350.55,79.67198478,185
1448582400,351.51,364.0,350.53001,364.0,66.36349761,34
1448625600,352.75141,363.33999,352.75141,360.0,16.80841283,29
1448668800,354.0,359.0,350.27786,352.123,47.2332944,24
1448712000,352.04655,356.49998,352.00947,356.49998,7.67490056,14
1448755200,357.43899,364.0,353.03001,361.74264,58.79653652,59
1448798400,360.62001,373.76998,358.49985,370.39,28.90311918,51
1448841600,370.39,380.67998,370.39,380.67998,53.78155141,85
1448884800,378.0,378.49993,370.54,378.49993,25.95210061,43
1448928000,377.68718,378.47,355.0,361.0,356.28276564,117
1448971200,361.31,366.07628,355.79,361.582,85.79867916,35
1449014400,362.4066,362.4066,349.20001,350.7545,173.35625833,71
1449057600,352.84019,362.02036,352.84019,358.69,55.19995249,53
1449100800,359.46,370.0,356.988,360.34667,948.14811811,215
1449144000,360.4716,367.9362,359.8491,361.298,196.48483925,304
1449187200,363.6827,363.6827,357.48405,360.43,23.67030181,29
1449230400,363.0568,365.0826,361.01,364.93447,27.14359963,59
1449273600,364.32,383.54864,363.93001,382.35369,139.35344038,98
1449316800,381.64967,390.58431,372.12684,387.65,65.97911911,66
1449360000,391.37999,404.21397,389.73227,391.41001,88.82335856,79
1449403200,392.8,397.97655,386.01,387.6548,81.49657162,53
1449446400,386.4955,393.03,384.07,392.5867,126.94384396,84
1449489600,392.623,398.0,390.66,395.3,114.40256608,57
1449532800,391.88,396.3,388.52,394.73,126.24703934,64
1449576000,395.95999,415.0,392.13001,415.0,133.26433367,172
1449619200,414.97999,420.0,405.01,420.0,115.17269967,183
1449662400,419.99,420.0,404.0,416.33,150.58886561,95
1449705600,417.27,417.27,410.01286,415.81,103.11683175,37
1449748800,414.91469,420.0,413.47373,416.0,129.99986557,125
1449792000,417.83305,434.0,417.83305,432.0,297.46283599,182
1449835200,430.7348,445.0,426.3472,443.119,163.89538547,237
1449878400,443.119,463.99999,407.13518,427.35006,215.80615408,246
1449921600,426.0,433.58,417.0,431.0,23.18145404,59
1449964800,427.48657,435.0,418.36999,428.8979,17.93540765,43
1450008000,430.48554,438.0,430.0,432.0,22.2182924,32
1450051200,430.0,444.0,426.21,444.0,14.65760817,47
1450094400,438.0,445.0,430.57,442.0,287.40838217,122
1450137600,443.0,450.0,430.01,443.0,55.89658422,123
1450180800,436.01,464.98,436.01,464.98,131.38268528,180
1450224000,461.60483,461.63003,441.0,457.0,171.03584513,135
1450267200,457.73403,460.99,446.848,453.6486,12.75744477,58
1450310400,450.3476,454.99,445.00001,453.99999,11.62674436,41
1450353600,454.0,459.15315,450.0,451.03435,56.08677336,41
1450396800,455.0,464.0,452.27193,454.89538,4.75336338,26
1450440000,455.2919,467.69074,455.2919,464.97099,87.94551167,40
1450483200,464.76094,464.96,457.61001,460.04,3.02211654,15
1450526400,463.99999,464.0,455.0,458.01,49.96847681,26
1450569600,458.9,460.48999,458.0,458.0,14.97084869,17
1450612800,456.0,456.01,436.0,441.22,151.64001231,117
1450656000,442.0,444.22,426.69595,444.22,47.92351404,72
1450699200,443.38962,446.95575,436.99,441.74999,145.81629093,47
1450742400,440.56114,444.25,437.88984,443.55916,21.85150545,38
1450785600,444.13999,444.13999,434.29292,437.69,19.06480837,39
1450828800,437.7,442.0,435.46883,442.0,21.95184385,18
1450872000,443.52,445.99,441.20182,444.83,44.49565164,30
1450915200,443.99,458.0,443.99,457.0,39.9695107,50
1450958400,455.92999,456.64,451.12,452.71225,20.29097707,13
1451001600,455.33901,457.95,451.12,451.12001,4.05225032,10
1451044800,453.20635,457.83999,453.20635,457.83999,0.01451174,5
1451088000,451.12,451.12,417.0,423.79736,69.80646158,131
1451131200,420.49188,427.96,409.0,417.47,146.48650138,202
1451174400,413.0,425.42532,409.40689,425.0,12.01626159,31
1451217600,427.36199,429.72,416.13001,427.29,14.96560044,26
1451260800,427.29,429.36,423.2857,428.98,72.49117218,38
1451304000,428.98,428.98,418.78109,424.3,36.25776693,38
1451347200,421.09481,426.069,420.3989,426.069,2.2508,11
1451390400,426.069,432.5,423.17025,430.95,146.01391719,110
1451433600,433.3,434.99999,428.66472,434.99999,18.89613896,45
1451476800,434.98999,434.98999,420.0,424.30871,29.88891488,42
1451520000,424.45,427.62467,416.60843,427.62467,57.19810234,46
1451563200,422.55,431.31,421.01,431.31,23.45453,11
1451606400,434.17899,434.81313,434.17899,434.45,8.05299838,4
1451649600,430.74,434.96999,430.74,431.50531,6.29558158,9
1451692800,434.0,434.99,430.32476,431.53,10.9914671,140
1451736000,433.20996,434.99,431.1532,434.98,15.76801507,29
1451779200,434.49,434.49,433.99,433.99,0.05992635,2
1451822400,425.71184,429.13,422.98,426.57001,23.5511032,32
1451865600,427.77001,430.75,426.56,430.74,5.93428721,18
1451908800,429.1,433.96,427.75367,431.08415,34.94169793,42
1451952000,431.06001,434.7299,429.0,429.0,3.19634946,20
1451995200,432.94459,432.94459,429.0,431.32,30.88571564,53
1452038400,431.3299,431.3299,427.58056,428.45072,18.87728514,22
1452081600,427.58267,429.99989,427.58267,429.99,1.17061983,17
1452124800,428.55,450.0,427.78067,446.91986,69.46739142,83
1452168000,449.85997,457.88354,449.11081,457.88354,63.29715126,68
1452211200,457.9999,460.0,448.73502,458.0,42.11097674,36
1452254400,457.53,457.53,447.6401,455.22,68.83119981,109
1452297600,452.85001,459.87181,450.0,451.6001,57.61348024,40
1452340800,450.1401,455.0,450.0,451.38,27.17039564,36
1452384000,450.0,450.0,443.10007,444.29012,30.18876131,54
1452427200,443.49,451.12999,442.05,449.13,12.48922398,46
1452470400,449.89328,454.53,443.81177,447.49,15.19355546,65
1452513600,447.49,452.23059,447.4299,452.23059,95.00594055,78
1452556800,451.3155,451.3155,446.80823,449.68,33.68536524,196
1452600000,449.2298,451.29592,440.0,440.0,123.99842266,230
1452643200,440.0,455.0,427.17,429.1,124.53322197,160
1452686400,429.1,435.0,427.82999,433.9817,56.25891535,33
1452729600,433.0605,434.79,430.0,432.3008,21.67936851,38
1452772800,434.1671,437.15,430.00011,430.57505,22.76632641,52
1452816000,430.57505,430.91,407.0,407.0,207.08516103,210
1452859200,406.3788,408.0001,364.49,364.49,422.44933686,554
1452902400,364.48,381.0001,351.76,373.0,217.25558992,373
1452945600,371.8,392.5201,368.48,390.328,299.13281639,201
1452988800,390.328,395.0,381.6,386.15026,53.8257476,56
1453032000,387.055,390.0,381.95021,381.95022,80.11918236,101
1453075200,383.5708,386.41999,376.58,386.41999,134.62564733,122
1453118400,382.94533,391.82,382.94528,390.1,108.43048537,432
1453161600,390.97,390.97,384.5,387.0439,11.89527378,21
1453204800,387.0899,389.5034,379.02,381.10022,56.72123405,57
1453248000,381.0438,384.15704,375.93,383.22,104.26745814,104
1453291200,384.5,425.1272,382.0101,419.0501,688.39496085,387
1453334400,419.0501,425.78,412.2,415.84,426.00061941,291
1453377600,413.0,418.36406,406.05001,412.31,304.23400448,627
1453420800,410.6546,411.18988,391.17998,394.85,291.58712796,178
1453464000,391.97995,397.31999,375.52417,383.25,222.93242718,140
1453507200,384.29,395.0,384.29,392.86822,120.66623604,177
1453550400,390.1015,394.99997,381.36,385.80986,267.16222474,362
1453593600,387.96988,403.09,386.58,398.7601,456.91551404,404
1453636800,398.7601,406.70999,396.6,400.68011,144.98525781,225
1453680000,401.25228,401.25228,394.0701,396.3001,47.46481302,70
1453723200,396.4713,400.59963,387.17001,394.01,425.66834424,395
1453766400,393.36878,399.93,390.45001,394.99011,189.94117609,865
1453809600,395.02,406.69999,390.63,395.95,519.42877653,387
1453852800,395.94988,401.4799,393.71033,398.0,76.92952595,248
1453896000,396.4026,399.07376,393.11001,395.35535,123.99246213,288
1453939200,396.55,397.84,376.96522,382.5,160.15374432,200
1453982400,382.5,386.83,378.73001,380.0,156.81370738,808
1454025600,380.0001,385.63,365.0001,385.5101,309.08307085,1122
1454068800,385.51011,385.51011,371.69,379.91559,304.70736453,315
1454112000,379.91559,382.47158,376.12,380.72999,88.07126221,73
1454155200,378.69011,380.99,378.0,378.0001,119.7030885,146
1454198400,379.22745,380.9998,378.0,378.00111,61.77071212,115
1454241600,378.00111,380.9998,366.16011,369.18991,147.43063479,518
1454284800,369.18991,379.99987,366.16054,378.56423,215.84369496,572
1454328000,377.81207,379.53498,368.79499,372.19,309.29533413,111
1454371200,372.15,374.97619,372.00001,374.94178,86.01824271,128
1454414400,374.40737,376.67565,372.35352,373.4899,275.84412403,126
1454457600,372.44,373.49,369.08143,373.0,35.66260507,46
1454500800,371.67002,373.59732,365.78233,368.14,182.6469933,137
1454544000,368.66,377.86999,368.66,373.61234,42.68151343,122
1454587200,374.669,392.0,373.87001,389.71,339.0776588,246
1454630400,389.71,390.55961,385.38423,389.87225,191.70259997,97
1454673600,389.87225,390.51725,382.47764,387.22,284.47610449,606
1454716800,384.00012,384.94113,367.70524,375.97,336.04523261,266
1454760000,375.93998,377.3,372.99067,375.7,78.85216857,73
1454803200,375.7,377.62,373.8,376.63269,48.45875506,57
1454846400,377.099,381.22988,371.5501,372.1236,135.0874611,369
1454889600,373.79,377.77941,373.21,377.22876,193.75303189,271
1454932800,376.63267,377.77707,371.6601,373.47,249.42100857,237
1454976000,371.99999,377.31376,371.26178,376.51996,192.09397287,200
1455019200,374.55995,381.39723,374.44464,374.44476,625.31180215,451
1455062400,374.96927,379.48,371.70825,378.07,617.22924656,913
1455105600,377.0,384.75592,375.07878,380.00001,556.95845201,618
1455148800,380.0,383.95,375.79472,380.70428,529.16932225,829
1455192000,379.24001,382.32999,373.67,377.76,803.3300705,971
1455235200,377.76,382.50999,375.76,379.17001,532.5574211,597
1455278400,381.0,383.48999,378.03001,380.91,444.96167013,527
1455321600,381.45,391.14,380.91001,387.18,470.5244177,695
1455364800,388.5,390.0,385.01524,390.0,316.98544732,631
1455408000,390.99999,398.63796,388.7201,396.82449,438.70226703,564
1455451200,394.70012,407.34542,392.70264,404.75079,217.51955019,379
1455494400,404.75079,409.30768,393.32,393.51001,502.2856136,519
1455537600,396.0,402.51381,392.0,392.00087,211.56590924,359
1455580800,395.99769,401.94518,390.10001,401.84927,475.49737891,394
1455624000,401.78999,408.6,400.75124,405.5,548.99053285,893
1455667200,405.23881,414.72999,403.01282,410.47771,468.47197547,1253
1455710400,412.83,421.7991,411.09,413.86,730.76708572,785
1455753600,413.49001,424.78854,411.46001,421.35,374.19678572,823
1455796800,421.35,424.70986,414.38,421.17,446.65985909,466
1455840000,420.01,421.01,413.1337,417.99,143.44885449,358
1455883200,418.0,420.99,415.73527,417.5813,302.40006313,189
1455926400,418.49997,430.69996,418.21018,426.97,548.67300541,236
1455969600,428.77045,442.0,428.00619,435.0,588.8079866,460
1456012800,436.15713,443.99999,433.62301,440.52004,338.97039044,370
1456056000,443.0,443.0,422.49602,433.389,518.60671517,553
1456099200,431.20361,434.99999,422.0,433.1532,235.93653727,493
1456142400,433.61724,437.14394,425.01,433.5111,681.82865826,818
1456185600,431.82001,437.14641,418.56599,421.18188,623.50930722,505
1456228800,421.0,423.7873,414.28892,417.47006,580.88877571,488
1456272000,417.44374,423.79339,408.14416,416.94448,206.08966584,173
1456315200,416.744,427.1,416.744,423.20278,562.03083691,595
1456358400,423.99999,425.99998,416.69864,421.60171,476.0328449,486
1456401600,421.85278,424.50756,420.00001,421.85,270.22494188,414
1456444800,422.76984,425.72914,417.64758,423.5,146.75665898,288
1456488000,425.96998,433.0,420.54,433.0,312.4195551,390
1456531200,433.04,435.99809,429.2163,430.51142,286.41848411,316
1456574400,430.55202,433.71389,428.5,432.92,328.58943124,409
1456617600,432.49,432.49,421.07001,423.5,67.44967968,430
1456660800,423.5,434.98,423.5,430.77929,109.97191013,165
1456704000,430.77929,442.0,429.28651,433.14001,213.21178552,224
1456747200,433.95001,439.20255,430.63167,438.24,370.83101233,308
1456790400,437.893,439.406,427.528,433.98,371.18554517,305
1456833600,430.657,434.5,422.794,431.48,1436.75811766,873
1456876800,431.48,432.475,412.0,427.21,428.49076682,552
1456920000,427.23,428.921,420.0,421.17,916.42796746,761
1456963200,421.71,422.76,417.058,419.522,677.13117932,642
1457006400,419.395,431.111,417.0,419.621,2982.03898282,1783
1457049600,421.33,424.49,417.8,418.01,422.84800357,576
1457092800,419.22,422.619,404.87,406.67,2597.4124253,2065
1457136000,406.67,407.77,401.002,402.878,1604.10039159,1715
1457179200,404.47,405.294,388.401,393.161,2791.22595261,1283
1457222400,393.18,405.0,387.27,403.0,916.9332537,800
1457265600,403.0,410.057,400.413,400.649,813.43206027,652
1457308800,400.649,408.494,397.395,408.494,479.62336613,620
1457352000,407.718,414.12,404.211,410.01,810.05548451,1049
1457395200,410.453,414.357,407.927,410.75,693.27236927,710
1457438400,410.305,412.98,407.5,412.04,621.78752807,453
1457481600,411.92,412.2,406.45,408.78,1029.67257931,604
1457524800,410.709,414.735,407.98,411.93,534.5126732,415
1457568000,410.52,412.7,409.42,411.51,583.65628601,551
1457611200,411.7,429.702,410.575,415.83,2188.54684881,1539
1457654400,416.5,423.65,415.0,420.341,1095.01985134,774
1457697600,421.379,422.0,418.5,420.349,426.4915824,474
1457740800,419.19,420.589,409.0,410.8,2557.5647895,1950
1457784000,410.8,413.447,406.15,406.655,1743.87622142,901
1457827200,408.681,413.613,406.66,413.0,1069.45555745,1139
1457870400,412.072,413.615,408.277,408.32,1085.92356232,851
1457913600,410.331,415.0,407.74,412.729,1992.5097837,1275
1457956800,411.61,416.966,409.945,414.431,1349.06462508,1307
1458000000,414.5,417.089,412.173,416.2,1177.67620899,783
1458043200,416.301,416.979,412.3,415.14,604.68199691,599
1458086400,415.29,416.419,412.871,416.27,529.83833568,674
1458129600,415.0,419.04,413.88,418.166,1075.80265899,1608
1458172800,418.166,421.57,416.83,421.015,661.0884495,678
1458216000,421.015,422.69,418.338,419.812,1180.66117848,1049
1458259200,420.995,420.996,415.16,415.16,1042.53737703,1070
1458302400,415.16,416.44,405.031,407.901,2181.99616753,1409
1458345600,407.902,411.443,407.0,410.849,1095.62560698,709
1458388800,410.176,411.416,405.527,409.53,754.99456915,601
1458432000,409.92,412.598,409.92,412.425,251.01685055,195
1458475200,412.412,414.818,411.0,413.639,554.36202583,587
1458518400,413.189,413.189,407.676,408.807,395.07265509,451
1458561600,409.38,414.359,408.86,412.318,949.19150859,726
1458604800,412.25,417.88,411.169,416.44,959.03397462,490
1458648000,416.213,417.9,414.451,417.16,690.56148889,616
1458691200,417.89,417.98,411.89,415.0,445.96442976,356
1458734400,415.0,417.789,411.89,416.0,828.3534287,673
1458777600,415.566,417.78,413.12,416.199,839.35885279,802
1458820800,416.189,417.779,414.738,415.04,348.49188269,414
1458864000,415.03,417.244,413.61,416.809,332.42444182,298
1458907200,416.799,419.759,415.235,415.341,610.97007903,483
1458950400,415.851,418.4,415.806,416.404,683.64024693,281
1458993600,417.25,417.63,415.28,417.573,294.90654395,188
1459036800,417.573,418.365,415.9,418.365,125.51495522,134
1459080000,418.379,429.999,417.391,425.007,1167.45753723,688
1459123200,425.012,426.39,424.0,425.365,549.97792751,574
1459166400,425.65,425.65,421.134,423.0,587.4893803,396
1459209600,422.51,428.109,415.0,415.0,544.11548434,259
1459252800,415.0,417.0,405.0,416.7,690.29945846,536
1459296000,414.88,416.01,410.39,413.803,392.88417717,369
1459339200,411.918,415.537,409.123,412.432,650.04842029,588
1459382400,412.432,417.157,412.422,415.29,1097.6308952,269
1459425600,415.258,419.988,414.045,416.1,995.75571583,479
1459468800,416.1,418.527,415.5,418.372,324.93937754,211
1459512000,417.69,419.039,416.728,417.9,323.10607239,170
1459555200,417.9,423.17,417.9,421.0,347.24221871,239
1459598400,421.001,422.0,419.866,421.0,176.77962136,112
1459641600,420.631,421.66,418.61,420.051,376.14888431,201
1459684800,419.311,421.549,417.959,421.497,119.78572188,108
1459728000,421.48,421.6,418.65,418.73,205.92131185,179
1459771200,418.76,421.25,417.542,420.99,376.57569733,218
1459814400,419.51,424.97,419.5,421.56,333.62092887,272
1459857600,422.799,424.49,421.507,422.76,651.39654888,449
1459900800,423.0,424.49,421.56,423.09,264.07284042,194
1459944000,423.049,424.611,421.581,423.55,627.80965984,387
1459987200,423.54,423.991,420.06,421.96,377.36581779,128
1460030400,421.4,424.39,420.33,422.01,670.15636639,230
1460073600,422.27,425.96,421.499,423.161,249.52744023,229
1460116800,424.175,425.406,418.0,418.551,611.04709047,581
1460160000,419.351,420.75,415.0,419.776,399.95986457,195
1460203200,419.759,419.993,417.465,418.079,447.14672061,416
1460246400,418.095,422.779,416.96,421.092,832.28809766,679
1460289600,420.28,422.919,419.711,420.8,821.29598796,741
1460332800,420.65,422.899,420.226,420.845,790.06916183,594
1460376000,421.73,424.5,421.004,423.53,466.0228279,373
1460419200,423.0,430.358,423.0,425.449,652.914044,808
1460462400,425.449,428.557,424.069,426.71,503.07233926,541
1460505600,426.69,427.71,422.882,423.27,577.33786445,395
1460548800,424.16,425.429,422.0,423.538,607.80628638,478
1460592000,424.12,425.053,422.385,423.02,244.21719216,224
1460635200,424.479,425.772,423.133,424.519,268.96842655,173
1460678400,426.04,428.579,424.647,428.579,157.25514516,173
1460721600,428.579,431.02,427.461,429.25,479.82807495,297
1460764800,428.588,434.225,428.57,432.442,525.48004089,282
1460808000,430.878,430.987,427.972,428.649,257.28842584,300
1460851200,430.1,431.366,426.989,427.091,275.37560681,318
1460894400,428.515,428.985,424.578,427.55,286.29041387,189
1460937600,426.77,429.798,426.77,428.5,387.83417595,468
1460980800,428.03,429.062,426.28,427.42,653.49965413,454
1461024000,427.42,429.637,426.8,428.58,290.67919413,184
1461067200,428.58,437.998,427.65,436.277,884.05775591,405
1461110400,435.999,437.624,434.27,436.34,631.88966254,327
1461153600,436.34,444.0,435.727,440.965,941.60102746,383
1461196800,440.965,445.0,440.11,444.12,312.12367535,156
1461240000,443.4,451.339,440.347,450.118,617.36934271,499
1461283200,449.166,450.09,442.7,448.92,407.51780801,246
1461326400,448.549,449.079,444.597,447.559,229.66017034,237
1461369600,446.003,448.78,443.216,448.036,270.91384533,162
1461412800,447.5,450.711,445.5,450.711,426.88613211,251
1461456000,450.711,456.398,450.711,452.719,512.97453986,217
1461499200,453.0,460.0,445.4,459.5,606.8163927,384
1461542400,459.5,460.68,452.5,453.0,338.95724436,173
1461585600,455.0,469.69,454.426,461.882,1160.97059064,617
1461628800,464.358,467.979,462.085,464.048,260.98870982,307
1461672000,464.76,470.0,463.01,467.49,642.15398149,310
1461715200,466.84,469.178,464.71,466.97,160.12958723,196
1461758400,465.69,466.67,444.0,444.01,1421.52089829,639
1461801600,445.99,448.024,435.427,448.024,806.7789314,401
1461844800,448.019,452.005,445.563,450.42,958.64417521,450
1461888000,450.49,452.108,447.39,449.955,439.95581445,295
1461931200,451.052,457.59,451.052,457.59,503.29818704,279
1461974400,458.12,458.12,453.454,455.11,391.12314519,307
1462017600,454.33,456.2,446.44,448.906,791.93817747,757
1462060800,448.904,453.749,446.851,451.45,100.24816877,127
1462104000,452.707,454.469,449.794,452.072,186.20554278,105
1462147200,452.34,453.58,440.0,443.85,692.39262815,609
1462190400,443.75,448.342,440.52,444.535,663.7926425,288
1462233600,444.552,450.0,442.52,448.476,584.91781382,381
1462276800,449.282,452.52,446.881,451.75,640.4855991,382
1462320000,451.52,451.725,444.86,446.5,319.03718959,203
1462363200,446.5,448.716,445.51,447.841,397.8624038,196
1462406400,447.768,450.0,447.25,447.98,419.07036364,132
1462449600,447.81499,449.48,447.224,448.71,223.47277928,224
1462492800,448.71,451.0,447.171,450.0,977.80221395,285
1462536000,449.474,462.369,449.474,462.341,866.1261118,448
1462579200,459.57,461.77,458.15,459.832,104.85760961,97
1462622400,460.93,462.152,457.92,459.47,175.90916379,146
1462665600,459.0,461.788,455.948,459.029,261.9972928,230
1462708800,457.641,460.11,456.019,459.1,397.28760195,132
1462752000,458.08,459.47,455.99,457.51,147.04788045,126
1462795200,457.988,464.99,457.78,461.99,1103.2863654,283
1462838400,461.721,463.49,450.0,453.757,594.79793851,264
1462881600,453.741,456.568,452.0,452.13,418.44561641,228
1462924800,452.569,455.0,450.99,453.586,1177.63578539,315
1462968000,453.578,455.0,451.563,453.21,625.6822996,370
1463011200,453.29,454.33,449.394,451.018,413.16290848,305
1463054400,450.515,455.95,449.998,455.95,427.31720682,377
1463097600,455.949,457.08,452.612,455.283,630.06016963,364
1463140800,455.283,457.5,454.298,456.281,655.41643506,311
1463184000,456.863,458.059,453.786,455.61,627.98976154,363
1463227200,455.74,457.85,454.34,454.581,328.21488902,111
1463270400,455.4,456.744,454.14,456.744,124.21520236,120
1463313600,456.193,459.787,454.44,457.649,149.59290084,147
1463356800,457.397,458.0,455.716,457.786,193.41526684,227
1463400000,457.785,458.0,450.167,453.769,1075.82422469,561
1463443200,453.0,454.879,451.001,452.194,219.83309223,217
1463486400,452.0,454.91,451.0,453.283,883.76854962,574
1463529600,452.788,455.88,452.731,454.0,670.92854597,356
1463572800,454.3,454.89,452.345,452.35,635.28636755,375
1463616000,453.29,453.8,440.0,443.55,526.34799332,381
1463659200,443.54,449.54,429.0,429.0,874.05095663,736
1463702400,429.0,439.979,427.061,439.979,457.05229586,323
1463745600,439.979,442.629,431.0,435.255,517.47564041,443
1463788800,439.8,440.269,431.012,435.0,323.25786394,264
1463832000,434.517,441.0,433.21,438.551,350.84926922,231
1463875200,438.561,442.0,433.34,441.67,1033.42295809,264
1463918400,440.584,441.68,436.799,437.45,1761.11423295,700
1463961600,437.52,442.575,435.55,442.236,2152.10239826,478
1464004800,440.207,444.012,439.0,442.99,741.63221206,669
1464048000,442.99,444.506,441.48,443.876,583.43525542,444
1464091200,444.36,445.785,442.938,444.516,821.27767237,553
1464134400,443.06,449.0,443.02,447.41,238.92687654,197
1464177600,447.51,449.21,445.63,448.3,376.25902808,362
1464220800,448.3,451.5,445.19,450.08,455.55333356,302
1464264000,450.5,452.45,449.794,452.409,453.14524928,311
1464307200,452.409,477.0,452.409,468.02,1009.35253154,1083
1464350400,470.001,476.13,466.083,471.471,851.79307031,777
1464393600,471.471,497.89,450.55,492.8,1550.18714306,1012
1464436800,491.003,545.0,485.09,522.0,3637.63860967,1975
1464480000,523.998,527.0,504.001,522.996,901.93791657,1081
1464523200,522.99,549.0,470.0,518.982,1702.08417375,1005
1464566400,521.349,540.0,518.977,538.163,502.07052257,574
1464609600,536.301,539.0,521.001,529.0,423.83699251,568
1464652800,529.0,544.53,528.0,540.0,830.43725263,718
1464696000,541.632,543.178,510.965,531.19,1885.30850865,1377
1464739200,530.834,536.197,485.895,533.96,787.87404348,712
1464782400,535.155,541.77,525.001,535.565,1202.63856597,583
1464825600,535.231,539.675,532.094,537.584,269.29522365,278
1464868800,536.762,539.545,531.523,537.122,1587.64443268,459
1464912000,536.928,559.91,536.061,551.0,697.31338243,427
1464955200,552.834,576.03,551.72,569.0,1975.8823905,1183
1464998400,569.382,588.71,567.7,573.029,1387.10159698,737
1465041600,572.274,576.079,562.0,572.447,1073.59141893,513
1465084800,573.121,583.0,573.0,577.157,516.12722936,305
1465128000,578.27,583.669,568.069,574.074,658.45101357,450
1465171200,573.353,585.42,573.353,582.602,304.29657568,255
1465214400,582.706,586.299,580.36,585.0,717.42541074,468
1465257600,584.99,589.91,583.04,587.118,392.70957181,310
1465300800,586.349,587.19,565.38,578.2,3052.2977564,1078
1465344000,578.3,582.13,571.709,581.584,532.70397539,478
1465387200,581.09,582.07,575.862,581.98,816.67750332,451
1465430400,581.98,581.98,577.874,581.119,251.80630799,198
1465473600,579.42,580.507,571.596,575.014,1119.77934517,311
1465516800,576.286,581.8,572.878,577.64,696.16691111,245
1465560000,578.423,581.0,575.862,579.77,682.78663645,345
1465603200,580.574,586.998,579.28,583.892,321.1501234,298
1465646400,583.892,609.436,582.191,609.421,1353.05240911,629
1465689600,608.726,648.309,603.0,642.0,2108.60450953,1472
1465732800,642.0,683.057,636.512,667.063,3014.30521252,1885
1465776000,670.47,697.5,659.001,696.999,1338.74419928,1510
1465819200,695.81,717.794,675.742,703.369,2613.32432065,1676
1465862400,703.369,703.95,680.0,685.349,1263.50958671,989
1465905600,687.654,693.99,647.264,685.75,3092.15899491,1958
1465948800,683.665,685.81,671.578,682.15,653.08753251,802
1465992000,683.0,697.594,678.09,696.0,1242.51935512,683
1466035200,696.0,750.0,695.57,734.23,2698.72388422,1943
1466078400,734.23,776.709,732.131,763.008,3019.61267075,1914
1466121600,766.659,776.0,702.0,742.998,3139.29241937,3625
1466164800,742.0,765.748,735.11,749.67,2688.82068099,3147
1466208000,750.49,761.999,728.867,756.127,1478.13529005,2152
1466251200,755.766,781.148,745.0,758.11,4489.85050669,3925
1466294400,758.23,765.002,745.03,757.259,1044.67680933,1364
1466337600,755.74449,769.99,755.482,765.49,1445.82041218,1416
1466380800,765.692,768.827,747.567,749.367,1376.10879533,1418
1466424000,749.367,756.379,725.02,735.39,2508.24689156,1643
1466467200,733.561,735.0,662.23,665.001,3845.33199868,3063
1466510400,665.0,682.3,630.203,667.725,4535.34348408,3029
1466553600,666.65,679.853,653.401,666.647,1657.85271923,1444
1466596800,666.647,673.229,580.0,601.936,5524.49531087,3015
1466640000,599.88,605.572,551.494,594.389,2535.771148,2107
1466683200,590.502,635.0,561.928,627.375,2247.90043837,1873
1466726400,628.343,762.24,627.59,659.98,4623.39482089,4117
1466769600,659.929,675.423,641.642,672.203,1303.98256265,1646
1466812800,672.29,703.335,667.033,680.21,1257.31943361,1303
1466856000,680.43,689.5,641.414,673.893,992.2410305,1215
1466899200,673.7,676.205,646.973,660.875,433.94857531,951
1466942400,660.875,664.857,615.257,630.0,897.25139754,916
1466985600,629.999,664.076,627.0,640.0,613.27796101,531
1467028800,640.0,663.525,632.599,663.499,655.42192671,590
1467072000,663.82,664.857,644.92,655.77,937.03909571,717
1467115200,654.371,657.337,640.0,649.322,1532.76560122,1254
1467158400,647.5,648.349,615.854,636.0,1272.42717187,706
1467201600,636.0,646.601,631.22,643.119,797.02507845,560
1467244800,638.567,659.07,635.0,655.0,391.30081137,355
1467288000,655.0,675.0,652.5,671.524,1287.02158053,968
1467331200,672.22,691.204,665.851,679.94,1098.44110324,1216
1467374400,679.83,684.229,667.7,674.0,987.840476,978
1467417600,674.67,695.1,674.67,691.443,623.28977105,573
1467460800,691.25,703.95,688.26,702.31,614.68307708,737
1467504000,703.95,703.96,667.303,683.2,938.12853494,1001
1467547200,681.5,682.652,644.65,655.84,604.81681063,1152
1467590400,656.331,678.342,645.0,671.068,436.98827989,654
1467633600,671.122,684.73,663.99,675.001,1281.82692313,836
1467676800,678.848,683.078,666.4,670.6,381.36281067,485
1467720000,676.5,676.848,659.566,669.21,521.50801688,734
1467763200,669.45,680.99,666.01,670.05,429.81319366,664
1467806400,672.0,681.99,669.95,677.1,500.0866151,517
1467849600,678.84,681.99,631.0,646.732,1122.63459408,1349
1467892800,646.5,647.0,610.699,640.4,1762.65705425,1199
1467936000,640.4,649.0,634.04,644.99,632.78252068,541
1467979200,644.99,671.933,644.0,671.436,1195.77865443,1267
1468022400,671.932,671.932,645.471,653.54,427.07280021,829
1468065600,653.0,667.36,622.0,652.0,1481.22315262,1430
1468108800,652.0,655.65,642.425,646.42,226.31947541,356
1468152000,646.42,653.34,643.0,650.07,223.84835685,276
1468195200,652.54,663.315,645.315,647.97,458.0801753,439
1468238400,647.97,653.6,645.38,650.78,356.07708246,661
1468281600,650.72,658.86,647.14,654.76,210.71853781,308
1468324800,655.999,675.98,654.201,666.0,803.69155753,870
1468368000,665.41,669.795,660.0,666.0,335.52689597,559
1468411200,665.421,667.417,655.1,655.11,614.06835531,675
1468454400,654.22,660.731,650.0,658.85,257.79531523,487
1468497600,659.12,665.916,656.505,662.99,848.97373557,960
1468540800,661.25,668.999,660.0,665.38,524.50201751,716
1468584000,665.39,667.858,660.0,665.15,627.09912517,677
1468627200,665.15,669.102,663.725,663.725,175.50775317,299
1468670400,666.99,667.24,661.0,665.0,260.33684898,322
1468713600,665.0,670.0,661.52,667.48,225.84420685,691
1468756800,668.45,685.0,668.42,681.86,707.7511604,907
1468800000,680.3,683.999,677.771,679.31,269.78782527,385
1468843200,681.846,686.0,667.584,674.79,1022.24326137,759
1468886400,673.93,676.55,666.016,673.41,237.75904071,382
1468929600,673.41,675.18,666.681,673.092,758.57046374,621
1468972800,672.721,676.148,668.4,668.4,554.36253012,378
1469016000,668.67,673.54,660.0,666.161,1020.76725584,976
1469059200,667.49,667.49,658.891,664.4,125.05884373,258
1469102400,664.21,669.459,664.21,665.88,405.52815613,472
1469145600,665.549,668.969,658.659,660.236,554.99095475,560
1469188800,660.29,663.25,644.545,651.15,977.2885135,1490
1469232000,651.15,659.146,645.939,655.939,433.62662411,744
1469275200,655.41,660.0,651.99,657.718,278.71866713,417
1469318400,657.718,661.42,651.98,659.616,350.36476197,712
1469361600,660.59,668.438,654.56,663.366,533.69004899,836
1469404800,661.73,664.675,653.16,653.16,515.030467,776
1469448000,653.17,659.139,651.736,651.736,342.43941764,417
1469491200,653.153,657.71,642.5,648.01,362.76478384,520
1469534400,648.03,659.1,648.01,650.0,785.44002935,1208
1469577600,651.82,656.054,648.0,651.998,496.16281521,776
1469620800,651.998,663.942,650.707,656.979,1256.56452371,1672
1469664000,656.979,661.1,654.12,658.04,321.42645341,982
1469707200,658.01,660.9,651.696,656.08,555.04973083,1517
1469750400,655.98,658.04,651.697,657.32,317.1131172,744
1469793600,657.319,659.569,653.0,656.86,677.95974728,514
1469836800,656.869,657.999,651.9,656.001,259.58689529,350
1469880000,656.001,658.177,651.9,655.72,187.55072299,409
1469923200,653.74,655.799,627.0,630.59,674.34748239,1019
1469966400,630.59,639.89,620.0,622.57,700.67502637,1086
1470009600,623.52,627.046,609.325,621.826,1708.74137932,2176
1470052800,621.826,626.895,601.012,602.551,861.35851471,1421
1470096000,602.552,611.436,590.0,602.28,1748.85162199,2742
1470139200,602.23,608.812,479.0,540.0,6037.83574757,6138
1470182400,539.599,549.999,515.271,545.2,2481.99097541,1854
1470225600,548.001,572.0,530.185,569.82,2231.47949121,2339
1470268800,567.576,586.154,566.157,580.4,1100.49305146,1538
1470312000,581.034,588.999,566.74,582.683,1634.23581294,2691
1470355200,582.68,584.41,568.138,572.93,419.92044062,942
1470398400,572.93,580.0,567.408,575.64,578.18964306,778
1470441600,575.64,580.0,569.876,572.491,390.8057919,715
1470484800,572.501,597.998,571.21,591.758,662.05864168,1062
1470528000,591.759,599.0,589.0,594.751,424.66347669,1083
1470571200,597.299,607.508,570.11,595.0,915.52776822,1480
1470614400,595.5,595.75,588.03,590.24,141.61066731,465
1470657600,593.25,597.348,585.0,591.831,795.33631776,1156
1470700800,591.831,591.962,585.0,588.21,238.21249821,579
1470744000,588.31,592.0,583.2,586.22,825.54403783,1276
1470787200,586.308,589.32,582.0,584.701,596.53240003,1002
1470830400,584.702,603.144,584.701,591.0,1269.11624163,1735
1470873600,590.061,597.566,589.0,597.0,700.43692979,852
1470916800,597.001,599.98,588.0,588.01,886.64705544,1108
1470960000,589.37,592.187,582.51,585.566,379.32433801,904
1471003200,585.56,590.0,584.1,588.32,566.43844396,780
1471046400,586.69,590.66,583.311,588.6,241.57539739,275
1471089600,588.6,590.79,581.101,584.82,280.30550153,270
1471132800,583.84,584.58,573.0,573.0,273.81395373,276
1471176000,574.58,575.522,561.4,570.56,738.97851766,763
1471219200,570.56,575.0,567.0,572.54,324.77421604,398
1471262400,571.02,571.48,561.479,566.52,467.47971079,574
1471305600,568.25,572.787,565.338,569.0,198.80939913,416
1471348800,569.0,587.803,568.184,579.61,1015.06428841,556
1471392000,579.61,581.061,573.502,577.24,206.86258114,321
1471435200,576.958,577.232,569.541,573.28,539.05492838,623
1471478400,573.679,575.968,570.83,574.98,218.31377838,281
1471521600,575.0,579.36,570.811,575.56,393.58345683,418
1471564800,572.79,575.96,572.22,574.6,220.20631102,302
1471608000,573.87,577.987,572.8,572.9,378.48198393,301
1471651200,572.95,582.0,572.03,582.0,247.78947383,418
1471694400,581.01,584.0,577.004,582.15,224.05497949,507
1471737600,581.331,585.0,580.075,581.001,122.29193407,260
1471780800,581.001,586.12,577.519,581.53,267.64039059,232
1471824000,581.301,583.366,579.85,583.21,73.65535588,163
1471867200,582.03,592.132,582.03,584.99,724.20552113,662
1471910400,586.0,588.99,580.57,581.85,274.15765088,423
1471953600,581.84,587.713,580.1,583.38,504.50591305,551
1471996800,584.86,587.713,581.0,582.44,148.34042616,320
1472040000,582.44,583.51,579.36,582.109,385.95190346,557
1472083200,580.999,582.247,573.125,575.0,677.38646417,627
1472126400,574.07,578.288,569.89,576.94,676.68730709,429
1472169600,577.08,578.4,572.994,577.34,118.01732751,244
1472212800,577.02,580.512,577.01,579.36,209.00569119,325
1472256000,579.35,579.705,573.569,573.95,241.02289499,279
1472299200,575.1,577.151,564.271,570.22,408.67286808,748
1472342400,570.16,577.1,568.464,576.43,255.34236473,479
1472385600,576.42,580.965,573.425,576.043,305.85642207,609
1472428800,578.99,582.01,574.728,577.0,270.17232399,407
1472472000,577.08,579.83,570.471,575.492,589.89173099,338
1472515200,573.552,581.7,573.416,579.0,412.30951501,381
1472558400,578.0,580.0,574.724,578.96,310.55204873,812
1472601600,577.24,578.83,571.024,573.0,151.50182131,404
1472644800,573.45,576.4,569.42,574.22,341.86904928,955
1472688000,574.21,575.0,568.235,570.893,473.92148343,1401
1472731200,571.9,574.501,570.53,572.0,531.60995388,870
1472774400,572.0,573.999,565.556,571.721,427.5598372,415
1472817600,573.011,577.1,572.401,577.1,630.37449404,868
1472860800,576.653,577.623,572.131,576.52,224.62534486,281
1472904000,576.52,605.325,573.281,601.0,1060.06054744,969
1472947200,601.0,604.49,598.297,603.57,282.48915671,306
1472990400,604.49,616.68,603.35,609.74,672.59538183,717
1473033600,612.299,612.299,602.21,602.579,307.96846785,295
1473076800,602.3,610.984,602.001,609.874,421.37691916,339
1473120000,609.634,609.96,605.0,608.5,221.81313784,434
1473163200,609.96,613.999,607.036,612.001,264.28309111,378
1473206400,613.318,614.598,606.35,614.598,462.28560995,452
1473249600,612.17,617.375,610.58,617.335,559.19285754,620
1473292800,617.333,631.99,615.0,631.99,315.61223135,492
1473336000,631.98,635.62,622.366,631.119,650.71361716,661
1473379200,627.083,630.075,621.249,625.53,310.59488687,364
1473422400,623.121,628.073,621.654,626.1,265.98986673,479
1473465600,625.78,629.241,623.836,625.0,137.8260151,297
1473508800,625.0,628.0,622.771,624.889,299.53994056,516
1473552000,624.889,628.0,622.774,625.228,161.00154441,384
1473595200,626.0,634.77,595.162,608.256,643.99247096,821
1473638400,611.299,613.541,607.153,611.0,226.42203582,364
1473681600,609.0,612.34,607.891,611.107,285.75617275,484
1473724800,611.107,614.722,608.7,612.4,339.7586048,319
1473768000,612.4,616.999,607.761,615.289,395.81848004,600
1473811200,612.37,615.695,612.184,614.6,129.87030634,253
1473854400,614.612,616.845,610.75,613.971,528.10495723,557
1473897600,612.5,615.015,609.051,612.85,266.4242962,285
1473940800,613.001,615.8,609.78,609.962,267.34081182,347
1473984000,612.917,613.0,609.08,609.73,164.24883416,228
1474027200,609.519,611.0,606.667,607.98,284.26262935,506
1474070400,610.083,610.084,607.0,607.01,79.62323409,176
1474113600,607.78,610.083,604.583,606.8,245.93747204,294
1474156800,609.93,612.98,607.29,611.272,122.6865146,225
1474200000,612.72,614.509,610.002,611.989,203.18239308,381
1474243200,612.94,614.59,610.19,612.168,156.47136019,233
1474286400,612.168,612.299,605.059,609.2,462.68290076,348
1474329600,611.059,612.0,607.447,608.481,439.16219701,400
1474372800,608.848,611.157,603.8,603.8,445.23181645,407
1474416000,603.106,603.106,592.002,597.04,489.4832733,656
1474459200,597.057,601.229,595.0,599.65,496.01869013,464
1474502400,598.925,600.758,595.37,596.17,244.05118206,203
1474545600,596.22,599.019,595.053,595.053,258.37565914,308
1474588800,595.071,599.01,595.07,599.01,161.86303857,156
1474632000,599.01,604.557,598.251,604.168,345.65842401,287
1474675200,604.169,607.632,602.01,606.91,237.44622585,317
1474718400,605.0,606.967,601.5,603.999,72.12385326,110
1474761600,601.7,603.889,599.376,603.0,189.09329349,136
1474804800,603.0,603.63,598.0,599.998,264.23081724,171
1474848000,599.998,607.699,599.0,607.5,209.12525023,229
1474891200,607.734,608.98,603.817,608.98,561.03069449,379
1474934400,608.978,609.109,603.91,603.91,324.0272398,336
1474977600,605.931,608.174,600.689,606.505,395.74730034,283
1475020800,606.577,607.589,601.849,605.91,231.97095541,264
1475064000,606.001,606.001,604.25,604.999,184.32549725,203
1475107200,604.999,609.1,604.25,606.999,277.25510905,302
1475150400,606.999,609.304,605.5,607.369,217.4366912,228
1475193600,607.368,607.683,605.58,607.202,138.35616802,112
1475236800,607.21,612.5,604.026,612.5,406.0641459,354
1475280000,612.5,615.803,612.0,615.0,162.07202648,175
1475323200,614.0,617.299,613.551,614.385,278.28398512,229
1475366400,614.27,615.98,610.002,612.658,103.1977745,145
1475409600,611.6,612.791,607.148,611.837,251.04353063,164
1475452800,611.758,613.1,609.02,613.1,310.55762184,110
1475496000,612.111,613.661,610.02,613.598,258.70608191,252
1475539200,613.597,613.598,608.001,611.56,153.5454639,238
1475582400,610.009,612.004,608.5,612.0,277.85831512,418
1475625600,611.998,612.809,608.939,612.5,133.32976768,314
1475668800,612.499,616.091,611.845,614.956,700.46748631,664
1475712000,614.999,615.967,612.296,614.999,212.77611115,357
1475755200,614.68,615.005,611.258,614.996,176.07559322,302
1475798400,611.965,619.0,611.352,618.0,577.7684696,308
1475841600,617.81,623.0,614.829,618.529,1082.02627926,543
1475884800,618.501,623.102,617.979,621.118,381.93092871,466
1475928000,620.279,620.816,617.55,620.79,142.86548487,265
1475971200,620.01,620.79,615.006,617.468,174.4852785,294
1476014400,617.216,619.747,615.472,616.51,191.95367959,255
1476057600,615.851,619.9,615.09,617.301,512.84599526,540
1476100800,617.409,619.3,614.829,618.76,242.80956603,440
1476144000,618.86,640.402,616.32,637.26,744.84945696,729
1476187200,634.609,645.415,634.6,643.355,686.81004632,506
1476230400,640.976,643.415,635.785,640.48,289.8226649,309
1476273600,640.49,641.97,633.282,635.28,489.39566533,476
1476316800,634.731,639.975,633.0,639.275,267.30569425,350
1476360000,639.282,639.931,630.15,634.243,486.50692335,682
1476403200,634.243,640.534,631.686,639.32,368.51207642,395
1476446400,639.32,643.0,636.368,640.61,567.83865196,418
1476489600,640.61,644.4,639.191,641.07,161.44983773,167
1476532800,642.602,647.0,636.396,640.749,376.76305026,379
1476576000,640.749,644.997,638.75,641.872,79.03485076,149
1476619200,644.187,645.06,640.772,643.28,121.54188708,176
1476662400,641.521,643.549,638.52,640.8,298.45286636,525
1476705600,640.0,641.619,637.8,640.976,315.19208102,437
1476748800,640.99,640.993,636.111,637.212,218.14957595,222
1476792000,640.359,641.1,634.101,636.97,376.33487368,389
1476835200,636.508,639.636,633.071,634.81,438.99940145,520
1476878400,634.529,636.5,623.734,631.5,610.27929618,623
1476921600,631.499,632.4,627.011,631.999,167.18703284,185
1476964800,631.848,633.416,627.072,630.05,290.11104022,264
1477008000,630.05,638.0,630.05,632.258,372.64836332,419
1477051200,632.0,634.458,631.006,634.43,363.23077096,358
1477094400,634.449,640.999,627.0,640.28,371.6490568,336
1477137600,640.999,669.86,640.001,661.223,1108.79446733,1121
1477180800,663.499,669.0,652.793,657.538,474.61800004,556
1477224000,657.252,663.63,653.93,657.683,310.51272869,317
1477267200,655.255,657.88,650.01,654.117,462.36170502,492
1477310400,653.111,654.999,645.807,652.63,899.87123451,638
1477353600,652.63,662.51,652.51,655.3,657.42762288,778
1477396800,656.02,664.0,651.99,655.889,1006.80769899,991
1477440000,655.889,663.861,655.303,662.25,420.53371118,527
1477483200,662.23,679.0,662.23,677.318,1176.17343628,1219
1477526400,677.318,687.844,674.629,684.99,555.9309201,774
1477569600,683.49,686.795,678.0,686.788,974.16538902,833
1477612800,686.781,688.94,682.851,687.965,379.11148965,467
1477656000,688.0,691.784,683.9,690.0,830.05673685,872
1477699200,690.0,709.91,688.352,706.98,528.17765566,898
1477742400,706.976,722.01,706.976,713.99,1120.8485684,1835
1477785600,713.949,713.989,688.0,707.9,780.90364991,1330
1477828800,707.899,710.975,693.334,700.917,969.87647884,1300
1477872000,700.079,702.678,685.7,697.305,398.96181598,667
1477915200,697.313,708.899,697.3,698.919,583.6692295,809
1477958400,698.79,739.488,697.91,737.0,1021.7876263,1535
1478001600,736.996,739.0,723.455,733.744,1314.43235035,1627
1478044800,733.742,734.418,723.398,726.85,338.75924158,606
1478088000,727.4,747.07,722.89,747.07,1563.63439077,1270
1478131200,747.07,750.5,732.0,742.146,850.91926355,1208
1478174400,742.146,742.362,673.407,692.179,3318.22024235,2837
1478217600,692.902,709.998,682.311,707.8,990.31485325,1093
1478260800,707.8,709.682,690.002,706.036,914.59516008,921
1478304000,706.036,714.471,702.555,707.809,397.98891629,529
1478347200,705.769,709.911,698.478,706.478,232.69881269,440
1478390400,706.46,721.458,705.432,719.73,353.52669953,483
1478433600,716.2,717.731,702.879,715.497,285.2173993,536
1478476800,715.0,715.413,704.2,705.446,391.90074188,548
1478520000,704.202,710.083,700.16,707.345,525.4692395,622
1478563200,704.142,711.979,704.142,706.46,372.17813991,452
1478606400,706.451,718.3,706.45,712.5,595.17103898,647
1478649600,712.69,745.492,708.682,737.04,1662.79052622,1496
1478692800,737.04,737.978,719.336,722.4,1096.52743515,956
1478736000,722.4,724.696,712.407,718.793,417.3210648,657
1478779200,717.46,717.46,706.0,714.0,814.05894892,741
1478822400,713.503,717.77,712.791,716.654,329.88139452,582
1478865600,716.654,718.99,712.002,717.75,389.97700011,497
1478908800,717.74,719.1,704.176,707.42,325.77247684,543
1478952000,709.52,709.839,701.348,704.0,396.94131998,838
1478995200,704.399,704.4,686.0,693.649,568.29505599,687
1479038400,693.741,706.794,685.327,701.67,504.17358138,763
1479081600,702.7,708.23,697.791,702.563,160.01120777,202
1479124800,702.73,709.0,698.261,706.994,625.0972862,585
1479168000,706.999,715.0,706.081,712.14,392.46489311,399
1479211200,712.16,717.0,708.836,711.31,456.47282006,558
1479254400,710.87,716.737,709.0,713.95,390.99622346,494
1479297600,712.473,744.8,712.473,741.603,2074.34332981,2255
1479340800,741.875,760.814,733.3,740.96,1378.67288587,1558
1479384000,740.5,749.0,736.601,739.1,2075.24228336,1270
1479427200,739.088,754.0,733.01,751.189,1027.08539803,1165
1479470400,751.198,752.909,745.0,752.232,703.35708679,966
1479513600,752.232,762.674,735.0,747.658,1010.1854571,1071
1479556800,749.27,763.11,747.604,751.99,409.8412339,605
1479600000,751.99,757.0,750.0,754.838,339.38244625,380
1479643200,754.888,754.888,713.0,729.677,1074.40090926,2141
1479686400,731.0,739.558,728.33,732.318,228.92791478,373
1479729600,732.319,741.0,731.65,738.0,316.1624282,461
1479772800,737.999,741.11,733.83,738.98,611.53182818,708
1479816000,741.11,752.614,737.79,749.76,1195.24281192,1306
1479859200,749.76,750.0,733.9,738.999,609.39182311,848
1479902400,739.0,745.962,731.06,741.98,674.14240617,1058
1479945600,742.489,745.11,733.071,734.89,268.79025752,440
1479988800,734.89,741.921,730.0,738.44,598.40813776,1435
1480032000,740.459,741.89,730.345,737.0,538.82277173,871
1480075200,737.0,743.0,735.005,742.14,446.18920087,945
1480118400,742.479,743.3,732.002,735.1,209.64198927,615
1480161600,732.71,737.91,726.0,733.17,468.59410312,658
1480204800,733.26,737.659,727.2,736.99,302.04656125,513
1480248000,736.0,739.0,728.0,729.93,335.74336596,675
1480291200,729.885,736.071,728.1,732.68,278.5025878,474
1480334400,732.67,735.784,729.0,734.17,540.73795445,826
1480377600,734.173,735.555,728.5,735.479,440.21430306,922
1480420800,734.092,735.55,730.456,732.0,622.1207709,880
1480464000,732.0,742.0,731.015,741.041,488.41229258,867
1480507200,741.121,743.559,739.0,742.396,681.02887753,698
1480550400,742.396,749.907,740.89,749.0,440.5326683,810
1480593600,748.105,754.5,747.135,752.489,851.97079822,848
1480636800,753.999,777.444,752.633,769.0,1095.38520619,1682
1480680000,769.001,781.976,764.31,773.499,1377.39365394,1391
1480723200,773.501,773.509,757.12,764.45,483.25944738,738
1480766400,764.026,770.0,762.55,764.745,184.43277819,398
1480809600,765.897,767.403,762.43,766.014,233.9226264,502
1480852800,766.76,772.57,763.895,769.0,328.02521308,680
1480896000,769.0,770.0,745.928,749.88,566.98495147,809
1480939200,749.87,757.958,747.0,752.079,1157.45247214,1387
1480982400,752.079,760.03,750.101,759.839,550.21695048,1052
1481025600,759.818,760.0,753.031,758.383,607.7770209,1370
1481068800,758.0,764.514,753.779,761.98,290.82930524,489
1481112000,760.97,770.0,760.97,765.011,521.50661882,817
1481155200,765.008,772.0,762.001,771.96,276.56388089,506
1481198400,771.469,779.499,768.164,768.288,525.00043089,702
1481241600,768.834,774.841,767.0,770.36,325.88856836,610
1481284800,771.54,774.999,770.097,771.668,487.89700096,505
1481328000,773.588,777.356,771.239,776.485,394.68251533,464
1481371200,775.102,778.555,772.522,775.0,300.18208887,570
1481414400,775.421,775.421,762.02,767.79,365.05981293,716
1481457600,768.15,771.87,765.779,771.681,263.40604577,362
1481500800,771.325,780.5,768.702,778.571,452.33186935,504
1481544000,779.983,783.263,775.577,778.074,578.80210116,1012
1481587200,778.226,789.0,770.001,781.069,493.15638084,913
1481630400,780.48,788.0,778.0,778.72,567.41216047,692
1481673600,778.0,783.086,774.358,782.0,354.52405732,639
1481716800,780.992,782.51,774.0,777.559,557.82703025,884
1481760000,777.56,781.498,776.526,778.524,347.85490945,1079
1481803200,778.66,781.498,778.1,778.11,409.58800471,1771
1481846400,778.5,784.728,776.0,779.841,524.95635094,969
1481889600,782.668,785.979,781.99,785.41,542.29107684,667
1481932800,785.41,795.0,785.33,792.0,360.34368261,597
1481976000,790.0,795.0,789.1,792.969,268.0789278,609
1482019200,792.989,794.44,790.5,791.87,133.14775061,371
1482062400,791.709,794.211,786.5,794.211,234.86149345,544
1482105600,791.371,794.44,790.501,793.0,149.5041288,520
1482148800,793.0,793.998,790.5,792.54,502.69823171,930
1482192000,791.686,794.44,790.0,792.878,291.89847494,1134
1482235200,792.797,806.099,791.085,801.249,912.68974679,1314
1482278400,800.199,810.65,796.474,809.321,439.31557875,818
1482321600,809.78,830.0,809.42,830.0,1495.327917,1977
1482364800,829.999,877.994,826.02,858.24,1316.06379306,1901
1482408000,859.993,870.0,853.918,860.0,1173.35715758,1543
1482451200,860.07,915.882,859.01,907.0,1884.40884371,2187
1482494400,907.0,922.93,875.01,918.19,2245.96323794,2271
1482537600,918.2,923.869,890.0,901.45,869.2041627,1149
1482580800,900.02,904.99,884.33,895.47,693.93829308,1115
1482624000,895.399,897.4,853.368,865.668,1085.57177247,1690
1482667200,865.677,900.344,861.08,896.799,557.14777021,878
1482710400,896.72,917.53,888.96,894.248,1355.19607192,1845
1482753600,892.602,908.989,892.304,901.501,482.08358525,844
1482796800,904.609,917.03,900.0,916.683,465.5860449,731
1482840000,917.03,939.0,916.885,933.0,1307.13884296,1374
1482883200,936.934,974.849,935.35,959.7,1181.55809495,1375
1482926400,959.73,979.99,945.0,978.001,2108.86530515,2196
1482969600,979.87,982.0,967.959,981.209,1148.49922375,1355
1483012800,981.19,981.501,950.0,974.32,1402.51299941,1486
1483056000,974.32,974.32,920.017,944.019,1232.76794526,1778
1483099200,946.75,965.702,946.161,960.769,929.6746389,1191
1483142400,960.66,964.997,940.013,953.323,460.55969594,1109
1483185600,953.323,971.726,950.461,967.45,319.34502862,798
1483228800,968.75,978.86,961.37,978.0,241.51980696,608
1483272000,978.0,1010.0,973.141,996.121,1236.67085472,1771
1483315200,999.497,1033.936,997.02,1033.8,743.48708341,974
1483358400,1032.6,1034.931,998.001,1017.791,1563.60823496,2286
1483401600,1019.997,1032.594,1010.0,1020.082,566.45569982,1326
1483444800,1022.962,1039.838,1012.0,1038.25,1103.15005591,1926
1483488000,1039.309,1088.808,1038.01,1086.975,1373.86320424,2505
1483531200,1082.772,1150.0,997.23,1133.219,4192.24115353,5943
1483574400,1133.219,1156.9,1050.0,1091.44,2527.14346013,4904
1483617600,1085.803,1088.199,879.01,1005.99,5972.9498065101,7914
1483660800,1004.41,1059.196,875.102,891.402,3488.83898065,4067
1483704000,895.779,928.928,868.384,895.723,2259.77886626,2903
1483747200,898.43,900.0,804.0,879.659,3414.01235792,3954
1483790400,878.6,912.668,860.888,908.0,1843.76915655,2120
1483833600,912.654,939.998,895.619,912.349,920.89855026,1580
1483876800,912.984,931.15,890.0,916.939,1076.67599138,1797
1483920000,913.121,916.829,878.0,906.23,775.76744105,1074
1483963200,909.214,913.498,887.132,905.01,541.5187344,861
1484006400,905.062,916.687,898.1,908.217,691.8195358,778
1484049600,908.28,913.0,901.5,909.517,506.38035861,655
1484092800,909.999,924.59,830.0,845.0,2479.99936487,2519
1484136000,845.0,865.484,765.432,789.884,7337.79953342,5620
1484179200,783.0,794.979,756.001,768.0,1873.58570513,2486
1484222400,768.0,837.999,768.0,807.794,2361.18482851,1931
1484265600,809.979,819.975,776.81,807.033,1507.89265927,1497
1484308800,810.918,839.0,798.002,832.9,1480.22974014,2050
1484352000,834.0,846.946,823.39,839.005,663.551625,1247
1484395200,839.005,846.946,811.0,818.651,1018.60313894,1642
1484438400,821.559,828.463,811.93,823.0,523.78345393,987
1484481600,823.0,833.0,813.234,827.139,659.1774909,1043
1484524800,825.951,840.6,822.145,822.227,681.51825911,855
1484568000,822.569,840.0,822.569,832.806,661.92208305,810
1484611200,834.634,900.01,832.98,887.137,2582.97571044,2313
1484654400,886.036,920.0,880.01,906.393,2033.90199582,2695
1484697600,909.27,917.0,886.23,900.451,1448.0814323,1615
1484740800,900.501,904.431,852.111,892.311,1855.82752803,2460
1484784000,892.402,907.0,888.0,892.2,903.51575405,868
1484827200,892.15,909.0,890.017,900.11,1622.15144102,1375
1484870400,900.238,905.743,885.0,890.301,954.31997207,853
1484913600,893.427,907.104,890.77,898.619,671.27365437,887
1484956800,896.589,927.999,896.082,921.951,1439.38563509,1400
1485000000,924.99,928.081,915.0,925.298,647.61527312,734
1485043200,925.298,939.91,922.001,931.775,799.46357156,859
1485086400,929.089,929.089,888.0,925.01,1197.30671813,1405
1485129600,925.27,927.065,912.622,926.0,441.28705362,520
1485172800,924.115,929.92,916.56,917.968,753.92064226,917
1485216000,917.72,930.0,891.978,908.0,1465.86337008,1486
1485259200,910.0,914.998,882.576,887.985,2035.68632637,1854
1485302400,885.71,903.325,885.694,896.67,669.45093664,662
1485345600,895.021,899.0,888.0,896.89,604.97811811,697
1485388800,896.89,907.769,895.543,903.0,459.5695697,551
1485432000,902.211,921.78,902.211,914.926,720.23152789,809
1485475200,915.79,919.8,910.0,918.092,592.38373764,436
1485518400,918.093,925.0,916.311,922.299,852.5155273,703
1485561600,921.45,923.63,919.0,920.0,405.62533568,380
1485604800,920.5,922.996,917.01,918.359,320.963044,390
1485648000,920.749,923.76,918.139,920.17,146.31756084,192
1485691200,922.0,922.0,915.702,915.702,453.1310416,480
1485734400,916.0,922.32,915.0,918.871,355.46268803,298
1485777600,919.1,925.0,918.121,920.58,930.69989429,1145
1485820800,920.63,943.191,919.002,943.188,1026.34408226,1165
1485864000,941.27,974.969,941.27,969.739,2279.41138433,1908
1485907200,968.166,984.58,964.989,973.9,1538.6450388,1234
1485950400,973.9,990.0,970.001,988.789,844.81393885,1422
1485993600,988.79,995.549,975.975,994.47,900.78550982,1050
1486036800,994.549,1013.991,991.0,1009.996,1683.85934389,1712
1486080000,1008.22,1037.519,1000.0,1004.17,1884.35736076,2014
1486123200,1004.169,1019.37,981.761,1015.21,1313.57813507,1445
1486166400,1016.291,1022.22,1001.796,1010.0,798.10266594,900
1486209600,1013.009,1046.501,1011.19,1029.393,1007.65187368,1450
1486252800,1032.364,1036.0,1018.102,1027.377,294.37995496,536
1486296000,1027.329,1029.556,1005.4,1017.886,853.80626302,1382
1486339200,1015.35,1029.91,1013.75,1023.0,355.52043752,850
1486382400,1023.8,1029.91,1021.679,1027.01,453.41804548,572
1486425600,1028.45,1049.91,1023.823,1047.395,883.11253046,960
1486468800,1047.331,1055.0,1039.919,1050.998,1075.56450733,1040
1486512000,1054.214,1069.91,1025.4,1040.001,1968.17354119,1820
1486555200,1040.0,1068.104,1033.096,1055.838,1000.5368934,1204
1486598400,1053.497,1079.91,1051.001,1064.116,1065.41840295,1397
1486641600,1067.149,1067.149,940.006,988.38,5697.56963787,6461
1486684800,987.431,992.38,948.208,974.534,1443.58813363,1541
1486728000,979.233,1010.0,966.0,1002.726,1334.69448668,1199
1486771200,998.824,1018.488,993.001,1005.918,895.60049853,1297
1486814400,1004.658,1016.88,1002.0,1011.004,416.48202584,632
1486857600,1010.599,1013.695,1003.0,1007.003,225.66453682,399
1486900800,1009.89,1013.259,999.0,1001.017,600.17145259,722
1486944000,1001.033,1010.0,982.01,998.02,663.51542962,698
1486987200,999.0,1004.729,992.557,996.391,650.84655105,802
1487030400,999.028,1025.0,992.094,1001.001,957.5059926,1424
1487073600,1004.09,1017.999,1004.07,1016.472,893.82639145,1738
1487116800,1015.05,1018.77,1001.302,1009.5,538.31483356,915
1487160000,1011.054,1020.0,1009.6,1015.75,710.20456522,872
1487203200,1016.739,1028.4,1015.75,1028.027,594.98464657,976
1487246400,1028.027,1047.43,1024.8,1039.872,1323.3127211,1469
1487289600,1038.502,1052.274,1035.998,1045.969,1183.77758369,1051
1487332800,1045.868,1063.923,1044.303,1052.065,981.42129367,1414
1487376000,1052.0,1069.785,1051.0,1061.496,953.80411362,872
1487419200,1063.938,1069.794,1055.0,1058.909,513.58506941,587
1487462400,1058.88,1063.0,1051.621,1056.21,199.42615747,439
1487505600,1056.87,1059.55,1042.952,1055.61,320.72564127,533
1487548800,1055.588,1064.96,1045.471,1056.06,433.30314643,764
1487592000,1056.05,1093.327,1056.025,1088.68,1007.56737112,1385
1487635200,1088.67,1114.999,1080.0,1114.97,1170.63997281,1526
1487678400,1114.74,1132.741,1097.501,1128.458,1404.54019214,1768
1487721600,1125.771,1128.56,1102.56,1116.0,836.37005992,1160
1487764800,1116.0,1139.999,1115.58,1125.669,1361.70595371,1492
1487808000,1122.092,1147.0,1122.092,1147.0,685.20584343,848
1487851200,1145.518,1193.43,1143.796,1182.0,2325.25088688,2448
1487894400,1177.781,1214.973,1056.658,1164.26,3412.87565423,3426
1487937600,1163.35,1200.0,1163.27,1185.0,1586.33829344,1780
1487980800,1174.574,1185.0,1170.991,1177.826,360.45250393,515
1488024000,1183.399,1183.399,1120.403,1146.834,1862.81637854,1939
1488067200,1147.454,1183.999,1130.0,1170.983,696.96432717,1019
1488110400,1170.939,1184.44,1150.0,1167.0,1025.78203914,1602
1488153600,1167.0,1187.973,1161.98,1183.0,853.98582944,1051
1488196800,1180.215,1196.991,1171.001,1190.211,983.70422555,1538
1488240000,1191.83,1208.5,1175.808,1184.173,1121.20824958,2398
1488283200,1186.374,1194.311,1178.0,1180.0,905.8734051,1749
1488326400,1181.998,1197.0,1177.179,1195.998,510.07313631,994
1488369600,1197.0,1229.998,1194.622,1225.0,1738.86941523,2336
1488412800,1228.71,1232.0,1212.421,1232.0,762.97398481,1436
1488456000,1231.999,1282.385,1225.0,1254.0,2123.56431519,3359
1488499200,1254.0,1287.285,1235.278,1284.0,1579.97497966,2318
1488542400,1284.0,1288.0,1252.137,1276.999,1149.17963505,2253
1488585600,1277.0,1280.235,1265.0,1267.0,298.74762923,591
1488628800,1271.339,1271.361,1232.499,1261.266,1116.12473742,1437
1488672000,1264.63,1268.317,1237.775,1251.235,748.05259997,961
1488715200,1251.243,1277.724,1247.002,1267.984,455.7595583,812
1488758400,1268.01,1279.91,1257.384,1275.509,421.6664103,810
1488801600,1275.999,1279.91,1263.623,1275.0,583.49543204,1176
1488844800,1274.904,1279.9,1158.448,1208.008,1842.19124211,2406
1488888000,1212.801,1254.819,1190.696,1224.917,2239.5858871,1982
1488931200,1234.455,1238.11,1165.0,1208.5,1524.75277203,2273
1488974400,1203.99,1214.569,1131.342,1143.387,1637.21103471,2207
1489017600,1143.388,1179.91,1105.0,1165.0,993.50946201,1700
1489060800,1164.997,1205.396,1161.013,1187.194,1296.29188608,1454
1489104000,1185.201,1209.41,1167.0,1199.854,755.04090539,1078
1489147200,1199.842,1310.982,968.0,1111.0,7539.7691433497,17712
1489190400,1107.563,1191.0,1105.002,1175.001,2253.55921415,2360
1489233600,1175.5,1191.088,1150.001,1174.969,1488.29796237,2172
1489276800,1174.82,1179.407,1138.0,1166.275,810.48250201,2670
1489320000,1155.001,1231.942,1155.0,1224.369,1155.04112198,2191
1489363200,1224.199,1233.16,1180.0,1229.012,2227.51219236,3658
1489406400,1229.012,1241.058,1211.0,1230.0,1858.07264597,3974
1489449600,1229.991,1242.74,1218.0,1238.043,1228.21652673,1945
1489492800,1238.0,1259.722,1233.1,1243.995,1297.51819157,1962
1489536000,1245.927,1259.0,1238.503,1250.999,553.28093377,806
1489579200,1250.999,1259.0,1244.0,1252.92,1856.80531381,2524
1489622400,1252.95,1255.92,1170.0,1213.074,3105.42417558,5378
1489665600,1219.366,1221.0,1025.0,1165.1,3728.82151389,5465
1489708800,1165.1,1165.1,1027.507,1108.999,5351.14367667,7523
1489752000,1098.0,1148.903,983.9,1021.16,3027.61689235,4887
1489795200,1030.249,1079.999,983.9,1063.547,1891.79786124,2952
1489838400,1063.547,1071.757,923.601,954.988,4917.89817195,7130
1489881600,950.999,1009.544,943.896,980.0,1839.26712832,2674
1489924800,980.0,1039.998,950.0,1017.937,2460.47166195,3627
1489968000,1007.44,1034.0,988.213,1031.0,912.5340988,1434
1490011200,1031.0,1039.998,902.0,1030.0,2316.02617349,3231
1490054400,1029.999,1079.98,1029.999,1068.53,1173.87066393,1786
1490097600,1068.545,1114.996,1031.004,1110.368,2317.96878692,2908
1490140800,1109.99,1113.0,1043.196,1061.28,1556.56594632,1907
1490184000,1060.001,1065.148,975.626,1032.01,2277.39416154,2840
1490227200,1030.01,1052.63,1006.4,1031.992,1042.71414732,1279
1490270400,1044.419,1048.637,1021.002,1024.03,1403.07055059,1648
1490313600,1025.002,1033.0,976.0,989.956,1369.32625878,1894
1490356800,989.998,998.41,911.23,921.302,3431.61294051,4372
1490400000,921.817,941.073,881.891,895.0,2523.95328291,3223
1490443200,895.314,960.0,895.314,951.079,2307.85450147,2776
1490486400,951.27,959.984,923.005,951.901,941.95285093,1579
1490529600,951.9,994.569,932.277,961.875,1908.47343381,2566
1490572800,958.73,990.0,948.323,985.461,1152.21300991,1167
1490616000,985.788,1044.437,984.04,1039.851,2182.10177803,3703
1490659200,1039.961,1065.0,1026.9,1065.0,1856.88734029,1859
1490702400,1064.999,1067.8,1016.127,1043.281,2721.8768356,3543
1490745600,1043.3,1060.06,1006.898,1050.412,2142.3594014,2268
1490788800,1052.97,1056.759,1015.0,1043.43,1725.61814514,2340
1490832000,1042.141,1057.51,1026.52,1034.452,1463.65128193,1875
1490875200,1034.12,1042.404,1022.79,1040.0,1755.77499428,2252
1490918400,1040.001,1055.011,1040.001,1045.0,1236.00561877,1841
1490961600,1045.0,1088.959,1045.0,1079.78,2421.22480709,3016
1491004800,1080.03,1105.0,1071.452,1095.118,1368.76446336,1426
1491048000,1094.104,1108.218,1070.0,1091.726,1174.48344622,1479
1491091200,1096.008,1096.714,1081.083,1086.43,515.51934939,1018
1491134400,1087.966,1117.955,1081.0,1107.459,2534.61298115,3316
1491177600,1107.221,1145.5,1107.221,1133.033,2367.69507469,3847
1491220800,1133.02,1161.4,1126.0,1148.428,1766.95215294,2706
1491264000,1149.967,1165.648,1141.189,1150.385,1754.85546217,2135
1491307200,1148.996,1154.0,1125.0,1141.998,1490.04249476,3195
1491350400,1141.999,1146.883,1112.729,1127.103,816.10218745,1845
1491393600,1129.973,1140.998,1118.499,1138.16,1464.69910456,2960
1491436800,1138.21,1180.549,1138.21,1179.985,1670.60650477,2200
1491480000,1176.298,1206.794,1160.991,1191.56,2188.0686857,3694
1491523200,1191.74,1202.966,1175.203,1194.0,812.37621628,1269
1491566400,1193.99,1205.0,1187.085,1191.88,923.77061363,1711
1491609600,1194.213,1204.999,1180.06,1195.24,543.94601709,1191
1491652800,1196.0,1196.0,1170.82,1182.47,682.34294763,1227
1491696000,1182.469,1199.048,1176.781,1176.872,737.32398284,1174
1491739200,1180.07,1220.0,1175.392,1211.0,1192.44409529,2191
1491782400,1209.66,1219.0,1189.449,1212.321,663.41549901,1073
1491825600,1215.99,1218.0,1199.762,1211.23,961.21340873,1561
1491868800,1213.29,1216.0,1198.0,1215.55,440.5528255,906
1491912000,1215.152,1234.622,1213.641,1223.499,940.70524144,1815
1491955200,1223.499,1230.411,1215.0,1220.9,590.80395406,1069
1491998400,1221.999,1228.0,1210.535,1219.149,921.04600499,1659
1492041600,1218.615,1219.5,1165.426,1190.0,1397.07830315,1737
1492084800,1198.676,1198.88,1151.0,1174.13,1468.57794312,1978
1492128000,1175.899,1197.992,1168.953,1179.665,743.74936592,1080
1492171200,1174.617,1197.817,1173.722,1187.991,894.61442525,1910
1492214400,1188.0,1190.777,1177.4,1189.111,544.94160811,811
1492257600,1184.5,1198.18,1170.057,1175.008,594.82194621,1223
1492300800,1180.53,1193.33,1175.0,1185.0,138.96279959,443
1492344000,1185.0,1187.74,1175.54,1180.998,521.81600074,924
1492387200,1180.994,1189.998,1175.0,1181.447,681.33384408,1153
1492430400,1182.635,1210.986,1176.001,1197.5,1175.20334539,2208
1492473600,1200.398,1217.879,1197.1,1211.999,932.99873998,1483
1492516800,1211.992,1218.0,1200.0,1202.378,1208.01846832,1863
1492560000,1202.39,1212.563,1197.1,1199.942,731.5981267301,6870
1492603200,1199.942,1211.691,1198.0,1204.2,1227.83415272,2029
1492646400,1209.0,1224.0,1206.34,1223.979,613.97890972,1205
1492689600,1219.0,1249.478,1218.0,1241.877,1697.67356704,1999
1492732800,1241.873,1254.91,1236.771,1251.709,791.56449947,1304
1492776000,1252.21,1254.91,1236.01,1248.999,1194.07353292,1989
1492819200,1248.985,1250.985,1231.002,1236.89,384.92944691,688
1492862400,1233.351,1249.999,1212.0,1235.488,1274.31158309,2326
1492905600,1235.397,1245.0,1228.0,1240.77,657.48107037,2052
1492948800,1237.919,1245.0,1233.191,1242.48,646.37187896,2608
1492992000,1244.32,1247.0,1234.097,1240.991,609.41331192,1517
1493035200,1241.07,1259.496,1239.0,1251.016,978.04083859,1951
1493078400,1252.3,1274.49,1248.42,1267.8,677.7170785,1559
1493121600,1272.374,1280.0,1261.72,1276.07,946.52000522,2434
1493164800,1276.349,1286.79,1269.001,1285.29,802.21647455,1947
1493208000,1285.437,1314.701,1282.801,1290.521,2553.49768981,3405
1493251200,1290.52,1315.0,1290.511,1305.54,1007.69059704,1748
1493294400,1307.994,1345.466,1301.759,1333.7,2308.8983979,3383
1493337600,1335.493,1355.55,1295.5,1309.828,1962.17318009,3616
1493380800,1309.0,1335.0,1292.14,1328.64,1588.55511771,2636
1493424000,1322.92,1339.229,1312.0,1320.898,1080.73335294,1888
1493467200,1312.003,1337.6,1312.002,1335.926,1043.81624366,2617
1493510400,1335.927,1335.927,1309.37,1322.104,475.93574308,1767
1493553600,1322.123,1352.0,1315.0,1350.717,1304.0319463,3350
1493596800,1344.601,1365.611,1325.76,1359.203,1609.47086899,3357
1493640000,1359.202,1438.874,1355.0,1397.234,3704.66737345,8416
1493683200,1397.237,1468.933,1381.436,1463.844,2607.71810517,5005
1493726400,1463.842,1471.569,1404.02,1455.2,2552.46534395,3904
1493769600,1454.501,1476.025,1446.247,1471.2,1716.28282166,3071
1493812800,1471.2,1523.777,1457.715,1513.599,3476.99357316,6274
1493856000,1513.598,1599.99,1505.002,1557.819,2962.39467598,5571
1493899200,1556.91,1618.6,1450.0,1535.415,6210.50680733,10065
1493942400,1535.418,1597.901,1521.434,1574.94,3476.04911059,7093
1493985600,1574.94,1584.03,1491.335,1518.031,4383.88286039,7788
1494028800,1514.473,1557.0,1513.705,1551.136,1617.46427225,4393
1494072000,1556.987,1572.999,1523.817,1535.422,1861.2122347,4489
1494115200,1535.422,1563.363,1533.24,1548.382,977.94842936,2643
1494158400,1542.683,1551.088,1358.0,1505.164,4614.811921,12821
1494201600,1505.164,1622.879,1485.982,1604.539,4140.85889329,8976
1494244800,1601.541,1677.399,1552.032,1670.059,2891.11997028,7111
1494288000,1668.525,1744.655,1639.004,1735.56,3835.78259194,10408
1494331200,1738.0,1768.681,1641.454,1721.749,4373.86997179,10188
1494374400,1721.751,1750.0,1685.0,1743.846,2536.79605213,5507
1494417600,1743.81,1794.0,1732.798,1782.0,2745.98529504,5679
1494460800,1781.999,1886.616,1753.349,1864.996,4023.2446906,6123
1494504000,1863.5,1865.991,1780.0,1836.059,3029.91385255,5256
1494547200,1830.001,1837.981,1730.956,1810.014,2397.02490637,4845
1494590400,1806.148,1812.534,1639.0,1698.188,4599.62931075,7632
1494633600,1698.188,1745.0,1608.001,1743.493,3631.57545418,5164
1494676800,1739.999,1795.633,1675.0,1783.57,1890.2858866,3751
1494720000,1785.0,1818.0,1770.001,1790.0,1400.12610685,2667
1494763200,1793.638,1798.428,1752.85,1788.04,1198.43807288,3191
1494806400,1787.88,1795.16,1700.011,1757.01,1953.23060801,3998
1494849600,1759.179,1759.19,1699.12,1739.75,2626.61461556,4760
1494892800,1739.75,1748.633,1701.0,1736.041,3045.09082071,5447
1494936000,1739.0,1791.262,1730.4,1786.85,3073.25891132,5633
1494979200,1786.841,1849.0,1763.403,1833.51,4374.56474702,7890
1495022400,1833.51,1880.0,1808.971,1836.056,3211.02644071,6820
1495065600,1836.05,2589.0,1821.072,1838.999,3659.45674985,6970
1495108800,1840.0,1912.198,1829.01,1900.0,3033.92570165,6404
1495152000,1899.001,1955.227,1851.535,1932.011,3700.46738422,7759
1495195200,1932.011,1971.994,1895.82,1961.793,3882.34383463,8307
1495238400,1961.793,1991.999,1957.0,1964.212,2303.66166176,4855
1495281600,1964.213,2046.477,1962.36,2039.114,3700.91712929,7405
1495324800,2039.115,2096.837,2027.036,2074.96,2099.71634809,5062
1495368000,2074.96,2082.262,1990.0,2011.106,3835.73300226,8118
1495411200,2007.227,2146.359,2004.549,2109.971,4114.39640632,11419
1495454400,2109.971,2197.192,1900.1,2085.992,5702.42534165,14450
1495497600,2080.052,2175.242,2079.251,2148.0,3885.69548312,9659
1495540800,2150.245,2249.998,2101.001,2231.967,3661.58270098,10519
1495584000,2233.975,2474.72,2231.967,2370.659,4369.95657306,10695
1495627200,2370.85,2450.0,2286.48,2408.24,5098.77186923,13498
1495670400,2408.24,2673.745,2399.3,2648.999,5574.53687497,14493
1495713600,2649.0,2722.237,2201.0,2259.2,8658.9378352801,17971
1495756800,2259.2,2573.693,2244.452,2529.228,4657.03246849,11123
1495800000,2529.227,2537.393,2030.0,2203.709,6214.9663881401,15311
1495843200,2199.787,2290.0,1812.99,1984.969,7199.6243175301,19882
1495886400,1977.0,2099.996,1910.0,2008.0,5334.7748300001,15082
1495929600,1995.016,2270.0,1995.016,2195.419,3743.96026104,13295
1495972800,2196.704,2233.383,2041.242,2137.213,3273.37547684,11475
1496016000,2129.343,2253.51,2051.681,2213.001,1933.07350389,5976
1496059200,2212.342,2326.33,2181.141,2245.273,2533.47908504,9429
1496102400,2259.4,2315.38,2201.0,2300.007,2814.30658963,10191
1496145600,2300.007,2311.553,2133.0,2159.097,4981.14316056,11490
1496188800,2158.015,2235.0,2130.0,2225.775,3883.62038359,9577
1496232000,2225.775,2334.739,2190.001,2291.301,4953.04160892,8765
1496275200,2291.301,2435.727,2291.301,2425.0,5485.40841941,11964
1496318400,2425.0,2456.11,2301.006,2399.0,5075.99245262,10209
1496361600,2399.981,2449.073,2371.154,2424.001,3800.55962751,6881
1496404800,2425.116,2497.65,2380.016,2487.183,3219.18599688,7137
1496448000,2485.432,2538.252,2450.409,2530.358,2731.67431122,5614
1496491200,2535.359,2588.773,2515.006,2549.719,2736.09283147,6610
1496534400,2549.692,2570.0,2480.0,2540.682,3117.18976034,7150
1496577600,2540.683,2550.838,2480.139,2520.551,2655.68706684,4871
1496620800,2522.768,2609.999,2515.0,2585.617,3103.9234947,4979
1496664000,2588.0,2692.373,2571.0,2690.0,3435.30302822,6770
1496707200,2690.999,2880.0,2690.999,2860.157,5372.40129826,10411
1496750400,2860.186,2934.278,2695.1,2867.0,6344.81348453,13032
1496793600,2871.9,2885.0,2781.6,2840.34,3742.00787364,7303
1496836800,2840.193,2854.995,2630.0,2690.001,4074.33548445,10126
1496880000,2693.002,2818.052,2615.99,2765.797,2342.01759075,6157
1496923200,2768.009,2817.499,2705.11,2811.631,2932.30643608,5640
1496966400,2810.339,2854.49,2793.11,2817.0,1898.56788458,3737
1497009600,2817.0,2865.339,2795.448,2816.467,1913.98565473,5530
1497052800,2816.463,2884.334,2797.391,2880.719,1725.8390283,4745
1497096000,2880.719,2907.924,2787.891,2816.269,4391.1301372,12960
1497139200,2816.214,2855.965,2781.893,2825.0,2140.45897716,7925
1497182400,2831.618,2929.998,2811.766,2924.879,2597.73260264,9164
1497225600,2924.876,2948.0,2655.883,2709.996,4079.36372112,10472
1497268800,2702.001,2777.012,2400.0,2609.442,6191.53994825,17302
1497312000,2609.442,2778.164,2601.0,2694.491,3587.76209344,8587
1497355200,2694.491,2749.435,2665.752,2710.0,3612.65085016,8088
1497398400,2710.0,2797.903,2674.537,2743.287,3362.22509112,6779
1497441600,2742.404,2757.002,2318.43,2452.686,6945.46377048,15207
1497484800,2456.602,2510.761,2252.657,2274.759,7484.64165102,12850
1497528000,2274.786,2448.072,2075.329,2428.707,8240.4269687501,17594
1497571200,2428.72,2526.35,2308.311,2454.262,4543.93177653,8496
1497614400,2454.262,2513.615,2400.251,2470.303,3655.19218553,9322
1497657600,2470.316,2595.0,2420.891,2580.0,2728.20974325,8675
1497700800,2584.0,2678.0,2526.973,2642.243,3112.22166187,9732
1497744000,2646.838,2670.158,2488.894,2585.33,3765.38549832,8866
1497787200,2584.605,2608.0,2460.001,2497.762,3241.56024696,9304
1497830400,2500.724,2581.644,2484.822,2517.323,3049.89887509,7503
1497873600,2517.323,2592.0,2503.087,2584.858,3409.50453188,9111
1497916800,2584.859,2622.111,2579.0,2607.041,2442.91041521,7706
1497960000,2607.041,2768.0,2607.034,2705.1,3942.18263972,11325
1498003200,2705.1,2764.963,2621.544,2716.998,2847.84443348,8552
1498046400,2714.999,2732.719,2570.0,2644.968,3595.45378517,12351
1498089600,2644.969,2687.997,2588.547,2665.117,2536.26428434,6049
1498132800,2669.61,2735.31,2656.0,2684.987,2293.98897021,6512
1498176000,2684.98,2720.0,2660.112,2689.64,2038.83963928,5753
1498219200,2689.639,2725.0,2661.0,2668.0,1428.77220584,4571
1498262400,2668.0,2701.788,2667.995,2695.124,615.78435627,2361
1498305600,2695.094,2699.897,2500.0,2547.431,3772.97390404,8139
1498348800,2555.092,2600.0,2480.715,2593.025,2208.48319343,5161
1498392000,2593.025,2601.527,2408.0,2490.126,3084.8867477,8719
1498435200,2490.126,2535.779,2411.999,2467.99,3860.34936907,8389
1498478400,2467.99,2487.0,2210.0,2405.0,5942.6715946001,16451
1498521600,2404.374,2458.359,2321.867,2355.395,4137.20346127,8071
1498564800,2355.395,2540.054,2257.008,2538.01,5026.0692465901,13111
1498608000,2538.01,2542.819,2444.437,2526.51,3839.53374918,7921
1498651200,2526.51,2600.0,2516.295,2554.021,4097.02605069,8967
1498694400,2554.014,2579.812,2501.01,2530.628,2577.21470137,6117
1498737600,2530.628,2579.998,2498.003,2526.074,2885.52733143,7212
1498780800,2526.074,2547.953,2490.819,2533.0,2600.87012215,6768
1498824000,2532.98,2534.984,2419.238,2445.0,2922.11424187,8072
1498867200,2443.36,2500.0,2413.011,2494.866,2390.08363999,6389
1498910400,2494.847,2494.847,2364.01,2392.948,2904.8084895801,8477
1498953600,2393.0,2439.997,2344.0,2411.697,2314.45942012,7523
1498996800,2411.697,2525.0,2396.709,2505.571,3560.19167867,8996
1499040000,2500.911,2518.211,2469.212,2499.989,2906.93984583,7194
1499083200,2498.039,2587.999,2494.773,2546.73,3520.16340253,10411
1499126400,2546.73,2647.65,2546.729,2611.79,3633.06018016,9948
1499169600,2611.79,2627.829,2550.0,2599.071,2283.55673694,7555
1499212800,2597.708,2597.708,2536.011,2555.9,2092.50254079,5269
1499256000,2555.9,2628.386,2544.431,2611.387,3022.06705576,6860
1499299200,2610.74,2620.0,2575.338,2596.003,1846.66821542,5459
1499342400,2596.0,2615.0,2580.158,2605.641,1682.05497424,3818
1499385600,2606.8,2613.993,2546.784,2546.791,1795.7720933,4386
1499428800,2547.262,2554.679,2470.201,2506.928,3161.07727103,7795
1499472000,2506.928,2517.46,2470.201,2497.87,2778.17333686,8274
1499515200,2497.86,2552.639,2496.803,2547.847,2408.30136894,6675
1499558400,2547.017,2560.417,2522.35,2542.807,1196.06653805,4293
1499601600,2542.106,2555.029,2494.0,2499.001,1412.27917536,3709
1499644800,2499.12,2522.775,2482.498,2482.637,2385.46128356,5373
1499688000,2482.637,2482.637,2265.0,2339.229,6410.3112338901,13557
1499731200,2336.317,2374.307,2252.845,2350.0,5742.18950133,14359
1499774400,2350.001,2404.178,2299.753,2302.2,4184.61213422,11757
1499817600,2302.2,2361.014,2235.0,2359.206,3942.93520303,10907
1499860800,2358.858,2416.512,2344.903,2373.846,3660.6388077,12045
1499904000,2373.845,2417.084,2365.0,2389.299,2971.68393668,9094
1499947200,2389.299,2400.0,2310.0,2336.402,3141.89974034,8689
1499990400,2338.641,2352.698,2300.836,2333.1,1843.05837174,4473
1500033600,2326.406,2331.001,2133.77,2216.177,5704.09739426,13221
1500076800,2216.178,2218.894,2027.541,2057.0,5027.96690819,12227
1500120000,2055.68,2099.831,1956.202,1972.07,6746.57742888,12924
1500163200,1969.999,2042.87,1845.0,1845.0,5942.3649508401,12676
1500206400,1850.003,1935.0,1809.0,1907.239,7897.9384100101,16722
1500249600,1905.05,2080.349,1905.002,1994.0,4919.35173579,11276
1500292800,1995.0,2225.7,1967.0,2217.0,7947.2124821102,14044
1500336000,2217.0,2299.0,2144.94,2285.0,6331.23355127,12230
1500379200,2290.484,2400.0,2263.512,2310.8,8710.26596322,15576
1500422400,2310.801,2400.0,2242.606,2349.593,4494.7425812701,12473
1500465600,2346.3,2355.0,2212.484,2254.998,4872.5968283,11249
1500508800,2254.998,2490.0,2254.64,2472.0,3293.86767989,8377
1500552000,2472.0,2934.44,2463.878,2854.882,13171.6760500701,19151
1500595200,2854.882,2870.0,2671.19,2766.575,7308.8030523201,14275
1500638400,2765.0,2800.0,2614.7,2670.0,4822.9060883101,9967
1500681600,2670.0,2875.0,2651.961,2814.998,4216.2331107301,9017
1500724800,2815.0,2840.0,2750.0,2831.131,4030.846209,8491
1500768000,2833.599,2855.0,2672.26,2707.989,4776.3951238,9029
1500811200,2701.593,2818.0,2685.0,2761.2,3245.56151218,6544
1500854400,2761.0,2787.18,2720.001,2763.191,2554.822587,5373
1500897600,2765.897,2809.377,2730.0,2755.898,2666.31110429,7083
1500940800,2755.898,2774.996,2550.101,2572.799,3973.2878558401,8267
1500984000,2572.799,2612.862,2440.211,2556.002,6816.3742578701,11648
1501027200,2565.0,2617.013,2435.722,2541.562,4200.21117958,9139
1501070400,2541.562,2561.762,2414.612,2525.0,5742.75893732,12383
1501113600,2526.699,2599.268,2511.166,2582.108,3022.75741382,8983
1501156800,2582.2,2695.999,2535.0,2675.392,3846.68665772,8077
1501200000,2676.988,2851.954,2671.011,2846.0,4410.62611622,10731
1501243200,2846.0,2851.954,2740.001,2800.0,4753.2099745301,12497
1501286400,2808.971,2808.999,2688.112,2690.0,4221.3738958501,9627
1501329600,2690.0,2764.999,2678.588,2715.999,2847.01709291,8206
1501372800,2716.0,2735.9,2653.0,2692.009,2663.39294171,6588
1501416000,2691.997,2799.0,2681.543,2799.0,1768.62650321,7914
1501459200,2798.999,2809.992,2723.0,2792.89,2793.0466864,7868
1501502400,2791.007,2910.0,2771.5,2876.133,4628.31262305,12150
1501545600,2876.133,2970.0,2744.02,2806.226,5630.88768607,13823
1501588800,2806.226,2833.639,2599.0,2727.027,7497.9463436602,17715
1501632000,2727.975,2761.514,2692.003,2747.8,2624.10640009,8939
1501675200,2747.75,2748.392,2650.0,2700.8,3936.75054973,15607
1501718400,2700.9,2749.0,2697.7,2738.0,2766.06923674,10598
1501761600,2740.897,2808.88,2723.238,2797.034,3303.76432158,9372
1501804800,2797.034,2875.0,2771.011,2847.001,2802.93624848,8569
1501848000,2847.001,2888.2,2836.063,2875.968,3166.5704275201,10831
1501891200,2875.967,3242.749,2870.0,3138.141,7761.9563562003,16017
1501934400,3140.998,3350.0,3138.142,3256.31,5084.3314002001,13450
1501977600,3256.31,3299.1,3177.77,3188.239,2998.57282441,9479
1502020800,3188.083,3297.994,3183.401,3235.032,2413.7464708,8605
1502064000,3236.994,3375.0,3191.0,3342.861,2813.84043685,9158
1502107200,3342.861,3447.887,3318.765,3395.0,3575.2448009,13117
1502150400,3395.0,3492.0,3365.82,3458.621,3861.45432042,11927
1502193600,3458.627,3468.1,3350.0,3430.52,3584.9515707601,12988
1502236800,3430.52,3444.9,3255.87,3337.0,3431.42074712,11916
1502280000,3337.0,3397.97,3252.0,3371.878,2717.7392210901,10792
1502323200,3370.0,3459.45,3340.0,3430.0,1820.07847817,6693
1502366400,3433.07,3470.0,3408.001,3433.989,2177.86557285,9377
1502409600,3434.099,3550.0,3425.006,3517.709,2403.46004188,9879
1502452800,3517.709,3735.199,3513.763,3670.0,3328.07679604,12365
1502496000,3669.618,3849.87,3637.34,3812.0,2744.29915739,10735
1502539200,3819.459,3975.0,3700.0,3884.626,5552.0774770901,14797
1502582400,3889.09,4232.71,3885.006,3968.478,6543.0996645302,17685
1502625600,3968.478,4150.0,3841.468,4084.0,4961.2715472601,13784
1502668800,4084.0,4229.0,3970.0,4165.002,4064.7509161,12884
1502712000,4165.101,4423.0,4140.007,4355.662,5703.5518338401,15214
1502755200,4350.021,4484.29,3950.0,4130.654,6289.4224075101,18223
1502798400,4130.657,4200.0,3821.0,4172.2,6057.7859096401,15375
1502841600,4170.8,4223.306,3950.0,4105.0,3440.42788109,9273
1502884800,4105.053,4399.0,4054.469,4388.0,4160.01914425,11593
1502928000,4381.01,4479.0,4260.402,4411.994,2743.57226029,9152
1502971200,4419.0,4470.0,4200.0,4291.0,4898.19743367,13559
1503014400,4291.0,4354.996,4170.052,4325.0,3084.52624767,11275
1503057600,4325.0,4348.499,3980.0,4141.0,6655.3394913602,14603
1503100800,4130.0,4210.0,4002.636,4014.012,2319.91535806,6488
1503144000,4010.0,4211.683,4006.988,4179.733,2843.33788284,7881
1503187200,4184.937,4195.0,4070.3,4096.0,2034.9184402,6783
1503230400,4094.652,4198.0,4066.0,4078.244,2283.82763032,7358
1503273600,4076.001,4116.969,3996.0,4060.998,2396.50555861,8674
1503316800,4060.998,4078.0,3997.298,4005.704,2674.16558498,11611
1503360000,4007.398,4024.999,3620.0,3944.422,6535.5346672702,17507
1503403200,3944.421,4169.994,3886.001,4104.9,3707.98989841,15458
1503446400,4104.9,4275.0,4081.4,4250.102,2408.79894307,11912
1503489600,4257.9,4279.99,4102.001,4151.0,3143.38029476,12895
1503532800,4150.999,4247.0,4145.0,4220.804,1876.09814561,9877
1503576000,4220.804,4380.0,4188.128,4334.682,2599.2505861,12569
1503619200,4334.999,4400.0,4313.99,4370.131,2095.59519859,10566
1503662400,4370.131,4465.0,4323.167,4390.989,2401.08800392,11496
1503705600,4391.5,4392.1,4290.002,4325.0,1356.4950286,9232
1503748800,4326.0,4370.69,4271.1,4351.749,1309.2561163,5631
1503792000,4360.4,4409.999,4330.072,4354.797,1056.56481724,5387
1503835200,4354.796,4380.957,4326.0,4338.46,1184.54702072,6399
1503878400,4338.458,4338.459,4188.128,4320.0,2947.62411472,9103
1503921600,4320.0,4399.0,4295.0,4387.828,1759.05094753,8763
1503964800,4387.699,4397.4,4346.1,4389.5,1230.56016038,6002
1504008000,4389.5,4665.446,4366.48,4590.169,4309.4913402,14422
1504051200,4590.168,4641.999,4490.0,4532.87,2572.94295709,7610
1504094400,4533.8,4597.08,4522.86,4579.75,1433.04614748,5952
1504137600,4581.12,4688.7,4576.83,4688.0,1829.44726368,6490
1504180800,4688.0,4760.0,4673.73,4737.27,2287.17475243,10379
1504224000,4737.02,4800.0,4702.11,4798.51,1949.45204433,7826
1504267200,4799.0,4919.95,4777.79,4919.9,2527.08753752,9357
1504310400,4919.9,4965.0,4650.6,4725.4,3964.72156225,10686
1504353600,4725.42,4750.0,4528.0,4630.4,3579.56516899,11351
1504396800,4630.45,4745.0,4600.0,4618.9,2208.11829049,6942
1504440000,4618.9,4699.99,4463.846,4645.0,2855.63694086,8367
1504483200,4645.0,4660.0,4350.3,4369.99,3123.93677771,7513
1504526400,4369.99,4549.56,4156.35,4344.11,5937.2089508201,15651
1504569600,4344.11,4399.98,4140.5,4399.6,3633.4576378601,12959
1504612800,4399.6,4543.2,4318.0,4464.03,3219.7472056,10509
1504656000,4457.02,4680.5,4450.0,4662.3,2691.62606131,9570
1504699200,4662.3,4699.9,4604.0,4641.6,2166.28250897,10345
1504742400,4651.1,4686.1,4550.0,4670.3,1849.50988075,8287
1504785600,4671.3,4730.0,4615.6,4660.0,1897.77232629,8161
1504828800,4659.8,4705.1,4615.0,4669.9,1299.81625677,8264
1504872000,4669.8,4672.8,4139.1,4385.0,6947.6507379502,13851
1504915200,4385.1,4445.0,4260.2,4390.0,1632.07304437,6803
1504958400,4395.6,4400.0,4210.1,4342.3,1912.84802192,8642
1505001600,4354.7,4365.0,4114.0,4208.4,2250.06257389,8773
1505044800,4208.4,4386.8,4161.5,4287.1,1915.88465911,8272
1505088000,4287.3,4397.4,4151.5,4197.0,2719.76418879,8078
1505131200,4197.0,4298.9,4180.1,4226.2,1565.52060047,5766
1505174400,4224.7,4399.0,4211.1,4350.6,2304.41653715,7321
1505217600,4357.2,4376.9,4115.1,4173.6,3281.6214174501,9761
1505260800,4176.6,4183.1,3807.8,3841.5,5635.72211011,17183
1505304000,3827.2,3995.6,3753.1,3882.2,5407.4908710101,14691
1505347200,3880.7,3947.9,3617.0,3627.7,3882.96548617,11671
1505390400,3627.7,3703.1,3215.0,3254.2,12732.52878106,24935
1505433600,3254.4,3467.7,3000.0,3013.0,10679.0333810502,19149
1505476800,3014.3,3849.0,2995.5,3739.6,11167.7335740301,22820
1505520000,3739.7,3940.0,3656.0,3751.1,4850.97464007,13034
1505563200,3751.5,3798.8,3611.0,3716.4,3527.2476305701,10840
1505606400,3716.4,3720.0,3525.5,3600.0,2351.04198636,6665
1505649600,3600.0,3821.8,3586.4,3719.0,2164.44116263,9973
1505692800,3718.8,3999.0,3710.0,3980.8,3074.40769479,11134
1505736000,3980.9,4135.0,3950.6,4091.5,4324.52059066,13303
1505779200,4093.7,4113.0,3863.0,4003.9,3217.08163451,9659
1505822400,4003.9,4055.5,3888.0,3911.0,4113.94351834,8422
1505865600,3912.3,3980.0,3821.4,3920.4,2422.0193737901,8264
1505908800,3920.3,4059.0,3863.0,3863.1,2406.37648689,8508
1505952000,3863.1,3916.9,3800.0,3867.7,2122.1152535,7042
1505995200,3870.1,3886.1,3578.0,3623.9,4971.56285957,12006
1506038400,3623.9,3763.5,3558.8,3559.8,2474.72147878,6351
1506081600,3559.6,3650.0,3525.1,3606.8,2542.17924431,8362
1506124800,3599.7,3826.3,3570.1,3820.2,1988.84081212,5919
1506168000,3821.9,3830.3,3742.2,3789.0,2155.20784443,6128
1506211200,3789.5,3792.9,3635.1,3689.6,1734.28442888,4663
1506254400,3689.6,3740.5,3650.0,3672.7,989.32731338,3117
1506297600,3670.0,3822.2,3670.0,3765.5,1874.24520645,4461
1506340800,3765.2,3976.9,3761.3,3924.0,3282.14113424,7919
1506384000,3922.7,3960.0,3850.0,3960.0,1787.62754858,4326
1506427200,3960.0,3970.0,3870.8,3885.9,2525.15305602,5198
1506470400,3886.3,4099.0,3870.1,4074.0,2759.44002672,5997
1506513600,4074.1,4240.0,4050.0,4213.8,4091.10842216,9408
1506556800,4213.9,4285.0,4146.3,4200.0,3170.42597681,8362
1506600000,4199.6,4220.0,4130.0,4190.0,2599.39090222,6186
1506643200,4195.4,4205.7,4025.0,4197.6,2561.99577586,6907
1506686400,4197.6,4224.8,4150.0,4157.1,1702.41755606,4106
1506729600,4162.6,4308.9,4151.2,4280.1,1732.02649147,5318
1506772800,4276.8,4368.0,4267.2,4344.0,1833.23287927,6062
1506816000,4343.9,4367.0,4275.0,4318.2,1178.25916554,3476
1506859200,4314.4,4391.0,4250.0,4383.7,1543.12660854,4601
1506902400,4387.9,4467.5,4380.0,4397.2,1733.15532281,5116
1506945600,4397.3,4434.0,4365.2,4401.7,1742.71558692,4743
1506988800,4401.6,4430.3,4260.0,4311.0,3304.40253088,6604
1507032000,4311.0,4318.7,4240.0,4309.0,2041.9722825,4790
1507075200,4312.9,4352.9,4237.3,4255.8,1788.35962711,5029
1507118400,4255.9,4267.5,4189.1,4223.6,1954.09907621,6327
1507161600,4222.3,4262.4,4154.9,4260.0,1499.36845111,5294
1507204800,4260.0,4372.0,4260.0,4324.2,1923.04007554,6514
1507248000,4319.6,4422.1,4300.1,4403.1,1576.87604293,4642
1507291200,4403.1,4405.0,4317.1,4363.1,1525.44748647,4395
1507334400,4363.1,4387.1,4318.5,4326.2,966.55767709,2884
1507377600,4326.0,4440.0,4323.3,4432.0,1353.90617474,3905
1507420800,4423.2,4469.9,4407.1,4463.9,1481.35242824,4803
1507464000,4461.9,4615.1,4452.1,4592.0,2624.16476918,8665
1507507200,4594.4,4620.0,4555.0,4586.8,1654.82925879,5515
1507550400,4586.9,4875.0,4566.3,4772.1,3586.35306607,9540
1507593600,4774.9,4870.0,4753.5,4793.7,2170.63597364,6853
1507636800,4802.1,4919.0,4712.4,4748.5,3508.5439558,9852
1507680000,4745.4,4827.0,4710.2,4793.0,1312.60560713,4530
1507723200,4803.0,4878.0,4755.0,4822.6,2306.66903837,5772
1507766400,4824.2,5243.8,4812.2,5160.4,3781.19803574,10924
1507809600,5160.4,5430.0,5160.4,5429.7,4169.46857386,13620
1507852800,5429.8,5854.4,5380.1,5650.3,6322.1946859003,17849
1507896000,5650.3,5764.6,5475.4,5640.0,2899.94965344,9707
1507939200,5626.7,5740.0,5556.1,5702.7,1290.38470864,5841
1507982400,5702.8,5800.0,5650.0,5800.0,1729.56176707,6554
1508025600,5800.0,5840.4,5462.1,5475.0,2171.05416362,7637
1508068800,5476.2,5731.278,5462.1,5680.0,2365.33205154,7074
1508112000,5673.2,5744.6,5550.0,5740.8,1307.92238078,5417
1508155200,5741.6,5776.6,5612.7,5738.8,1826.69827603,6722
1508198400,5738.7,5759.9,5553.0,5573.3,1798.79782634,5733
1508241600,5575.9,5648.6,5535.1,5606.5,1663.75565292,5739
1508284800,5606.5,5606.5,5250.5,5315.0,2850.63553464,9085
1508328000,5314.5,5630.0,5132.3,5579.4,3342.1540772,9051
1508371200,5590.0,5728.8,5534.0,5695.5,2158.94818153,5794
1508414400,5692.1,5731.3,5605.0,5695.3,1291.51076994,5116
1508457600,5703.1,5715.3,5620.0,5643.0,822.91731653,3119
1508500800,5668.0,6050.0,5639.2,5999.0,3626.11596514,9639
1508544000,5990.2,6138.3,5927.0,6132.9,1940.50475619,6237
1508587200,6128.0,6180.0,5920.9,6043.0,2490.61981372,8075
1508630400,6039.8,6090.8,5750.1,5847.0,1938.93352318,7521
1508673600,5851.8,6039.0,5801.3,5997.6,1214.74053131,5567
1508716800,5987.5,6054.0,5811.2,5908.6,1533.49101289,6761
1508760000,5908.7,5973.0,5700.1,5902.8,3199.47356324,11711
1508803200,5902.6,5910.0,5583.0,5715.4,3462.22293669,11973
1508846400,5716.1,5750.0,5511.0,5545.5,2329.40899021,9583
1508889600,5545.5,5671.0,5400.0,5559.4,2525.50677747,9329
1508932800,5559.5,5777.7,5472.0,5762.8,2375.08372421,9830
1508976000,5761.0,5899.9,5707.6,5898.0,1561.97820597,6566
1509019200,5899.0,5994.9,5808.0,5890.6,2301.28386712,9427
1509062400,5891.2,5994.0,5810.0,5858.9,1367.76366763,6409
1509105600,5857.7,5859.1,5710.0,5793.8,1741.32275997,6899
1509148800,5794.0,5887.6,5705.5,5718.5,829.48193735,4625
1509192000,5719.0,5799.0,5687.0,5750.0,1221.58282397,4882
1509235200,5750.0,5848.0,5684.7,5800.1,860.41474597,4908
1509278400,5797.9,6209.9,5762.9,6130.0,3323.56296182,12355
1509321600,6135.8,6232.4,6066.6,6158.2,1428.03338033,6685
1509364800,6155.1,6177.2,6032.8,6124.5,1389.10323289,6386
1509408000,6124.5,6225.0,6080.0,6210.0,986.27116981,4241
1509451200,6224.9,6444.6,6180.0,6430.5,2963.87501668,9355
1509494400,6442.3,6666.6,6362.0,6642.0,2374.86828752,8790
1509537600,6641.1,6749.0,6525.0,6741.9,2681.11065656,10962
1509580800,6741.8,7289.0,6710.8,6880.2,4423.05105241,11967
1509624000,6880.1,7168.4,6720.2,7007.3,2923.32317407,9718
1509667200,7020.3,7449.0,6894.1,7324.7,2869.15114299,11497
1509710400,7299.7,7448.0,7080.0,7160.0,1970.89139262,9959
1509753600,7160.0,7249.0,6934.1,7125.1,1305.0539163,6438
1509796800,7129.0,7480.0,7128.9,7369.9,1399.98112284,7356
1509840000,7366.5,7549.0,7297.0,7548.9,1073.59049225,4853
1509883200,7541.0,7575.0,7300.0,7380.0,1530.99801655,6851
1509926400,7374.7,7435.8,7100.0,7362.8,2398.80763083,8409
1509969600,7356.0,7449.0,6920.0,6969.0,2562.38438241,10227
1510012800,6970.3,7273.1,6942.0,7210.0,1678.8937634,7053
1510056000,7210.3,7235.0,7003.0,7128.1,1295.64395955,6207
1510099200,7128.1,7444.4,7097.0,7424.0,1913.23519083,9062
1510142400,7424.0,7788.0,7121.0,7463.5,4277.37739046,14988
1510185600,7460.0,7470.0,7110.0,7169.8,2952.80637831,11497
1510228800,7172.0,7277.0,7104.0,7152.4,2114.4288926,10270
1510272000,7155.0,7400.0,6889.0,6910.3,2576.95148125,11177
1510315200,6910.3,6999.0,6415.0,6583.0,6322.1878803802,18515
1510358400,6567.1,6800.0,6513.0,6513.0,2314.31814553,8043
1510401600,6513.0,6549.0,6200.0,6330.0,4617.5810224701,12708
1510444800,6330.0,6500.0,5464.0,6311.0,9824.7800149501,23878
1510488000,6323.2,6386.6,5609.0,5880.0,4670.3436889,15862
1510531200,5840.0,6605.0,5800.0,6558.6,3397.17546418,13642
1510574400,6558.6,6870.0,6315.4,6528.0,4139.85709633,16279
1510617600,6534.0,6779.2,6528.0,6600.2,2297.20932519,11349
1510660800,6600.4,6700.0,6530.0,6660.6,2054.37227311,10708
1510704000,6660.6,7098.0,6660.6,7098.0,3208.44943098,10654
1510747200,7087.0,7300.0,7060.7,7260.0,4442.40895228,12197
1510790400,7260.0,7499.5,7085.2,7395.0,4455.18450854,10336
1510833600,7395.0,7790.0,7389.4,7750.7,4119.97936448,12632
1510876800,7755.7,7944.6,7520.2,7799.2,3229.03510934,12014
1510920000,7822.3,7950.0,7615.0,7695.7,2401.41281038,9355
1510963200,7691.9,7790.0,7426.9,7775.0,1962.88051557,8677
1511006400,7775.0,7849.9,7656.3,7786.0,1009.15864331,5520
1511049600,7790.5,7815.0,7670.0,7725.3,939.56960526,5167
1511092800,7738.2,8000.0,7670.0,8000.0,1769.20471673,7696
1511136000,8000.0,8075.0,7909.6,8063.0,951.90728544,5307
1511179200,8063.0,8274.4,8050.0,8234.1,1698.80120498,7701
1511222400,8220.8,8250.0,7785.4,8192.4,2531.54611511,8529
1511265600,8193.5,8350.0,8018.0,8113.1,2276.06008185,7507
1511308800,8100.8,8300.0,8025.4,8291.3,1446.76649343,4872
1511352000,8285.7,8300.0,8138.0,8250.6,1375.04952205,5277
1511395200,8251.5,8290.0,8100.0,8130.0,1882.13348806,6601
1511438400,8130.0,8215.0,8030.0,8030.0,1214.68368697,5817
1511481600,8028.7,8277.7,7850.0,8241.7,2944.01049136,7797
1511524800,8241.7,8249.5,8110.1,8173.1,1105.80973217,6519
1511568000,8174.1,8424.6,8100.0,8381.0,1103.76456728,6456
1511611200,8384.4,8697.1,8366.1,8690.0,1577.08869001,7911
1511654400,8691.8,8977.3,8691.8,8895.0,1248.37252741,7020
1511697600,8920.0,9388.0,8873.4,9174.3,1943.65955213,8480
1511740800,9174.3,9640.0,9155.6,9551.0,1684.06757242,9559
1511784000,9551.0,9654.7,9335.0,9580.0,1447.7377659,6510
1511827200,9597.7,9750.0,9411.0,9750.0,1330.50361611,6841
1511870400,9749.9,9885.2,9688.8,9800.0,1145.40049618,7144
1511913600,9820.0,10800.0,9792.1,10745.3,3672.73011823,16676
1511956800,10745.3,11379.8,9000.2,9795.8,6286.0286115401,23969
1512000000,9773.1,10680.1,9650.1,9825.0,3199.0676127799,16343
1512043200,9829.0,10200.0,9220.8,10088.5,3798.04359481,15134
1512086400,10087.8,10206.0,9450.0,10010.0,1975.134764,11872
1512129600,10011.5,10961.2,10011.5,10896.1,2701.67932273,13323
1512172800,10887.1,11198.6,10673.0,10915.0,1448.39285217,9259
1512216000,10915.0,11177.0,10680.2,10901.0,1175.01081557,6901
1512259200,10901.0,11553.0,10802.0,11553.0,1375.29939862,7466
1512302400,11528.9,11777.0,10701.6,11235.1,2778.18793247,12681
1512345600,11242.0,11663.9,11102.2,11280.0,1567.7295296,7738
1512388800,11278.4,11638.0,11006.3,11638.0,1908.74279357,7969
1512432000,11638.0,11849.9,11502.2,11687.9,1804.04567102,8090
1512475200,11696.5,11850.0,11620.0,11736.2,1391.81098425,8008
1512518400,11723.4,12850.0,11723.4,12733.8,2757.81012243,12875
1512561600,12750.0,13850.0,12472.4,13737.7,2439.94438247,12428
1512604800,13733.4,15200.0,13699.0,14918.2,3968.70976999,13359
1512648000,14918.2,15958.0,14100.0,15899.0,3787.0424699099,15265
1512691200,15899.0,16986.0,14201.6,14814.8,3026.09892513,16538
1512734400,14911.6,15998.7,14550.6,15921.9,1692.28695131,10833
1512777600,15921.9,16100.0,14600.0,15087.0,1496.58005397,9804
1512820800,15078.0,15300.0,13200.0,14682.9,2274.03357085,11105
1512864000,14682.9,14720.5,13000.0,13889.8,1864.78172131,10280
1512907200,13878.0,15700.0,13777.0,14850.3,2603.07207032,18569
1512950400,14850.0,16799.0,14850.0,16413.1,2534.72171752,16742
1512993600,16413.1,17423.0,16330.0,16578.0,1970.80565132,13803
1513036800,16568.1,17049.0,16300.0,16804.8,1610.06052363,15691
1513080000,16785.1,17390.1,16624.9,16889.3,1723.10659529,15970
1513123200,16894.3,17199.9,16089.0,16749.0,1440.32525256,15165
1513166400,16749.0,17160.0,15717.0,16150.1,1848.02527401,12770
1513209600,16135.3,16698.5,15825.7,16500.0,1503.8731781,10582
1513252800,16518.1,16653.9,16000.0,16376.1,1411.81864175,9863
1513296000,16376.6,17846.0,16323.3,17840.1,2569.35092755,13750
1513339200,17843.8,17950.0,17379.5,17500.0,1042.43045085,8572
1513382400,17500.0,18080.0,17343.0,18065.0,976.0666389,11510
1513425600,18065.0,19500.0,17939.0,19356.9,1782.67488216,13230
1513468800,19356.9,19500.0,18807.0,19493.5,1385.71261406,11711
1513512000,19499.7,19660.0,18567.1,18920.6,1889.25647338,12699
1513555200,18920.8,19289.0,18298.5,19219.0,1933.23782703,12842
1513598400,19217.0,19258.4,18310.0,18833.1,1455.66987147,13002
1513641600,18832.8,18946.8,17800.0,17800.0,1904.32746443,13533
1513684800,17870.6,18397.0,16723.5,17600.5,2547.5777497,16632
1513728000,17593.5,17722.6,15555.0,17240.3,3448.43119976,20285
1513771200,17233.4,17724.5,15501.2,16220.7,2593.82349023,18739
1513814400,16217.7,16950.0,15900.0,16274.2,1759.55300761,15342
1513857600,16280.1,16460.6,14315.0,15180.0,2371.82282546,18597
1513900800,15184.3,15442.3,12201.0,13800.0,5772.2416726401,27287
1513944000,13800.0,15094.9,11205.0,13874.1,5303.8661326502,21655
1513987200,13899.8,15095.0,13499.9,15095.0,1734.1899196699,14202
1514030400,15077.1,15600.0,14500.0,14560.9,2097.28856817,13962
1514073600,14569.4,14841.8,12801.5,13001.3,1854.77464496,13202
1514116800,13001.3,13796.0,12500.0,13760.0,1766.32703852,14200
1514160000,13760.0,14200.5,13030.0,14199.7,1243.20990788,10328
1514203200,14199.8,14512.0,13511.6,13865.0,1211.29197685,9750
1514246400,13870.0,15493.9,13763.0,15142.3,1456.22437256,10151
1514289600,15130.8,16249.0,15033.0,15814.5,2166.30871458,11711
1514332800,15813.3,16555.2,15514.9,15820.0,1601.86476119,10394
1514376000,15810.4,16139.6,14624.0,15445.9,2169.79368774,12787
1514419200,15444.3,15550.0,14000.1,14270.0,2541.7491259099,12902
1514462400,14270.0,14834.9,13732.5,14548.8,2478.87655802,13812
1514505600,14566.1,15198.5,14250.0,14589.0,1684.34244588,12883
1514548800,14589.0,15093.3,14262.7,14400.8,1535.54964592,12209
1514592000,14400.8,14438.8,13105.0,13477.1,2212.85793392,13786
1514635200,13477.0,13530.1,12132.4,12600.0,2191.42547648,14337
1514678400,12600.0,13500.0,12500.0,13127.5,973.26318132,9599
1514721600,13127.1,14299.0,12800.0,13990.0,1237.12102661,8557
1514764800,13971.1,14442.9,13300.0,13461.3,1165.69728263,7394
1514808000,13499.9,13997.8,13050.0,13506.1,1060.67522408,8340
1514851200,13506.1,13999.0,13088.8,13660.4,1342.39898431,9058
1514894400,13748.0,15300.0,13679.4,14882.0,1885.81468408,10003
1514937600,14882.0,15599.7,14750.0,15005.5,1362.11753165,8095
1514980800,15006.9,15348.9,14701.9,15185.7,1378.53554161,10017
1515024000,15186.7,15500.1,14417.1,14704.9,1667.8157997,13235
1515067200,14700.0,15328.0,14484.0,15266.6,1830.08440002,12155
1515110400,15266.6,16200.0,14961.0,15967.8,1869.54269711,12001
1515153600,16088.3,17000.0,15550.0,16990.0,1859.04707315,13069
1515196800,16988.3,17164.3,16300.0,16519.8,1136.1234555,8781
1515240000,16518.1,17245.0,16167.5,17088.0,990.51405762,8031
1515283200,17083.5,17100.0,16333.0,16652.0,932.08025805,8490
1515326400,16652.0,16670.0,15665.0,16128.4,1338.27825145,9097
1515369600,16116.9,16130.1,15102.0,15313.5,1545.80863995,11569
1515412800,15313.5,15468.6,13500.0,15022.6,2379.25593216,12763
1515456000,15016.9,15440.7,14650.0,14815.0,1263.03674096,9196
1515499200,14800.0,15100.0,14230.7,14516.6,1728.70043899,11505
1515542400,14508.5,14582.4,13525.0,14095.0,2401.11252527,12501
1515585600,14075.2,14979.0,13725.0,14937.6,1592.25728766,11191
1515628800,14907.0,15055.0,12848.0,13546.0,1991.62598394,9950
1515672000,13647.9,13647.9,13503.0,13647.9,0.16585001,12
1515758400,13503.0,13503.0,13503.0,13503.0,0.009,9
1515801600,14101.0,17200.0,13867.0,14200.2,44.6161823,205
1515844800,14200.1,15800.0,13266.3,14400.0,1135.08761834,12035
1515888000,14396.3,14500.0,13600.0,13780.0,971.02895792,15625
1515931200,13799.0,13814.3,13209.6,13711.2,1459.26373121,12036
1515974400,13711.1,13999.0,13207.0,13860.0,1628.34321078,15204
1516017600,13860.0,14438.9,13500.0,13608.3,1892.77511924,16259
1516060800,13606.9,13633.1,11101.2,12478.9,3758.22714935,28179
1516104000,12478.0,12762.8,10111.0,11533.2,6263.6966705502,32430
1516147200,11533.9,11917.2,10000.0,10312.1,4267.2142480401,28622
1516190400,10312.1,11968.9,9225.0,11185.0,7086.3757313704,42398
1516233600,11191.0,11960.0,10750.0,11759.3,3661.0944928001,30115
1516276800,11730.7,12262.3,11025.1,11286.0,4060.9985114101,28584
1516320000,11286.1,11988.4,11036.4,11847.8,2779.44376395,20045
1516363200,11829.1,12040.0,11154.0,11598.1,2741.2905650001,25335
1516406400,11599.0,12850.0,11539.1,12396.8,2800.87525637,20725
1516449600,12400.0,13079.6,12325.0,12845.9,2119.7048992199,19254
1516492800,12845.6,12845.8,11640.4,12183.3,2078.5288929,20341
1516536000,12183.3,12291.6,11146.0,11556.0,2599.03419027,25011
1516579200,11588.6,11968.5,11280.0,11336.4,1464.40671585,22673
1516622400,11370.0,11425.0,10000.0,10811.3,3668.7002217001,34738
1516665600,10811.3,11047.9,10001.0,10218.7,1852.8266724299,19815
1516708800,10218.7,11456.0,10079.3,10849.9,3214.20638096,26718
1516752000,10850.0,11200.0,10529.0,11060.0,1879.58484149,18156
1516795200,11059.9,11500.0,10899.9,11419.8,2346.3500749899,23244
1516838400,11419.8,11760.1,11129.9,11169.5,2233.27249966,18378
1516881600,11154.1,11361.1,10899.0,11159.3,2415.17575468,20437
1516924800,11156.1,11634.2,10320.0,10530.8,3762.42498691,30000
1516968000,10530.8,11278.4,10380.1,11080.8,3918.4607034701,29173
1517011200,11080.0,11416.5,10850.0,10947.5,2600.02625741,20998
1517054400,10947.4,11595.0,10871.0,11386.0,3343.5121208299,24374
1517097600,11380.2,11932.7,11100.0,11734.0,3609.75524913,24611
1517140800,11733.9,11780.0,11444.1,11629.9,2362.32906434,21645
1517184000,11633.9,11708.3,11047.0,11134.1,2447.47460756,23972
1517227200,11138.8,11339.1,11015.0,11150.0,2117.2154158,17777
1517270400,11149.9,11200.0,10800.0,10945.0,2232.10120319,16695
1517313600,10949.0,10972.6,9750.3,9979.8,8459.7981640803,43915
1517356800,9985.0,10270.0,9513.1,10206.1,5536.1304415702,33807
1517400000,10206.0,10331.0,9700.0,10101.6,3332.17836824,23134
1517443200,10105.5,10180.9,9350.0,9449.0,3425.3990453899,20826
1517486400,9425.1,9501.4,8525.3,9037.6,11351.0150360406,40184
1517529600,9043.0,9046.0,7820.0,7954.1,8812.0133420404,34626
1517572800,7956.1,9155.0,7606.0,8772.6,9760.4641257603,41743
1517616000,8770.0,8999.0,8022.9,8987.8,3475.1750150399,17293
1517659200,8987.9,9463.7,8836.9,9167.9,4643.3338448301,20270
1517702400,9178.0,9346.0,8654.4,8681.9,2200.61621348,11386
1517745600,8681.8,8858.9,7751.2,8130.2,6006.7735514701,23961
1517788800,8146.8,8349.3,7511.0,7530.0,5375.8646321301,18799
1517832000,7530.0,7758.9,6530.0,6843.7,15301.0867840302,49970
1517875200,6843.8,7064.9,5850.0,6450.1,14842.4735436802,48429
1517918400,6450.1,7950.0,6369.7,7677.0,13956.8865664102,42879
1517961600,7676.1,8350.0,7125.1,8251.1,7428.2439231702,25338
1518004800,8258.7,8644.1,7511.0,7559.0,8350.4714840203,25596
1518048000,7552.4,8600.4,7543.0,8492.0,5907.1984091401,17696
1518091200,8487.8,8638.4,8051.0,8231.0,5309.4996205801,17476
1518134400,8239.7,8350.0,7750.0,8269.3,5207.49115731,17163
1518177600,8269.2,8749.9,8188.0,8680.1,5420.8998824101,16367
1518220800,8680.9,9080.0,8515.5,8682.6,5197.3370676901,18284
1518264000,8669.7,8833.9,8139.4,8555.7,5436.3140939002,19878
1518307200,8554.0,8555.4,7842.0,8185.8,4579.12089984,15685
1518350400,8184.4,8480.0,8000.0,8056.1,3913.6504024801,15381
1518393600,8063.8,8854.8,8059.9,8675.6,4277.34645021,14977
1518436800,8675.6,8988.0,8530.0,8906.3,3616.79054211,13187
1518480000,8897.6,8933.7,8385.0,8520.0,3682.2826112801,13679
1518523200,8520.0,8743.0,8438.1,8517.7,2729.25195362,11251
1518566400,8520.0,8960.0,8519.4,8940.7,2398.12349709,10742
1518609600,8955.3,9520.6,8940.9,9489.7,5153.8730405601,20111
1518652800,9475.7,9989.7,9330.1,9625.5,4461.55632974,17652
1518696000,9615.4,10247.0,9615.0,10037.0,5220.6860550901,20110
1518739200,10044.4,10325.1,9689.0,9830.9,3521.40678594,13436
1518782400,9837.0,10269.0,9790.2,10188.5,3096.91178073,12241
1518825600,10188.5,10900.0,10056.7,10780.2,4114.4386394,16444
1518868800,10781.0,11131.9,10573.3,11100.0,3266.4992105799,16025
1518912000,11100.0,11308.8,10205.0,10699.9,6187.1128151203,28046
1518955200,10699.9,10998.7,10400.0,10430.0,2996.4223445099,23210
1518998400,10430.0,11087.0,10371.0,10993.0,2470.40764157,13101
1519041600,10989.0,11269.5,10898.2,11165.1,3218.4936265201,16363
1519084800,11165.1,11650.0,11155.0,11449.4,3756.1674780601,16720
1519128000,11448.9,11790.1,11078.0,11242.3,5567.7760006302,21995
1519171200,11231.2,11300.0,10560.0,10950.5,6715.9300710798,25794
1519214400,10965.7,11141.4,10236.2,10468.1,7624.5660980003,26298
1519257600,10477.2,10976.0,10071.4,10283.1,5989.1568809502,18522
1519300800,10264.1,10343.0,9712.0,9840.2,7991.5373768904,25204
1519344000,9842.0,10288.0,9550.9,10203.1,6146.1616207504,20247
1519387200,10209.1,10438.6,9575.9,10157.7,5108.1197202902,16741
1519430400,10147.9,10578.7,9660.4,9739.3,4799.8870555301,17352
1519473600,9770.0,9879.7,9363.0,9688.0,4804.1315385301,16929
1519516800,9688.0,9887.1,9500.0,9658.5,3142.44151172,12912
1519560000,9660.3,9718.8,9310.1,9580.0,4313.7843030201,16343
1519603200,9580.0,9790.0,9386.7,9742.9,3306.5640449901,11100
1519646400,9742.9,10471.0,9650.0,10322.1,5810.4985095103,19388
1519689600,10326.8,10811.0,10123.7,10714.3,3781.4557965499,12866
1519732800,10710.9,10878.9,10489.0,10551.0,3581.87858402,12704
1519776000,10569.0,11081.4,10417.0,10550.2,4248.5604477501,17999
1519819200,10560.0,10697.0,10260.1,10310.0,4303.91735796,11829
1519862400,10309.0,10754.8,10130.0,10659.5,3511.57141612,12374
1519905600,10659.0,11079.3,10610.5,10920.0,4340.7026592401,15482
1519948800,10920.0,11190.0,10822.0,10909.5,3059.0815762101,12378
1519992000,10911.7,11128.0,10778.8,11031.3,2679.44977998,9433
1520035200,11031.3,11419.8,11031.3,11284.0,2586.15237417,10909
1520078400,11284.0,11528.9,11266.9,11428.0,2358.2954278,11033
1520121600,11429.9,11444.0,11062.1,11148.4,2172.98586464,9150
1520164800,11160.0,11539.0,11090.0,11512.1,1976.2676153,10491
1520208000,11503.1,11624.6,11400.8,11502.0,2405.9573534799,10607
1520251200,11502.0,11666.4,11424.0,11433.9,2548.29525268,13480
1520294400,11432.9,11438.0,10838.1,10950.2,3936.78869372,12739
1520337600,10950.0,11023.1,10550.1,10731.5,6081.5337638101,17247
1520380800,10718.4,10899.0,10423.0,10643.4,3213.56023017,11161
1520424000,10643.5,10723.8,9388.1,9903.0,11259.0409270005,30316
1520467200,9903.0,10120.7,9491.2,9936.2,4675.4811156401,15555
1520510400,9933.0,9988.6,9000.0,9279.9,7050.3484711203,20357
1520553600,9290.1,9427.9,8400.0,8955.6,11713.8679529808,29769
1520596800,8963.0,9359.0,8613.6,9244.5,7737.9505054801,27264
1520640000,9224.5,9515.2,9120.0,9364.5,4670.6170782134,42268
1520683200,9364.4,9494.9,8653.0,8752.0,6342.7343622106,31492
1520726400,8762.3,9104.6,8434.1,9066.2,6212.8015646302,19685
1520769600,9060.2,9745.0,9012.1,9526.2,7675.0280577704,27505
1520812800,9533.7,9899.9,9310.0,9846.4,4469.5019884502,16808
1520856000,9837.3,9840.0,8755.0,9102.8,8636.9122052799,30656
1520899200,9109.9,9477.0,8855.0,9040.0,5772.2247918601,22646
1520942400,9040.0,9310.0,8812.5,9141.3,5293.9344766001,19435
1520985600,9141.2,9370.9,8620.0,8680.0,4957.1970684402,18789
1521028800,8680.3,8791.8,7900.0,8174.2,11414.8810908101,32305
1521072000,8175.9,8293.9,7621.4,8220.1,9431.7885946504,27963
1521115200,8231.5,8425.0,7951.0,8248.6,7827.4422534402,22838
1521158400,8244.9,8333.2,7859.4,8188.7,6098.5382157701,18910
1521201600,8189.5,8615.0,8152.5,8251.0,5879.2322918002,19849
1521244800,8260.0,8340.0,8081.2,8175.6,4046.0749459101,15338
1521288000,8175.6,8175.6,7700.0,7843.4,7617.4053227603,24730
1521331200,7839.1,7860.0,7501.2,7768.2,6383.3597341102,20795
1521374400,7761.3,8249.1,7305.0,8183.2,12210.5876507302,33563
1521417600,8183.2,8450.9,8064.0,8337.9,7188.1224845307,22973
1521460800,8325.3,8780.0,8165.0,8610.2,7902.6223606204,23744
1521504000,8600.0,8668.3,8305.2,8521.7,5427.3219745502,14890
1521547200,8510.0,9037.0,8436.7,8912.0,7183.6001774402,21883
1521590400,8911.9,9136.0,8862.0,9085.2,3837.09181128,12721
1521633600,9085.2,9189.8,8750.0,8880.0,6734.2128309003,19868
1521676800,8879.0,9116.2,8615.0,8640.0,5100.4984220402,15093
1521720000,8644.6,8779.1,8487.0,8711.5,4884.9472186801,14033
1521763200,8710.0,8722.8,8336.0,8513.8,4677.60362942,12575
1521806400,8514.0,8934.9,8265.0,8916.8,4899.5619099501,15222
1521849600,8917.4,8989.1,8693.7,8734.2,2748.06452431,8393
1521892800,8732.1,9030.0,8480.0,8530.0,4129.9670417502,13289
1521936000,8532.7,8607.2,8368.8,8421.1,2623.24222633,7085
1521979200,8421.1,8678.0,8375.2,8444.4,3452.95353892,9465
1522022400,8453.5,8499.7,8061.7,8095.5,3394.12941393,10515
1522065600,8095.3,8269.7,7850.0,8137.8,6756.3420890504,19106
1522108800,8137.8,8230.0,7708.6,7938.9,5458.84990057,13323
1522152000,7938.7,8177.1,7758.0,7786.7,4720.42682834,13682
1522195200,7786.7,8114.5,7728.3,8042.4,3297.62349441,9508
1522238400,8042.4,8056.7,7826.6,7943.3,3344.74788825,9650
1522281600,7935.0,7975.0,7431.3,7471.0,6385.4920174301,17937
1522324800,7471.0,7586.2,6900.0,7080.1,14510.217088621,32609
1522368000,7084.8,7244.0,6600.0,7010.0,12656.9330226408,32138
1522411200,6997.2,7033.8,6550.0,6804.0,8200.7502577203,23529
1522454400,6804.0,7147.9,6773.9,7057.1,5637.2760901602,16116
1522497600,7050.9,7199.7,6820.0,6911.1,3681.30227694,10903
1522540800,6913.8,7037.0,6570.2,6680.0,3566.91012837,10178
1522584000,6684.1,6994.5,6449.4,6810.0,9709.1627544703,21175
1522627200,6818.8,7134.9,6761.0,7044.1,3920.80946544,10149
1522670400,7043.1,7088.0,6888.4,7054.7,4413.00777913,10573
1522713600,7054.6,7444.4,7013.1,7305.3,5128.6221192101,14273
1522756800,7305.3,7529.7,7280.9,7414.8,4345.1341966601,13008
1522800000,7410.1,7432.7,7000.1,7063.0,4672.3751685703,13277
1522843200,7061.1,7111.0,6699.0,6790.4,6612.0770958002,17195
1522886400,6790.4,6905.1,6551.8,6783.6,5996.4555358701,13795
1522929600,6780.1,6935.8,6620.0,6763.5,5050.5356104901,12601
1522972800,6763.6,6848.0,6505.0,6615.7,4146.30140942,10194
1523016000,6615.7,6652.0,6525.0,6616.2,3158.05593693,6544
1523059200,6613.9,6925.0,6602.2,6870.0,2916.02447074,10934
1523102400,6870.0,7077.7,6778.0,6893.1,3768.69644911,8891
1523145600,6885.0,7100.0,6878.6,7094.0,1739.52604814,4485
1523188800,7094.3,7113.6,6931.1,7014.5,2725.21122257,6210
1523232000,7022.9,7186.1,6695.0,6747.1,5146.02524587,12292
1523275200,6747.2,6819.8,6608.3,6773.4,4799.4915241601,11220
1523318400,6774.2,6800.0,6646.8,6738.1,2133.2390996001,6230
1523361600,6738.1,6888.0,6718.0,6830.0,2832.65024776,6626
1523404800,6829.9,6880.4,6798.0,6857.7,1768.39210421,4097
1523448000,6855.7,6969.0,6840.9,6941.0,2338.36786197,8219
1523491200,6940.9,8500.0,6759.0,7753.0,7352.0230482201,17153
1523534400,7753.2,7990.0,7566.3,7919.9,7787.2142627002,20804
1523577600,7919.9,8220.0,7741.0,8090.6,5231.7583753,14156
1523620800,8090.7,8240.4,7804.5,7882.5,5437.9517750201,13785
1523664000,7882.4,8215.3,7816.2,7985.0,3275.48057652,8723
1523707200,7987.2,8087.4,7867.4,8004.9,1737.68422332,5327
1523750400,8005.0,8422.0,7996.6,8348.5,2180.66474823,7057
1523793600,8348.5,8399.9,8271.3,8363.3,1887.11047031,6665
1523836800,8374.0,8429.8,8002.8,8093.1,3328.91637564,9394
1523880000,8093.2,8099.3,7902.0,8057.1,2577.41045843,7057
1523923200,8057.2,8181.4,7964.6,8110.0,2118.57728269,6243
1523966400,8110.0,8160.1,7800.3,7893.1,3079.00268114,8178
1524009600,7893.0,8157.0,7865.0,8110.6,2202.15834964,6820
1524052800,8111.0,8308.0,7925.8,8170.0,3374.95202859,8912
1524096000,8170.6,8286.8,8099.7,8197.2,1950.54874764,6670
1524139200,8201.0,8308.0,8186.3,8275.7,1633.77662888,6207
1524182400,8267.5,8550.0,8226.0,8517.9,3886.39439725,12143
1524225600,8514.7,8943.8,8452.3,8875.0,3862.62808822,13079
1524268800,8875.1,9075.0,8629.3,8729.1,3418.42209786,12550
1524312000,8724.6,8964.0,8712.2,8944.6,1614.28284868,6394
1524355200,8939.7,9072.0,8825.3,8970.0,1727.02925285,5704
1524398400,8970.0,9056.9,8760.5,8811.8,2322.57037481,8343
1524441600,8796.3,8991.3,8784.9,8929.0,1842.27672241,4974
1524484800,8932.3,9032.1,8818.0,8954.1,2448.81594659,6228
1524528000,8959.0,9400.0,8947.0,9305.5,3687.63976783,12319
1524571200,9305.0,9749.0,9207.9,9661.7,5216.38871505,15021
1524614400,9661.7,9750.0,9029.2,9150.8,7432.5899950502,21021
1524657600,9150.8,9222.9,8767.0,8855.7,6616.0424951602,19212
1524700800,8857.0,8967.1,8555.0,8852.7,4287.06215127,12312
1524744000,8852.8,9300.0,8726.7,9291.4,3515.69099847,9913
1524787200,9281.7,9381.9,9112.3,9309.2,2780.92194315,7349
1524830400,9308.9,9348.8,8891.8,8917.8,3425.97839989,10888
1524873600,8917.8,9333.0,8865.0,9206.0,2448.20857673,7867
1524916800,9198.5,9437.2,9198.5,9339.2,2353.99992473,8660
1524960000,9328.1,9538.0,9165.0,9266.5,2469.28011642,8853
1525003200,9266.5,9436.2,9198.9,9411.2,1331.6933219,5607
1525046400,9407.4,9453.9,9110.7,9265.4,1839.26626617,7067
1525089600,9264.9,9349.6,9150.0,9243.2,2296.12967255,8319
1525132800,9246.5,9246.5,8871.7,8970.3,3060.19941817,9793
1525176000,8980.8,9111.0,8830.0,9081.3,2895.72268898,9282
1525219200,9074.3,9199.9,8989.4,9163.8,1395.69712145,6582
1525262400,9163.8,9262.0,8979.0,9217.1,2481.12278804,6464
1525305600,9233.3,9287.9,9170.1,9210.0,1017.05587908,4832
1525348800,9201.5,9799.9,9198.1,9735.9,4975.4514019901,16446
1525392000,9731.1,9779.9,9511.0,9722.0,2601.65824853,8745
1525435200,9722.0,9754.3,9561.3,9688.9,1642.628978,6398
1525478400,9687.9,9950.0,9465.0,9864.0,2126.82737003,8187
1525521600,9864.1,9962.0,9511.1,9795.0,1873.05189739,8269
1525564800,9794.9,9899.0,9420.0,9478.0,1761.14989179,9428
1525608000,9477.8,9633.6,9364.0,9604.9,1412.981164,5824
1525651200,9605.0,9626.8,9246.1,9320.2,2360.67169154,8001
1525694400,9320.4,9465.6,9200.0,9360.6,1627.72215813,6943
1525737600,9359.6,9458.6,9173.1,9211.0,1378.5618577,5845
1525780800,9208.0,9275.0,9050.0,9172.7,1805.11250707,6594
1525824000,9178.3,9342.7,8960.0,9260.3,2509.47444975,7052
1525867200,9260.4,9464.1,9212.4,9305.4,2010.61211026,6281
1525910400,9302.0,9395.9,9260.0,9320.0,954.10788892,3302
1525953600,9320.0,9385.1,8990.5,9011.0,2159.88356545,7033
1525996800,9009.8,9009.8,8607.8,8626.9,3315.20532151,13859
1526040000,8625.0,8689.0,8325.0,8407.8,3541.8779698,12082
1526083200,8411.0,8582.4,8223.2,8524.9,2802.17042723,9188
1526126400,8528.1,8649.9,8263.0,8479.0,2242.26861153,7460
1526169600,8478.8,8604.1,8317.9,8551.5,1601.02607961,4584
1526212800,8549.2,8749.6,8510.0,8698.2,1760.08471876,6812
1526256000,8698.2,8706.9,8286.3,8429.9,2232.88967372,7374
1526299200,8424.0,8886.3,8304.3,8660.8,3784.99946101,12509
1526342400,8661.6,8862.0,8623.8,8757.6,1440.918429,5174
1526385600,8766.9,8785.0,8421.0,8462.8,2434.34167615,8652
1526428800,8473.1,8494.0,8077.3,8370.1,3892.71572807,9460
1526472000,8370.1,8388.9,8120.5,8344.9,2440.2180395,6552
1526515200,8345.8,8500.0,8200.1,8294.0,1678.88498232,4368
1526558400,8303.3,8350.0,7978.8,8064.0,2567.95395877,7022
1526601600,8064.0,8188.0,7932.5,8101.9,2371.2347961,7416
1526644800,8107.7,8280.0,8034.0,8231.9,1690.21260991,5784
1526688000,8231.9,8387.0,8160.2,8375.4,1211.68514939,3996
1526731200,8378.4,8394.0,8177.8,8233.8,1035.85469943,4027
1526774400,8229.9,8380.6,8147.9,8336.0,763.4673649,3165
1526817600,8336.6,8596.7,8291.0,8518.9,1874.07395144,6874
1526860800,8524.9,8596.5,8430.9,8492.0,1275.09832683,4048
1526904000,8486.2,8520.7,8292.4,8390.8,1627.50966218,4538
1526947200,8390.8,8408.0,8205.0,8205.2,1529.31910706,4500
1526990400,8205.3,8250.0,7938.4,7989.1,2684.28393559,7725
1527033600,7989.2,8038.2,7800.0,7853.3,2916.34187098,8694
1527076800,7853.2,7940.0,7440.6,7500.3,4926.5275788001,13846
1527120000,7503.0,7725.0,7260.0,7363.6,3652.41710534,8324
1527163200,7363.1,7626.1,7255.0,7572.0,2831.07476749,7414
1527206400,7575.7,7650.0,7286.7,7449.0,2888.61851537,7173
1527249600,7452.9,7534.7,7346.6,7466.0,1846.27277055,5413
1527292800,7466.3,7634.9,7215.0,7522.0,1500.26292026,4128
1527336000,7524.7,7599.8,7281.3,7330.0,984.91520132,3752
1527379200,7325.0,7380.0,7212.1,7327.4,1163.80748933,3823
1527422400,7326.4,7388.0,7264.8,7325.9,1003.52223495,3135
1527465600,7325.9,7447.9,7155.1,7208.9,2380.51051421,6977
1527508800,7204.3,7300.0,7070.5,7102.6,1793.49774368,5581
1527552000,7102.8,7481.9,7051.0,7397.0,2779.16944574,7309
1527595200,7397.0,7530.3,7380.6,7462.6,2048.92440809,5616
1527638400,7462.8,7568.3,7430.0,7498.5,1703.05115471,4146
1527681600,7498.5,7535.7,7260.0,7374.9,2057.86992037,5837
1527724800,7372.5,7599.3,7330.2,7537.4,1854.08776952,4368
1527768000,7540.8,7599.3,7415.3,7485.6,1504.18549756,4176
1527811200,7490.9,7599.1,7351.4,7357.8,1458.19672976,4498
1527854400,7355.2,7528.6,7350.0,7504.2,1586.77931999,4093
1527897600,7504.0,7693.6,7434.3,7639.0,1525.78394679,4837
1527940800,7639.2,7691.0,7580.7,7636.1,949.43712333,3571
1527984000,7630.2,7780.0,7589.4,7716.6,1240.90777082,4203
1528027200,7718.7,7740.0,7652.0,7716.8,712.93147767,2877
1528070400,7716.0,7759.1,7471.6,7503.0,1729.68256682,5144
1528113600,7506.2,7549.3,7442.0,7495.5,1416.66428931,4459
1528156800,7495.4,7512.5,7368.4,7410.9,1519.51230483,4808
1528200000,7410.9,7677.1,7350.0,7622.0,1932.3795852,5569
1528243200,7622.0,7675.0,7563.9,7612.9,749.45010789,2673
1528286400,7613.0,7695.0,7482.6,7659.8,2233.66625032,4965
1528329600,7650.4,7750.0,7650.3,7690.0,1033.93074946,3039
1528372800,7690.0,7726.9,7630.0,7679.4,941.5096564,2971
1528416000,7679.7,7700.0,7530.9,7562.7,1230.83546947,4544
1528459200,7561.1,7676.9,7539.7,7611.9,842.18644249,3375
1528502400,7611.9,7679.6,7607.7,7647.4,393.64978036,1738
1528545600,7645.4,7645.4,7455.1,7495.1,882.93326244,3134
1528588800,7496.8,7496.8,7168.9,7241.0,2358.61575283,7286
1528632000,7241.0,7288.8,6621.7,6767.9,5308.7483954801,15568
1528675200,6768.2,6850.0,6629.0,6792.5,1898.66307903,5508
1528718400,6792.7,6899.7,6660.0,6877.0,1912.95019046,6052
1528761600,6877.0,6885.6,6805.4,6837.3,1576.57023528,5358
1528804800,6834.7,6837.6,6450.0,6547.2,3148.27765415,8331
1528848000,6543.5,6634.3,6376.0,6450.0,2095.85948436,6055
1528891200,6450.2,6492.0,6122.1,6294.2,5034.3498502901,11182
1528934400,6295.7,6548.4,6264.4,6521.4,2874.62458817,6302
1528977600,6519.2,6734.8,6311.3,6640.7,4172.27197925,9847
1529020800,6636.3,6678.1,6466.5,6530.4,1912.4605297799,5287
1529064000,6532.0,6623.2,6355.1,6387.6,2015.29605835,4845
1529107200,6388.0,6511.0,6375.1,6450.6,866.25878076,2625
1529150400,6450.0,6550.0,6324.2,6481.4,1499.19059615,4259
1529193600,6480.8,6574.6,6480.8,6499.9,739.9937261,1708
1529236800,6500.0,6548.3,6425.0,6440.8,898.07326622,2458
1529280000,6444.5,6494.5,6359.1,6420.6,1174.2134649,2772
1529323200,6420.6,6800.0,6405.0,6706.6,2462.28041232,6111
1529366400,6710.4,6771.9,6677.2,6732.0,831.48278856,2054
1529409600,6731.3,6854.3,6658.6,6740.2,1927.90461011,4754
1529452800,6740.2,6742.2,6515.0,6636.0,1623.73215414,4408
1529496000,6634.8,6814.0,6590.9,6755.4,1963.18451011,4733
1529539200,6756.7,6787.6,6679.0,6732.7,942.6076413,2507
1529582400,6732.5,6749.9,6684.8,6716.1,1163.34526735,3301
1529625600,6716.1,6725.3,6288.2,6357.7,2853.04984824,7693
1529668800,6355.5,6366.6,5950.0,6055.5,5775.4266937599,15122
1529712000,6054.0,6175.6,6034.7,6147.7,1852.20739567,5341
1529755200,6145.2,6292.4,6070.0,6154.1,1712.37810369,4820
1529798400,6154.1,6186.4,5800.0,5920.9,3756.2959048,8783
1529841600,5920.8,6275.0,5650.0,6150.1,5482.42333903,11184
1529884800,6150.0,6233.1,6115.5,6231.6,1345.88726137,3330
1529928000,6230.4,6341.4,6066.0,6245.5,2842.54476044,7163
1529971200,6246.0,6278.8,6160.3,6200.0,1027.8294654,2965
1530014400,6199.1,6259.0,6033.3,6081.3,2406.32866913,5390
1530057600,6072.4,6130.0,6019.6,6096.0,1473.98123521,3264
1530100800,6094.4,6239.9,6000.0,6134.2,2516.65140391,5516
1530144000,6132.5,6161.1,6069.9,6109.2,954.05300911,2495
1530187200,6106.0,6128.1,5820.0,5858.6,2657.84629208,6157
1530230400,5853.4,5941.0,5787.7,5870.8,2257.58108735,5725
1530273600,5869.3,6309.0,5811.8,6196.9,2874.19943183,6643
1530316800,6198.6,6525.0,6190.5,6393.6,2343.97631662,6238
1530360000,6390.9,6451.1,6296.2,6387.9,1110.28270104,3263
1530403200,6387.0,6433.3,6308.9,6369.9,726.0390454,2186
1530446400,6369.9,6405.7,6254.3,6345.8,1214.35036135,3334
1530489600,6343.6,6365.0,6275.0,6340.0,674.61518121,1954
1530532800,6339.3,6678.7,6327.3,6617.7,2962.05154956,7436
1530576000,6618.7,6670.0,6529.2,6580.7,1030.82262829,3499
1530619200,6580.8,6649.2,6467.6,6495.5,1724.04851864,4899
1530662400,6497.0,6553.1,6399.8,6523.9,1667.13250842,4003
1530705600,6524.0,6790.0,6523.8,6584.2,2144.7659833,5532
1530748800,6587.0,6715.2,6513.8,6618.8,1519.171938,3478
1530792000,6618.8,6675.4,6450.0,6526.2,1797.64266543,4844
1530835200,6529.8,6544.2,6450.0,6523.8,971.9678112499,4835
1530878400,6530.1,6639.2,6510.7,6595.4,1386.14842904,4039
1530921600,6599.9,6608.7,6563.0,6575.7,407.7869337,1425
1530964800,6578.4,6838.5,6503.2,6755.1,1821.21337538,5024
1531008000,6754.1,6777.1,6709.7,6737.7,812.79993076,2315
1531051200,6738.0,6772.1,6680.5,6704.7,958.00353164,3073
1531094400,6704.8,6749.7,6660.0,6713.0,715.9991923,1911
1531137600,6713.1,6800.0,6610.0,6662.5,1493.58314438,4286
1531180800,6662.5,6684.2,6328.0,6360.0,2319.15623847,5850
1531224000,6360.0,6442.0,6276.7,6304.6,2107.47997554,5255
1531267200,6304.6,6400.6,6279.0,6370.8,1398.18262338,3540
1531310400,6369.0,6389.5,6294.4,6377.9,1068.18192597,2711
1531353600,6378.0,6378.0,6128.0,6167.1,2227.39053087,5416
1531396800,6167.1,6272.7,6073.3,6242.5,2065.74050672,4989
1531440000,6248.2,6356.0,6217.9,6243.6,1100.54136347,3944
1531483200,6245.0,6347.0,6126.1,6214.9,1892.85410772,6129
1531526400,6215.2,6274.3,6187.0,6237.8,541.33351382,1720
1531569600,6236.4,6329.5,6200.0,6250.4,930.74096041,3001
1531612800,6252.8,6386.9,6234.5,6352.2,1005.45736467,3019
1531656000,6351.4,6379.9,6316.5,6335.4,1267.06887467,3494
1531699200,6345.2,6656.0,6328.0,6633.0,2747.94047162,5410
1531742400,6630.7,6750.0,6577.8,6727.0,2506.22588513,6885
1531785600,6727.0,6750.0,6667.1,6675.0,1220.44447975,4944
1531828800,6680.0,7475.0,6672.1,7316.9,5969.2910290801,16045
1531872000,7316.2,7561.2,7315.2,7420.3,2085.38765866,8040
1531915200,7420.3,7599.0,7234.6,7367.4,3974.59239543,11437
1531958400,7379.9,7440.0,7280.8,7416.2,1402.93380313,4874
1532001600,7419.8,7548.8,7351.9,7472.3,2711.27429405,7166
1532044800,7472.3,7513.1,7346.3,7490.0,1402.1479430699,6413
1532088000,7489.9,7670.5,7238.8,7320.0,3949.16078732,10194
1532131200,7320.0,7350.0,7200.3,7315.0,1443.32643965,5077
1532174400,7315.1,7447.9,7299.2,7396.7,965.35654064,4631
1532217600,7397.7,7483.6,7320.0,7441.3,887.51043056,3286
1532260800,7440.1,7581.9,7325.1,7401.1,1666.92783578,6476
1532304000,7401.1,7799.0,7375.8,7680.3,3071.10098103,8458
1532347200,7683.9,7844.9,7596.0,7720.0,2347.89783894,7145
1532390400,7719.9,8270.0,7695.0,8249.0,3767.44253211,11733
1532433600,8248.8,8491.1,8114.6,8401.8,4544.1862962301,13826
1532476800,8395.4,8496.6,8147.7,8189.4,2462.83771421,8306
1532520000,8189.3,8331.0,8062.1,8166.0,3287.96372568,9835
1532563200,8164.7,8315.0,8164.7,8250.4,1144.68089441,4774
1532606400,8250.6,8289.8,7840.0,7925.0,4461.3433627,11391
1532649600,7925.1,7987.0,7839.0,7924.4,1861.7881367999,5728
1532692800,7925.1,8274.8,7800.5,8177.0,3668.21424253,10774
1532736000,8177.1,8238.3,8135.0,8180.2,782.48270966,3275
1532779200,8178.6,8250.0,8072.0,8230.8,985.61693984,3248
1532822400,8225.3,8290.2,8125.0,8156.8,1009.99215658,3433
1532865600,8156.9,8274.6,8156.9,8213.5,704.18076662,2513
1532908800,8213.1,8274.9,8040.0,8159.2,1399.11179073,4854
1532952000,8156.0,8209.2,7850.1,8170.0,3101.92437838,9748
1532995200,8169.9,8170.0,7933.1,7979.0,1210.13020063,5523
1533038400,7979.1,7979.5,7634.8,7726.0,4241.38346354,14166
1533081600,7726.0,7757.7,7462.6,7576.9,2644.52744826,9542
1533124800,7563.7,7636.0,7423.0,7604.1,1774.29310348,7995
1533168000,7605.3,7700.0,7546.6,7556.0,1030.65563972,5096
1533211200,7561.2,7590.0,7455.7,7534.8,2811.43068099,12541
1533254400,7534.7,7534.7,7254.6,7352.8,2764.2653172599,10563
1533297600,7352.8,7533.4,7341.9,7415.0,2491.543358,9733
1533340800,7410.1,7485.9,7372.8,7390.7,1008.40586168,4085
1533384000,7400.0,7406.3,6927.0,7024.5,3977.19703857,10238
1533427200,7011.8,7088.4,6880.1,7030.6,1536.42539153,6509
1533470400,7030.1,7086.1,6891.2,7026.9,1773.2923477,7811
1533513600,7026.9,7159.9,6928.7,6980.5,1401.66900115,9339
1533556800,6980.4,6984.0,6833.0,6935.7,1749.95236992,9784
1533600000,6935.7,7135.1,6896.6,7088.8,1779.0929194,7055
1533643200,7090.5,7149.0,6659.9,6717.8,4726.3741855101,14361
1533686400,6714.9,6715.0,6390.0,6505.9,3842.61334017,12128
1533729600,6505.9,6515.8,6120.0,6275.9,5625.2184403401,15583
1533772800,6276.6,6399.9,6267.1,6324.5,1463.50010906,5009
1533816000,6320.1,6630.5,6179.1,6536.0,4477.16963825,11388
1533859200,6533.4,6579.1,6300.6,6337.5,2239.2850310099,8638
1533902400,6334.0,6524.9,6010.0,6141.5,5287.4016270702,14075
1533945600,6141.1,6177.0,5969.6,6112.5,2548.47399726,7926
1533988800,6111.4,6491.1,6063.0,6231.8,4576.26199378,12061
1534032000,6233.2,6390.0,6158.5,6355.0,1509.6470103099,5080
1534075200,6353.9,6478.0,6191.2,6312.2,3032.5808736298,11612
1534118400,6310.0,6544.7,6306.0,6444.3,2067.77340223,4886
1534161600,6442.6,6474.0,6142.5,6250.0,3694.47609323,8897
1534204800,6250.0,6253.3,5890.0,5996.3,5213.30129181,14295
1534248000,6005.4,6789.8,5976.0,6196.8,5033.8483741301,12503
1534291200,6193.1,6485.7,6186.0,6354.1,2893.46466779,7275
1534334400,6352.0,6649.0,6221.6,6269.5,5176.2828051701,12581
1534377600,6269.5,6479.0,6213.0,6436.0,2046.92795901,5017
1534420800,6437.1,6491.8,6231.1,6316.0,2713.23071924,6939
1534464000,6311.6,6554.3,6289.1,6458.1,2054.90050593,6787
1534507200,6462.8,6596.7,6434.5,6589.2,1755.90686213,6703
1534550400,6589.7,6615.8,6442.1,6507.2,1470.44971211,5682
1534593600,6503.5,6525.2,6301.6,6400.0,1658.07199537,6454
1534636800,6400.0,6458.4,6317.2,6424.0,601.06865462,2479
1534680000,6424.0,6546.9,6333.1,6475.1,1120.62520179,4196
1534723200,6477.9,6520.0,6378.9,6448.7,1023.50420207,2942
1534766400,6448.7,6504.8,6224.0,6257.2,2763.59980464,7108
1534809600,6257.1,6486.6,6241.4,6433.7,1748.494586,4739
1534852800,6435.0,6500.0,6371.1,6475.5,1433.12746404,4625
1534896000,6474.5,6916.5,6435.7,6664.9,4478.29259403,10067
1534939200,6664.9,6691.5,6210.0,6359.8,3728.44249567,9178
1534982400,6354.9,6449.9,6329.2,6409.9,1272.72569283,2639
1535025600,6404.8,6578.2,6355.0,6527.2,2157.89087266,4807
1535068800,6527.6,6576.9,6472.1,6534.7,1021.50288715,2392
1535112000,6532.8,6748.0,6451.1,6693.3,2091.28333067,5426
1535155200,6693.1,6795.0,6660.6,6707.0,1364.02602567,3197
1535198400,6710.0,6768.3,6670.6,6732.3,712.99965707,2260
1535241600,6730.8,6775.0,6560.4,6698.0,1167.03733576,3054
1535284800,6701.5,6729.5,6629.9,6710.0,860.05380282,2538
1535328000,6710.0,6736.3,6648.1,6705.0,867.88232538,2407
1535371200,6708.9,6949.8,6680.7,6909.0,2313.37947684,5765
1535414400,6906.2,7061.0,6860.0,7034.4,2102.61155992,5705
1535457600,7030.1,7133.7,6996.7,7076.7,3094.01248801,7457
1535500800,7076.7,7120.0,7016.1,7087.7,951.91167741,3511
1535544000,7082.8,7107.6,6886.6,7022.7,1967.81646662,6773
1535587200,7025.4,7060.0,6851.0,6875.0,1643.51792429,4791
1535630400,6872.4,6991.6,6776.9,6983.1,3087.11112301,6970
1535673600,6983.1,7029.3,6925.4,6965.9,1151.53929188,3120
1535716800,6963.3,7085.9,6888.0,7015.8,2347.40529407,5741
1535760000,7014.8,7105.0,7014.7,7063.0,645.74699738,2212
1535803200,7056.3,7254.0,7029.8,7191.3,2266.97103124,5878
1535846400,7191.2,7331.1,7127.5,7236.0,1896.88883968,5113
1535889600,7236.1,7330.0,7183.9,7294.7,1486.57595144,4138
1535932800,7294.5,7319.2,7183.5,7220.3,1029.69553229,2676
1535976000,7222.3,7329.9,7222.3,7256.1,1188.73147867,3391
1536019200,7256.0,7330.0,7219.2,7323.3,739.34353553,2338
1536062400,7323.3,7405.9,7301.2,7359.3,2052.16282029,5131
1536105600,7358.8,7389.4,6893.0,6992.8,3189.77329757,6726
1536148800,6990.9,7045.8,6638.8,6686.6,4430.4733884,10771
1536192000,6684.4,6702.3,6250.0,6390.2,6596.5157966401,12165
1536235200,6398.4,6539.6,6336.8,6494.8,2996.4733676501,6232
1536278400,6494.8,6524.8,6318.8,6366.4,1654.32773668,4164
1536321600,6366.6,6482.2,6355.2,6397.6,1580.63977388,3523
1536364800,6400.0,6457.7,6400.0,6431.4,453.38056034,1366
1536408000,6431.0,6435.0,6073.9,6183.2,3417.3956648301,9618
1536451200,6183.2,6459.4,6137.6,6364.9,1695.31078764,3940
1536494400,6364.7,6437.0,6171.5,6230.9,1941.25958218,4311
1536537600,6232.8,6371.3,6232.1,6302.0,1192.98833972,2951
1536580800,6302.1,6361.7,6231.0,6304.5,2184.34468128,4078
1536624000,6301.2,6410.9,6245.0,6275.0,1565.39130216,3316
1536667200,6274.9,6314.5,6162.4,6282.3,1969.43461304,4682
1536710400,6281.0,6299.4,6195.0,6234.2,936.18589934,2914
1536753600,6235.6,6366.4,6235.6,6319.5,2034.52723278,4380
1536796800,6325.1,6497.2,6325.1,6465.2,1563.35103401,3957
1536840000,6465.2,6595.9,6415.0,6487.1,3587.95277441,6318
1536883200,6490.5,6599.8,6388.0,6472.0,2096.24769719,5190
1536926400,6470.1,6543.0,6430.1,6482.9,1908.55622505,4031
1536969600,6482.3,6540.9,6470.0,6520.0,551.23265927,1561
1537012800,6520.0,6568.4,6465.2,6520.0,737.98573912,2191
1537056000,6520.0,6520.1,6342.8,6493.8,929.50598391,2352
1537099200,6497.0,6511.5,6414.1,6497.9,737.58781317,1737
1537142400,6501.7,6532.1,6413.0,6470.0,1059.3541984,2250
1537185600,6467.7,6468.8,6202.2,6250.0,3984.30189172,7305
1537228800,6250.0,6290.0,6225.0,6282.0,1104.98747681,2677
1537272000,6282.4,6384.9,6252.6,6330.5,2126.4126062,4573
1537315200,6330.7,6359.9,6267.8,6285.6,650.69005459,1720
1537358400,6283.3,6574.0,6102.6,6392.1,4138.84845921,7935
1537401600,6390.6,6441.5,6380.1,6431.5,861.79009353,1928
1537444800,6428.8,6547.2,6339.2,6491.2,2835.50474342,6695
1537488000,6491.2,6767.1,6480.0,6746.8,2867.86219846,7566
1537531200,6746.0,6819.5,6665.9,6755.3,2855.91786137,10860
1537574400,6755.0,6836.4,6625.1,6655.8,1759.4327171,5369
1537617600,6655.9,6744.0,6625.2,6717.0,1345.41888755,3248
1537660800,6705.3,6768.0,6672.1,6731.4,626.5551637,2037
1537704000,6737.1,6749.0,6660.1,6700.0,756.60789957,2861
1537747200,6700.2,6719.9,6570.9,6580.6,1657.35386067,4205
1537790400,6577.5,6660.0,6545.0,6579.2,2235.63416687,4584
1537833600,6579.2,6580.0,6362.1,6393.7,2819.27462817,6420
1537876800,6396.9,6461.4,6318.5,6435.0,2251.00281211,5761
1537920000,6434.9,6539.9,6372.0,6528.4,1552.30436657,3724
1537963200,6528.4,6540.7,6430.0,6453.5,1717.29471196,4861
1538006400,6452.0,6507.7,6430.9,6481.2,1393.44318929,2628
1538049600,6481.3,6730.0,6481.2,6683.8,3375.17338088,6990
1538092800,6683.7,6796.2,6574.5,6649.1,2295.79508306,6357
1538136000,6649.6,6690.9,6529.4,6622.3,2226.47779158,6907
1538179200,6622.2,6622.2,6450.1,6574.5,1414.53906966,3625
1538222400,6566.9,6607.0,6514.8,6582.7,737.80086515,2247
1538265600,6582.2,6637.2,6535.2,6606.7,604.833514,1691
1538308800,6613.6,6641.0,6518.0,6604.1,568.13747327,2196
1538352000,6603.8,6633.3,6547.3,6575.0,642.06705755,1716
1538395200,6570.0,6600.0,6490.2,6572.6,1221.78304477,3303
1538438400,6574.5,6597.0,6530.4,6540.3,790.91408744,1654
1538481600,6540.2,6570.0,6436.2,6500.0,2263.48736082,3939
1538524800,6497.7,6521.1,6397.6,6451.3,4081.61023416,5599
1538568000,6450.0,6496.0,6410.0,6463.9,1062.07242678,2947
1538611200,6463.8,6598.9,6461.0,6531.7,1322.29136105,3577
1538654400,6530.9,6580.7,6520.5,6547.4,694.61411376,2335
1538697600,6557.0,6590.6,6494.1,6537.8,839.75423028,2460
1538740800,6540.7,6666.6,6512.1,6580.1,1646.62667168,3142
1538784000,6582.7,6599.0,6532.5,6548.9,511.77232041,1190
1538827200,6549.0,6560.0,6532.0,6550.0,345.22655917,1347
1538870400,6549.9,6569.5,6488.3,6517.7,485.36305118,1179
1538913600,6517.7,6584.2,6514.1,6570.5,537.2328644,1340
1538956800,6567.9,6610.0,6545.0,6586.2,788.92153638,1461
1539000000,6586.2,6688.3,6586.2,6610.0,1709.58757113,3437
1539043200,6607.4,6618.5,6570.0,6581.4,579.68898047,1356
1539086400,6582.2,6599.9,6555.6,6585.1,780.60967669,2168
1539129600,6585.6,6589.1,6441.8,6502.1,1433.08522589,3233
1539172800,6502.1,6554.1,6489.8,6530.5,1052.60156031,2425
1539216000,6530.1,6530.1,6091.2,6180.0,5254.4895357201,11572
1539259200,6180.0,6247.0,6100.0,6150.1,1839.25186208,5590
1539302400,6151.9,6230.0,6110.0,6204.2,1062.08930672,3553
1539345600,6202.8,6238.5,6169.3,6192.2,612.32449048,2684
1539388800,6192.2,6219.1,6171.7,6210.0,510.67291658,1780
1539432000,6210.4,6213.5,6176.2,6197.9,412.2417946,1839
1539475200,6197.8,6289.9,6192.0,6217.4,585.21045991,1933
1539518400,6217.4,6248.1,6150.0,6181.8,652.26335539,3170
1539561600,6181.9,6820.0,6151.0,6408.8,8331.1455745502,21190
1539604800,6408.9,6463.5,6349.4,6438.5,3023.47295835,7346
1539648000,6441.3,6490.0,6411.1,6450.0,1388.63386022,3692
1539691200,6449.9,6490.0,6391.5,6460.4,1920.6910317,4608
1539734400,6460.3,6469.8,6411.9,6433.2,804.26183263,2585
1539777600,6438.1,6450.0,6412.7,6442.5,879.74016833,2791
1539820800,6442.3,6487.9,6418.1,6429.5,632.42723713,1977
1539864000,6429.2,6440.2,6344.6,6395.4,1146.91412523,3420
1539907200,6395.2,6406.8,6352.5,6383.1,428.884093,2080
1539950400,6383.1,6400.0,6356.3,6384.2,717.76016848,2731
1539993600,6383.4,6429.7,6360.1,6414.6,389.76630159,1834
1540036800,6410.3,6426.1,6389.9,6412.3,388.90000931,1425
1540080000,6412.0,6457.8,6399.2,6433.3,531.30247863,1500
1540123200,6435.7,6450.0,6407.7,6410.0,411.62678032,1404
1540166400,6411.1,6428.7,6391.1,6400.0,360.97839638,1427
1540209600,6400.0,6427.1,6367.8,6409.6,927.69678325,2535
1540252800,6408.7,6418.0,6356.2,6373.7,992.6667857,2534
1540296000,6373.7,6411.4,6359.8,6394.4,1073.11908414,2376
1540339200,6394.9,6466.0,6392.7,6424.9,634.96287206,1691
1540382400,6425.0,6442.8,6402.5,6413.9,868.82413638,1783
1540425600,6414.0,6419.7,6356.0,6394.8,642.07555936,1636
1540468800,6390.5,6417.8,6388.6,6393.0,840.33659773,2083
1540512000,6393.1,6450.0,6378.9,6414.8,788.23583458,2139
1540555200,6414.7,6414.8,6385.4,6409.3,675.19915579,2032
1540598400,6409.2,6422.3,6402.0,6405.4,181.54021023,785
1540641600,6405.3,6417.1,6385.0,6410.4,464.89181946,1273
1540684800,6410.3,6415.7,6402.3,6405.1,228.5693183,945
1540728000,6405.0,6433.6,6388.0,6408.1,544.72214809,1810
1540771200,6408.1,6423.0,6258.0,6330.0,1820.49776437,3884
1540814400,6332.0,6332.0,6201.0,6266.3,1736.81194358,3957
1540857600,6266.2,6291.9,6242.0,6260.4,734.07646803,1462
1540900800,6261.6,6299.4,6243.9,6275.0,4198.8793575,3587
1540944000,6275.1,6280.0,6255.7,6263.8,917.11555571,1670
1540987200,6263.7,6377.0,6205.0,6307.5,2117.23999244,4252
1541030400,6307.5,6310.2,6290.9,6309.6,649.53168483,1202
1541073600,6309.2,6367.7,6290.6,6339.9,1119.45477222,2407
1541116800,6341.7,6378.3,6329.1,6344.9,954.60012601,2271
1541160000,6344.9,6374.7,6318.2,6346.2,810.38746489,1987
1541203200,6346.2,6347.6,6300.6,6325.0,390.00452627,1269
1541246400,6325.0,6342.5,6312.1,6331.4,292.83927248,1106
1541289600,6332.3,6356.5,6316.3,6345.0,411.73515243,1391
1541332800,6344.9,6471.6,6341.8,6419.9,1336.56076337,3528
1541376000,6419.9,6443.3,6390.0,6403.0,377.7383713,1388
1541419200,6402.6,6428.8,6370.2,6405.9,869.12619422,2465
1541462400,6406.0,6452.0,6390.2,6396.9,745.09313392,2321
1541505600,6399.9,6455.2,6399.9,6451.3,1323.52376299,3479
1541548800,6450.3,6552.9,6448.6,6500.0,1673.22162894,4219
1541592000,6499.9,6534.9,6491.3,6503.3,1005.2202225,2469
1541635200,6503.2,6515.7,6444.6,6461.5,1003.04770927,2322
1541678400,6461.4,6486.7,6380.6,6408.8,1219.64276277,3449
1541721600,6408.9,6419.7,6334.9,6349.9,1273.24235347,3686
1541764800,6349.9,6363.2,6310.0,6335.4,919.36807844,3250
1541808000,6334.7,6371.0,6331.6,6357.7,334.87199565,1269
1541851200,6357.7,6375.0,6347.3,6349.0,364.55397505,1605
1541894400,6348.9,6363.2,6342.0,6344.3,192.9869608,858
1541937600,6344.2,6364.5,6275.1,6358.2,564.27903024,2075
1541980800,6357.4,6385.0,6336.7,6351.3,846.60625486,2025
1542024000,6352.5,6375.9,6290.8,6327.3,1398.40995334,3587
1542067200,6327.3,6329.1,6260.0,6283.1,946.54676501,2061
1542110400,6285.5,6311.8,6250.0,6260.0,1588.30930449,4982
1542153600,6258.8,6300.0,6150.1,6204.5,1493.6947127,3901
1542196800,6207.1,6221.8,5330.0,5600.9,14307.9439442402,36268
1542240000,5600.9,5647.8,5350.0,5405.7,4386.5351946701,10442
1542283200,5400.2,5579.9,5206.1,5570.6,6397.4705910501,14573
1542326400,5574.5,5610.0,5466.6,5550.0,1976.07371684,5384
1542369600,5549.9,5567.1,5413.0,5514.4,2422.82199135,4886
1542412800,5516.9,5516.9,5457.2,5493.2,1122.94426975,2958
1542456000,5493.2,5549.5,5464.7,5499.3,1071.98917849,2829
1542499200,5499.4,5549.2,5499.4,5516.4,679.34149823,2035
1542542400,5515.3,5698.0,5508.7,5560.9,1314.01427037,3819
1542585600,5561.0,5563.5,5168.6,5251.8,4981.4012981501,10916
1542628800,5251.8,5270.9,4700.0,4741.2,11761.3280936904,21408
1542672000,4740.8,4891.9,4222.0,4325.5,11739.3293322304,24106
1542715200,4321.9,4766.0,4028.8,4361.4,12594.7450527507,32978
1542758400,4361.4,4635.7,4240.9,4490.5,5740.21871797,12394
1542801600,4494.8,4579.0,4329.8,4548.2,5347.4619129701,10935
1542844800,4543.3,4589.9,4070.0,4454.8,3133.00981131,6202
1542888000,4455.1,4481.6,4227.1,4262.6,3371.1688283,6760
1542931200,4269.4,4364.8,4089.4,4291.4,6306.7916081001,10367
1542974400,4291.4,4347.7,4171.9,4286.4,3012.45360901,6722
1543017600,4287.6,4373.2,4231.2,4259.6,1866.78487743,4138
1543060800,4259.9,4265.6,3685.0,3780.0,8954.9001131003,21277
1543104000,3775.0,3949.4,3456.0,3776.0,11042.8526376204,22996
1543147200,3778.9,4126.9,3629.0,3932.9,8650.0962172802,16094
1543190400,3932.2,4067.8,3850.1,3928.9,4649.5204007101,9876
1543233600,3930.2,3930.2,3516.1,3727.1,13733.8313097603,22701
1543276800,3727.5,3797.3,3561.6,3650.3,4928.7690659701,9336
1543320000,3650.3,3829.0,3632.3,3770.7,6706.3801626602,11545
1543363200,3770.9,4077.8,3770.8,4013.6,5963.13022423,10919
1543406400,4013.7,4397.6,3981.1,4219.8,10275.3110685203,21012
1543449600,4219.8,4441.0,4066.0,4348.0,5161.90382321,9979
1543492800,4348.0,4359.2,4106.0,4241.9,6006.7367148501,12289
1543536000,4242.0,4300.0,3912.9,3938.1,8150.2090742301,12783
1543579200,3945.3,4020.0,3856.9,3969.4,6437.1883288201,12224
1543622400,3969.4,4146.8,3905.7,4130.0,2878.72989792,6134
1543665600,4132.6,4286.6,4113.1,4138.4,4338.5153449901,9307
1543708800,4138.1,4262.9,4025.1,4073.9,3060.0862776501,7609
1543752000,4072.8,4197.6,4055.0,4101.9,2843.75657537,7328
1543795200,4101.9,4117.0,3906.1,3967.8,4074.0268629901,8110
1543838400,3970.8,4022.9,3732.6,3832.7,6761.5305580401,12110
1543881600,3832.3,4004.4,3728.7,3960.0,5535.1192813401,9969
1543924800,3958.8,4059.3,3856.0,3904.7,3760.99997161,7084
1543968000,3904.7,3916.3,3775.8,3872.3,3697.64633249,6116
1544011200,3872.0,3882.4,3653.0,3694.3,5127.6027067201,10379
1544054400,3697.1,3851.1,3630.4,3775.6,6057.8442507901,10113
1544097600,3775.6,3790.0,3412.0,3435.5,12628.5651824005,19911
1544140800,3432.6,3479.9,3283.3,3377.3,9388.1215758003,17710
1544184000,3378.6,3600.0,3208.0,3379.3,11866.5158530603,18144
1544227200,3379.0,3498.9,3370.0,3415.9,3301.53187695,7034
1544270400,3408.8,3497.0,3251.3,3396.9,5917.2828486303,11675
1544313600,3395.1,3458.0,3359.9,3420.6,2042.15355269,4680
1544356800,3420.6,3636.0,3412.1,3539.5,6516.3816153302,11242
1544400000,3532.6,3596.0,3439.4,3496.2,2848.62682377,5584
1544443200,3496.2,3540.2,3348.7,3408.0,5400.5224639902,9103
1544486400,3410.4,3441.1,3305.4,3335.2,2823.75719717,6326
1544529600,3335.8,3394.0,3294.5,3348.1,4215.0270486201,6755
1544572800,3347.1,3464.5,3323.6,3416.3,2869.10122527,4727
1544616000,3413.4,3489.4,3375.8,3435.2,4436.2226007502,7080
1544659200,3433.1,3438.2,3336.3,3361.3,2922.8996353501,4395
1544702400,3360.3,3413.0,3217.7,3260.0,7989.7538076503,9995
1544745600,3260.0,3308.6,3151.2,3253.6,4299.9803421601,7433
1544788800,3253.6,3278.5,3134.0,3194.9,7396.6021506302,10707
1544832000,3192.9,3225.0,3120.0,3162.8,2378.80756511,4915
1544875200,3162.7,3214.9,3124.0,3180.1,2949.65854815,6293
1544918400,3180.1,3265.0,3159.0,3238.1,2450.85735193,4845
1544961600,3238.3,3262.3,3183.0,3189.7,2047.12208109,5721
1545004800,3193.2,3260.0,3184.0,3240.8,3477.41076919,4609
1545048000,3239.9,3587.9,3239.9,3502.0,14868.6285063006,19874
1545091200,3502.0,3541.0,3433.9,3482.0,3567.15005388,5549
1545134400,3480.7,3690.9,3464.0,3669.1,8114.0770838202,11651
1545177600,3668.6,3822.9,3645.6,3810.5,9865.5085471202,11832
1545220800,3812.9,3920.0,3651.1,3683.6,13873.4027682803,16526
1545264000,3682.0,4135.9,3651.0,4017.9,10252.7465327902,14879
1545307200,4019.5,4178.0,3878.2,4074.4,11071.0645137604,18425
1545350400,4074.5,4164.0,3886.9,4023.3,7175.6029040701,14247
1545393600,4019.5,4098.0,3769.2,3838.5,8879.0017365902,13973
1545436800,3840.1,3937.0,3788.3,3879.9,3204.67168491,5983
1545480000,3879.9,4022.6,3789.0,3981.3,6503.0644092401,11912
1545523200,3979.8,4062.5,3956.3,4014.6,3267.76066695,7071
1545566400,4017.0,4030.1,3910.0,3940.2,3676.56991538,6213
1545609600,3945.7,4237.5,3941.6,4133.2,7297.3242980402,10844
1545652800,4134.9,4239.9,3950.0,4033.6,6925.5369962601,9942
1545696000,4033.7,4040.0,3703.9,3758.1,6838.8142117303,11157
1545739200,3753.6,3819.7,3671.5,3778.5,5564.2705201302,11499
1545782400,3779.3,3860.0,3723.3,3754.5,4115.1805892601,7316
1545825600,3753.5,3833.6,3680.2,3808.2,4666.6647852101,7413
1545868800,3809.2,3840.0,3697.5,3744.0,2659.69208047,4278
1545912000,3745.0,3777.0,3565.9,3588.6,5486.9770096001,9285
1545955200,3590.0,3638.7,3575.0,3638.7,2698.0159238,4794
1545998400,3638.8,4028.6,3602.7,3890.5,8283.2512125202,13802
1546041600,3890.1,3952.9,3834.0,3864.1,2132.69512467,4107
1546084800,3863.3,3944.9,3645.0,3725.0,3940.04260477,7199
1546128000,3726.2,3871.6,3681.0,3826.2,2780.3390066801,4983
1546171200,3826.1,3871.0,3735.1,3832.4,3051.95396275,5067
1546214400,3829.9,3837.0,3707.7,3743.7,2440.881858,3602
1546257600,3741.6,3798.4,3621.6,3691.9,3856.7828853,7143
1546300800,3690.9,3725.3,3668.8,3703.8,1257.67299306,3516
1546344000,3703.6,4499.3,3643.7,3820.1,4165.0646987901,8475
1546387200,3825.0,3835.0,3767.2,3810.7,1585.76058271,2759
1546430400,3810.6,3920.0,3796.8,3886.2,4151.4878448801,8663
1546473600,3887.8,3895.5,3812.1,3837.5,2342.03678154,4590
1546516800,3837.3,3857.7,3721.9,3786.5,3191.9519462601,5986
1546560000,3785.3,3825.2,3751.0,3781.7,2329.21588898,4283
1546603200,3781.7,3856.9,3728.8,3823.7,2749.61613387,5294
1546646400,3823.6,3874.7,3810.5,3835.4,1893.99319105,4796
1546689600,3835.4,3852.8,3772.1,3796.6,1651.08890366,3846
1546732800,3795.2,3837.0,3760.4,3828.1,1830.45552198,3086
1546776000,3828.2,4083.9,3804.2,4041.1,6123.6763907701,9225
1546819200,4041.0,4078.9,3965.0,4024.9,2891.8006458,4988
1546862400,4023.1,4035.3,3980.0,4005.3,2411.74262413,4268
1546905600,4003.7,4050.0,3935.0,4036.4,2643.370016,4474
1546948800,4036.4,4113.9,3978.4,3992.9,5463.5362790801,8018
1546992000,3993.0,4039.8,3966.0,4028.1,1974.58769986,3179
1547035200,4027.6,4028.8,3975.0,3999.9,3487.22344123,5313
1547078400,4002.2,4035.5,3651.6,3785.0,6303.0158968701,9343
1547121600,3785.1,3796.1,3550.0,3623.5,6958.9329829502,9585
1547164800,3623.5,3673.8,3579.2,3639.5,4873.4229130301,6059
1547208000,3639.5,3694.9,3560.5,3635.1,4931.4001916801,6987
1547251200,3635.1,3652.4,3600.3,3614.7,1177.66257581,2410
1547294400,3614.4,3645.0,3562.7,3616.5,1708.29440276,3608
1547337600,3616.5,3627.8,3599.0,3618.9,852.48882109,1948
1547380800,3618.8,3644.8,3375.0,3512.6,4715.4818340801,7597
1547424000,3514.9,3573.0,3506.9,3526.0,1751.64729055,2850
1547467200,3526.2,3717.0,3525.0,3664.8,5164.9219421602,8229
1547510400,3664.7,3685.5,3620.2,3648.2,1643.12796581,2967
1547553600,3648.6,3668.0,3550.0,3587.0,4808.86257905,5521
1547596800,3586.1,3637.9,3573.4,3617.7,2547.5467877101,3664
1547640000,3617.9,3669.5,3580.0,3606.6,4036.07824811,5280
1547683200,3610.5,3614.9,3540.5,3598.5,1875.36776083,3092
1547726400,3596.7,3660.0,3578.0,3644.0,4177.10633535,5070
1547769600,3641.2,3644.8,3603.0,3612.5,1371.26102312,2716
1547812800,3612.4,3630.1,3576.0,3612.2,2780.83025822,3523
1547856000,3612.1,3950.0,3606.1,3718.4,2755.15565434,5179
1547899200,3718.5,3724.2,3681.4,3683.0,1631.64239478,2807
1547942400,3683.0,3702.5,3575.0,3589.0,1371.60302003,2773
1547985600,3588.8,3592.8,3468.7,3530.6,4643.52769078,6252
1548028800,3533.4,3559.0,3504.2,3552.5,1620.07722967,2573
1548072000,3552.5,3565.0,3487.8,3533.4,2315.47181585,5139
1548115200,3533.4,3559.2,3440.0,3541.2,2475.58671384,4549
1548158400,3541.2,3607.5,3523.5,3575.8,3375.8465680001,5113
1548201600,3575.7,3591.0,3558.6,3578.8,1419.83860539,2552
1548244800,3576.8,3613.2,3521.7,3556.1,3706.89569515,4757
1548288000,3556.1,3570.0,3531.3,3559.1,1372.29201027,2505
1548331200,3557.9,3591.7,3550.1,3571.3,2022.55905137,2645
1548374400,3571.2,3577.4,3511.6,3533.9,1824.39538936,3012
1548417600,3533.9,3568.5,3529.2,3560.1,1803.21904194,2390
1548460800,3560.1,3673.0,3559.1,3587.0,1986.68393163,3371
1548504000,3587.0,3587.0,3535.6,3556.2,1170.24758091,2257
1548547200,3555.8,3562.2,3512.5,3534.7,1159.28167426,1718
1548590400,3534.4,3558.4,3470.8,3533.4,1290.49118813,2751
1548633600,3533.5,3537.0,3386.5,3411.2,4280.34666715,5742
1548676800,3411.3,3444.9,3373.8,3431.0,3677.68884377,4908
1548720000,3431.0,3440.0,3343.3,3373.5,2845.20300931,3269
1548763200,3374.6,3420.2,3374.6,3395.0,3271.77198692,4458
1548806400,3393.4,3435.0,3371.3,3416.1,2189.76823585,3325
1548849600,3416.0,3465.1,3415.4,3435.4,2720.2123964199,5438
1548892800,3435.1,3478.1,3395.6,3408.4,2556.24830899,3846
1548936000,3408.4,3426.9,3395.2,3409.6,2653.66846391,3229
1548979200,3409.6,3436.8,3373.1,3418.1,2965.90738775,3605
1549022400,3418.7,3460.0,3418.7,3437.2,2824.58906356,3220
1549065600,3436.6,3446.4,3414.0,3442.6,887.22345327,1828
1549108800,3442.6,3494.1,3420.6,3466.0,1541.29723066,3296
1549152000,3467.7,3473.0,3409.0,3422.9,1196.99310661,1992
1549195200,3422.7,3431.5,3388.6,3415.2,1119.07264187,2200
1549238400,3416.9,3437.8,3398.6,3399.6,791.63517331,1862
1549281600,3399.8,3425.5,3396.9,3413.9,2035.87107722,2417
1549324800,3411.0,3432.7,3397.8,3422.9,1071.5423975,1878
1549368000,3423.1,3433.8,3412.7,3429.5,1662.95712381,3409
1549411200,3429.5,3445.0,3351.1,3365.1,3068.53057091,4279
1549454400,3363.3,3386.9,3337.0,3367.4,1872.16582624,3281
1549497600,3367.2,3382.4,3362.0,3369.0,1305.88763816,1828
1549540800,3368.9,3373.6,3348.1,3360.3,1891.11547715,2460
1549584000,3359.5,3400.0,3341.4,3390.3,2179.22189581,3235
1549627200,3392.1,3704.9,3381.5,3622.0,8079.1437015202,12347
1549670400,3622.1,3744.2,3599.0,3625.9,1866.32257322,3722
1549713600,3624.9,3641.7,3589.6,3625.7,1756.74427388,3993
1549756800,3625.7,3630.7,3578.2,3602.0,869.57124768,2595
1549800000,3601.9,3657.1,3584.0,3647.1,1643.71768606,4174
1549843200,3647.3,3650.7,3583.9,3588.5,1722.0200212,2673
1549886400,3588.5,3617.1,3577.7,3591.7,1888.21462722,3288
1549929600,3591.7,3591.7,3538.2,3570.2,1457.88319317,3308
1549972800,3569.5,3620.0,3563.1,3588.9,3041.11491849,4850
1550016000,3588.9,3632.2,3565.0,3573.1,1831.7153044,3147
1550059200,3573.4,3588.1,3560.0,3574.0,1920.35167051,3325
1550102400,3576.0,3589.3,3532.1,3554.2,1204.61309346,2368
1550145600,3554.6,3579.0,3551.0,3562.3,2035.22693925,3129
1550188800,3560.6,3595.1,3558.1,3575.8,1394.18591465,2692
1550232000,3575.5,3616.1,3546.8,3567.4,2495.73609531,3639
1550275200,3567.8,3599.9,3562.7,3588.0,858.36209992,1735
1550318400,3589.5,3613.3,3570.3,3580.1,1230.78025384,2535
1550361600,3580.4,3675.0,3575.7,3581.1,1708.5267378,3158
1550404800,3580.8,3641.9,3552.7,3625.1,2153.43434037,3910
1550448000,3625.7,3733.0,3617.0,3705.1,4075.4766998,6688
1550491200,3704.8,3926.0,3691.7,3870.7,7312.3395214701,10921
1550534400,3870.1,3954.9,3838.2,3872.5,2805.94701137,5510
1550577600,3872.6,3975.0,3862.2,3888.1,4931.0654031,6903
1550620800,3888.5,3948.5,3865.7,3926.0,2395.10992704,4020
1550664000,3928.5,3962.5,3903.7,3942.0,3446.8570918,5414
1550707200,3938.6,3986.0,3863.2,3891.2,2838.47421122,5151
1550750400,3891.7,3912.0,3869.0,3897.1,2005.62103036,3407
1550793600,3897.1,3932.8,3884.7,3922.8,1955.3964262,3284
1550836800,3924.6,3954.6,3920.0,3940.5,2813.11813809,4397
1550880000,3940.5,3951.8,3913.2,3938.0,872.95754136,1932
1550923200,3938.1,4160.1,3911.0,4113.3,5940.1965102401,9831
1550966400,4110.0,4190.3,4108.9,4131.0,2528.5783761,4272
1551009600,4130.5,4131.0,3625.0,3732.2,10191.9079224602,16434
1551052800,3732.4,3788.4,3732.3,3778.9,1735.87372654,3512
1551096000,3778.9,3860.3,3763.5,3819.8,3547.92733378,6106
1551139200,3819.6,3829.9,3764.0,3789.2,1860.97163741,3083
1551182400,3788.8,3819.3,3775.8,3796.2,2422.39196763,3507
1551225600,3795.0,3817.6,3776.9,3812.5,1492.60452562,2239
1551268800,3812.7,3827.9,3652.6,3799.1,4669.1263007501,7569
1551312000,3797.8,3842.0,3792.0,3820.2,1661.77425567,3334
1551355200,3820.5,3885.0,3756.4,3793.7,3966.96755865,6386
1551398400,3793.6,3824.8,3790.5,3810.0,1222.1495266,2385
1551441600,3810.0,3843.0,3785.8,3804.7,1448.1210334,2894
1551484800,3804.6,3817.7,3754.3,3811.1,1032.61924683,2388
1551528000,3808.8,3818.5,3795.0,3809.9,734.03342322,2221
1551571200,3810.3,3822.4,3799.3,3809.1,705.0275594,1407
1551614400,3809.0,3813.6,3755.4,3785.7,1499.12825989,2368
1551657600,3785.7,3805.2,3670.9,3703.1,2250.18640718,4361
1551700800,3703.1,3723.2,3682.1,3700.1,2233.9777465,3824
1551744000,3700.0,3730.8,3690.6,3725.8,728.9561725,1839
1551787200,3726.3,3875.1,3726.0,3844.9,3722.4945468301,7190
1551830400,3845.0,3895.7,3805.0,3854.2,1662.14004405,3367
1551873600,3853.7,3857.1,3826.0,3851.7,1782.3153708,3517
1551916800,3851.7,3891.4,3829.9,3850.1,2145.76591666,3118
1551960000,3850.1,3881.2,3844.0,3854.0,1933.32007914,3150
1552003200,3854.0,3910.0,3848.9,3876.7,1879.5120533,3137
1552046400,3875.5,3910.0,3760.3,3844.3,2778.85227235,4498
1552089600,3840.5,3919.0,3836.7,3893.5,1558.01545011,2940
1552132800,3893.4,3947.0,3877.8,3919.2,1732.68389983,3399
1552176000,3916.1,3916.3,3863.7,3892.0,720.8260512,2137
1552219200,3890.9,3911.1,3872.0,3897.9,729.07507875,2283
1552262400,3899.8,3911.2,3846.4,3854.8,1518.99642616,4059
1552305600,3855.5,3859.9,3815.5,3850.7,1710.68782512,3916
1552348800,3852.0,3875.6,3800.4,3860.3,1577.17981966,4444
1552392000,3860.2,3879.6,3839.9,3863.1,1699.99094682,3455
1552435200,3864.4,3873.4,3826.2,3841.1,846.03608141,1891
1552478400,3841.1,3873.5,3838.8,3853.4,2167.3338049,4099
1552521600,3851.3,3865.0,3831.6,3845.0,1012.35595903,2446
1552564800,3845.0,3907.0,3781.6,3853.9,2585.65309028,5348
1552608000,3853.9,3889.0,3846.8,3885.2,1197.97310383,3265
1552651200,3885.9,3909.8,3868.5,3900.2,1692.57370927,4037
1552694400,3900.1,4042.5,3899.7,4004.6,3231.55758806,6538
1552737600,4004.7,4004.7,3957.9,3989.2,1202.40768223,2465
1552780800,3989.5,3989.6,3937.4,3967.0,1003.6214644,2073
1552824000,3966.9,3980.1,3956.0,3965.0,466.70851411,1547
1552867200,3965.1,4019.9,3935.2,3956.0,1952.8921288,4365
1552910400,3956.5,3981.3,3955.5,3969.6,1778.16540454,4041
1552953600,3969.6,3984.7,3950.0,3967.2,1090.68217981,3074
1552996800,3966.8,4010.0,3964.0,4000.0,2118.91466638,4267
1553040000,3999.9,4017.9,3963.4,3993.9,1402.44096862,4015
1553083200,3993.7,4048.8,3986.6,4032.1,2532.16610505,4916
1553126400,4030.9,4042.1,4013.1,4033.4,1084.56837859,2888
1553169600,4032.9,4064.4,3871.3,3972.4,3782.5760373,9498
1553212800,3972.5,3984.4,3960.0,3982.0,1113.7438724,3162
1553256000,3982.0,3999.0,3975.0,3982.1,1368.21520743,3447
1553299200,3982.1,4000.4,3966.9,3981.8,979.54567317,2586
1553342400,3981.4,3986.9,3961.0,3982.5,637.44439528,2205
1553385600,3982.4,3982.4,3955.7,3971.5,636.48303819,1799
1553428800,3971.5,3976.8,3944.4,3969.3,1430.83296198,3313
1553472000,3968.6,3976.6,3958.4,3971.4,599.99924025,1646
1553515200,3971.1,3971.1,3855.5,3905.9,4222.94956093,7747
1553558400,3905.9,3920.9,3889.8,3895.6,895.15467701,1953
1553601600,3896.1,3921.6,3882.8,3918.9,1421.68026335,3272
1553644800,3919.0,4031.3,3913.0,4022.6,2601.84327469,5556
1553688000,4026.9,4037.3,3997.0,4025.8,1639.4410774,4012
1553731200,4025.0,4025.0,3994.8,4002.0,835.00721629,2774
1553774400,4002.1,4021.6,3997.2,4013.8,1538.3078737,3888
1553817600,4013.3,4100.0,4005.9,4100.0,2587.06666823,5513
1553860800,4099.9,4099.9,4065.1,4088.9,1877.95334723,4223
1553904000,4088.4,4130.0,4040.0,4082.3,1635.69230351,3876
1553947200,4082.4,4094.9,4056.4,4090.9,857.76153792,3147
1553990400,4092.2,4100.0,4073.7,4098.5,459.53824516,1919
1554033600,4096.4,4098.9,4084.0,4095.2,488.03011607,2447
1554076800,4095.1,4143.0,4051.7,4112.9,1897.48256516,4455
1554120000,4112.9,4148.6,4112.9,4137.8,2765.95057024,4748
1554163200,4137.9,5142.9,4133.1,4778.9,15524.7344624503,30284
1554206400,4778.6,4950.0,4660.1,4902.9,7338.99030579,12724
1554249600,4899.4,5100.0,4870.9,4969.7,6569.75372036,12039
1554292800,4969.6,5362.7,4751.0,4972.2,13621.3310851703,25987
1554336000,4971.2,5075.1,4910.0,4993.5,4342.89756502,9436
1554379200,4995.7,5045.0,4782.1,4905.7,6520.97877824,12459
1554422400,4905.7,5020.6,4886.0,5000.0,1958.74193297,5212
1554465600,5000.0,5091.9,4957.3,5038.1,3638.11169212,8439
1554508800,5037.4,5037.9,4966.0,5000.2,784.06023112,2570
1554552000,5000.5,5240.0,4895.9,5044.4,5026.7030325801,11373
1554595200,5044.1,5189.5,5015.7,5117.0,2117.63725072,6156
1554638400,5119.1,5270.0,5051.3,5194.2,3387.00502877,9090
1554681600,5194.4,5359.8,5125.5,5140.0,3847.22245479,11385
1554724800,5136.0,5309.1,5132.9,5285.1,3598.13991266,8940
1554768000,5287.7,5287.7,5144.9,5196.7,2837.36208751,6576
1554811200,5200.0,5242.1,5157.0,5190.8,2930.31996306,5910
1554854400,5191.9,5278.0,5167.8,5238.8,1952.53605282,5164
1554897600,5238.7,5464.0,5203.1,5321.0,6836.3170892001,13230
1554940800,5321.4,5343.4,4960.1,5037.4,5302.6641579201,14527
1554984000,5038.7,5088.9,4990.0,5041.7,3617.70679711,8550
1555027200,5040.7,5099.9,4920.0,5074.9,3350.5898385496,10288
1555070400,5078.5,5115.9,5025.0,5078.8,2004.81974162,5694
1555113600,5077.3,5122.0,5046.8,5060.5,1215.24969895,4554
1555156800,5060.6,5115.0,5036.1,5065.6,1256.52966916,3549
1555200000,5065.6,5084.5,5008.0,5065.6,805.86918703,3293
1555243200,5063.8,5190.1,5052.6,5158.4,1689.73464525,4763
1555286400,5159.1,5188.7,5125.0,5134.4,1153.73266369,3424
1555329600,5134.3,5174.4,4942.8,5034.8,3568.41512513,8743
1555372800,5034.8,5089.9,5025.0,5068.1,724.10536229,3001
1555416000,5068.1,5245.0,5017.9,5204.1,4589.6124362101,8741
1555459200,5204.0,5273.1,5190.0,5248.6,1689.26967793,4977
1555502400,5248.6,5300.0,5175.1,5224.9,1940.08628275,5091
1555545600,5225.0,5298.9,5222.1,5236.7,1517.79788275,3803
1555588800,5236.7,5325.0,5230.4,5282.8,2020.2215294,5464
1555632000,5281.0,5284.6,5191.9,5260.3,1425.76657813,4419
1555675200,5260.3,5366.5,5240.0,5286.0,2593.25977589,5393
1555718400,5286.0,5359.0,5280.9,5307.7,1259.67850846,3227
1555761600,5311.0,5335.5,5257.0,5316.5,1291.80179786,3790
1555804800,5320.3,5347.8,5225.0,5256.9,1512.09747592,4037
1555848000,5257.0,5313.9,5200.0,5297.0,1429.24735808,4740
1555891200,5294.7,5325.0,5245.0,5308.5,1125.50258444,4233
1555934400,5308.1,5453.3,5284.2,5384.0,4806.31642299,10340
1555977600,5384.0,5645.0,5363.3,5556.3,4571.33077977,9822
1556020800,5555.0,5617.0,5511.0,5525.4,3813.31390672,8765
1556064000,5525.4,5627.9,5381.0,5431.9,4665.6518607898,14197
1556107200,5431.9,5478.5,5375.3,5442.2,3218.18433143,8178
1556150400,5442.2,5472.5,5375.6,5472.5,1922.36788504,4657
1556193600,5469.2,5510.5,4357.1,5128.7,9332.7137730302,17932
1556236800,5128.7,5290.0,5059.0,5158.5,4890.7776302901,9585
1556280000,5152.0,5183.2,5043.3,5153.0,4087.89433004,8345
1556323200,5154.5,5191.0,5116.7,5157.2,1546.17255415,4192
1556366400,5155.0,5216.5,5140.9,5168.5,1321.89752554,3561
1556409600,5169.8,5215.4,5138.8,5209.3,842.30547638,3284
1556452800,5210.2,5210.2,5100.2,5156.1,1814.86750276,5999
1556496000,5156.2,5194.2,5125.0,5154.0,1382.64274053,6286
1556539200,5155.1,5176.8,5061.1,5149.0,2989.70917255,8207
1556582400,5152.8,5234.4,5131.1,5219.4,1503.13642193,4753
1556625600,5217.1,5297.0,5191.0,5272.2,3353.70315693,7393
1556668800,5272.2,5345.4,5270.0,5316.5,1403.18328189,4282
1556712000,5316.0,5359.3,5280.0,5323.3,2066.30367565,5374
1556755200,5323.2,5380.0,5309.6,5368.3,1419.32047699,3947
1556798400,5368.2,5421.9,5340.4,5390.0,2468.27018162,5861
1556841600,5390.0,5796.0,5368.7,5697.8,6363.36798652,11367
1556884800,5699.2,5770.0,5623.8,5660.0,4356.67386189,8379
1556928000,5660.0,5836.0,5655.0,5723.7,3561.92793272,8534
1556971200,5723.0,5840.0,5525.0,5763.5,5004.35213403,11190
1557014400,5765.6,5779.9,5670.0,5709.7,1680.11175198,4458
1557057600,5715.2,5779.1,5627.6,5716.9,1696.1298553,4289
1557100800,5719.1,5727.4,5563.4,5643.5,2242.84430069,6324
1557144000,5643.5,5752.0,5615.5,5687.4,2806.44213209,6327
1557187200,5687.6,5955.8,5687.6,5888.8,4233.21510845,9081
1557230400,5886.8,5967.8,5717.0,5744.0,5168.4154870501,9789
1557273600,5747.0,5874.0,5660.0,5851.7,2017.67060861,5299
1557316800,5851.8,5983.2,5807.6,5939.6,3980.97514451,8188
1557360000,5942.0,6098.5,5933.2,6036.0,3636.22405703,8615
1557403200,6035.3,6174.0,5960.0,6151.4,3768.9095794,10469
1557446400,6151.4,6343.7,6110.1,6283.2,4261.8983201,12027
1557489600,6284.7,6430.0,6230.5,6337.9,5610.4620340102,12995
1557532800,6339.5,6984.8,6338.0,6785.1,8975.0550429804,23256
1557576000,6785.1,7450.0,6735.0,7209.9,9594.8749754503,28556
1557619200,7207.9,7588.0,6850.0,7179.4,10848.6245546806,28778
1557662400,7182.4,7245.0,6724.1,6973.9,7771.5296573003,21761
1557705600,6970.1,7315.0,6870.0,7256.7,3412.50257781,9385
1557748800,7250.9,8169.3,7241.0,7816.3,16256.0942477707,44809
1557792000,7817.1,8339.9,7795.0,8044.4,7824.7757258003,24267
1557835200,8044.3,8211.7,7620.0,7993.7,10297.1997114005,28193
1557878400,7988.9,8191.9,7829.6,7978.1,5227.5292197101,16494
1557921600,7971.2,8296.9,7888.1,8203.0,6386.4432464301,17722
1557964800,8201.5,8370.0,7750.0,7853.7,6803.8298517802,23214
1558008000,7855.5,8040.4,7650.0,7880.7,6619.3819687101,16777
1558051200,7883.6,7946.2,6636.0,7154.9,12754.9518500809,32847
1558094400,7154.4,7385.0,6886.3,7350.0,8262.3931653103,21051
1558137600,7353.9,7494.2,7205.0,7316.6,3468.46924165,9661
1558180800,7316.6,7414.0,7225.0,7266.8,2790.11567967,7933
1558224000,7265.0,8165.1,7257.0,8033.8,8010.0955993303,19731
1558267200,8033.8,8300.0,7782.0,8194.9,7297.8069397601,16065
1558310400,8197.2,8198.2,7651.0,7864.5,5552.9473619302,15446
1558353600,7865.0,8162.6,7567.2,8005.0,6700.4498002303,18252
1558396800,7999.2,8058.0,7807.0,7878.0,2548.53019203,7800
1558440000,7878.0,8116.0,7825.0,7951.9,4654.0723390901,11759
1558483200,7951.7,8024.9,7755.0,7819.8,2290.01506234,6735
1558526400,7819.7,8050.0,7510.0,7622.1,6459.2391088901,17173
1558569600,7623.1,7704.6,7470.0,7601.9,3119.73531085,8766
1558612800,7601.9,7986.6,7558.2,7878.9,4917.7815408901,11171
1558656000,7880.5,8075.0,7800.2,8040.4,2931.29905006,7835
1558699200,8037.0,8173.7,7915.0,8000.0,4601.3299090101,12336
1558742400,8000.0,8161.0,7946.9,8098.0,1568.93948981,4728
1558785600,8097.7,8125.0,7985.4,8066.5,1490.80976523,4923
1558828800,8067.4,8079.3,7896.2,7940.0,1376.34909733,4625
1558872000,7940.0,8788.0,7910.1,8736.3,8344.7031949302,25642
1558915200,8733.0,8953.4,8662.7,8710.0,3811.5817001202,12692
1558958400,8712.5,8925.0,8675.0,8778.7,3875.72536379,13178
1559001600,8773.0,8814.6,8200.0,8749.9,2447.280582,8030
1559044800,8749.7,8800.0,8533.9,8720.1,3365.61597674,10496
1559088000,8720.1,8720.1,8429.1,8629.6,3506.72152969,8613
1559131200,8629.0,8752.4,8615.4,8663.2,2419.01046027,7526
1559174400,8664.1,8775.0,8566.0,8719.4,2374.51735851,8405
1559217600,8719.3,9094.4,7988.8,8269.6,10624.0659642703,32734
1559260800,8272.0,8380.9,8110.1,8238.8,4520.33294524,11346
1559304000,8238.4,8591.1,8219.0,8552.9,4509.7826857701,13041
1559347200,8552.9,8622.5,8462.0,8569.0,1563.35201289,5533
1559390400,8569.1,8612.4,8461.6,8549.9,1365.05422233,5180
1559433600,8549.5,8761.2,8540.8,8744.5,1369.24739145,5151
1559476800,8744.5,8841.3,8601.2,8742.5,2442.4022597,8312
1559520000,8740.0,8746.0,8350.0,8492.1,3746.75850518,9572
1559563200,8491.7,8591.1,8039.0,8120.0,5270.7586536601,14720
1559606400,8103.6,8104.7,7641.6,7901.4,6134.2998641202,17397
1559649600,7901.7,8025.3,7425.0,7670.0,8282.0956374102,21643
1559692800,7668.9,7896.3,7668.9,7784.9,3016.09689479,8913
1559736000,7784.9,7934.8,7565.0,7787.1,4841.6352882201,13193
1559779200,7787.8,7875.0,7741.1,7855.8,1986.85684155,5893
1559822400,7852.3,7868.0,7440.0,7804.3,6142.2579548901,14892
1559865600,7799.0,8034.0,7765.0,7914.8,2545.4435654,7611
1559908800,7914.7,8131.6,7875.0,8000.5,4035.3093143,10924
1559952000,8000.0,8060.6,7895.0,8008.9,1300.08677938,5446
1559995200,8009.4,8018.2,7785.2,7928.7,2123.28525742,6639
1560038400,7928.6,7960.0,7860.8,7875.6,578.51282363,2516
1560081600,7875.7,7880.2,7510.0,7642.1,3665.01647829,12069
1560124800,7638.5,7992.6,7525.0,7937.7,2868.77603153,7710
1560168000,7937.3,8076.7,7884.5,8019.9,4346.82978738,9012
1560211200,8019.4,8052.0,7735.3,7790.0,2202.86891652,6313
1560254400,7790.0,7980.0,7715.0,7921.4,4643.8110101402,16616
1560297600,7922.2,8075.1,7823.1,7997.5,2991.13342024,7964
1560340800,7997.6,8286.8,7930.0,8171.0,5090.7749741195,16734
1560384000,8171.0,8198.0,8066.1,8118.2,1696.04995555,4993
1560427200,8120.0,8344.9,8005.0,8237.6,4066.2918002698,15255
1560470400,8237.6,8318.7,8175.0,8275.7,1518.34359561,4497
1560513600,8278.8,8740.0,8269.9,8694.0,5739.4636686804,22882
1560556800,8694.0,8778.0,8620.3,8670.4,1861.77112908,6840
1560600000,8670.0,8912.0,8635.0,8856.8,3432.16475922,16328
1560643200,8857.0,9390.0,8800.0,9121.9,7569.1699588701,23860
1560686400,9122.0,9324.8,8456.0,8976.1,4982.5892943201,15470
1560729600,8976.0,9335.0,8971.9,9300.0,3304.2828529297,11693
1560772800,9300.0,9470.0,9125.0,9335.0,5132.4591705802,24265
1560816000,9335.0,9355.0,9028.0,9175.0,2296.84080536,9312
1560859200,9175.6,9200.0,8943.0,9080.5,4023.99133968,12774
1560902400,9077.3,9210.0,9040.0,9129.9,1816.88519296,5844
1560945600,9130.0,9323.3,9047.0,9277.1,2591.33781375,8275
1560988800,9282.1,9369.1,9213.2,9274.9,1637.01106661,6174
1561032000,9274.9,9600.0,9256.0,9534.3,4838.2529344801,15926
1561075200,9533.2,9876.4,9533.2,9828.7,3604.75157429,11132
1561118400,9829.2,10250.0,9690.0,10219.2,5494.9553294502,17919
1561161600,10216.2,10968.2,10075.0,10874.3,6133.7751609401,24000
1561204800,10875.0,11216.8,10000.0,10663.8,6708.7107017102,30100
1561248000,10663.6,10883.3,10474.0,10577.0,1905.70241235,11764
1561291200,10577.1,11286.8,10577.0,10814.1,4037.7665047301,23085
1561334400,10812.1,10944.9,10511.0,10839.0,2301.80813447,11707
1561377600,10839.0,11102.6,10751.4,11020.6,3155.6045914,14601
1561420800,11023.9,11488.0,11007.5,11387.0,5121.9301830401,17990
1561464000,11387.1,11800.0,11011.0,11765.1,6501.9512605403,22233
1561507200,11765.1,12964.7,11675.0,12640.8,10150.0664623407,38299
1561550400,12640.8,13875.7,11540.1,12933.7,15488.2537058017,61878
1561593600,12933.2,13360.9,11253.6,12070.0,9864.4349612206,37308
1561636800,12070.0,12177.9,10300.0,11148.0,15171.5942495117,52976
1561680000,11161.9,12118.3,10723.3,12071.2,6974.6970844402,25422
1561723200,12082.4,12450.0,11521.1,12360.0,6840.8527637802,24775
1561766400,12370.0,12436.2,11172.6,11948.9,6245.3343334601,21942
1561809600,11948.9,12300.0,11625.0,11865.1,4745.3575338101,22332
1561852800,11865.1,12200.0,11417.8,11498.0,3225.41520602,12611
1561896000,11498.3,11605.1,10650.0,10752.3,7734.2701696702,25947
1561939200,10749.4,11239.0,10600.0,10965.7,4657.91842454,14941
1561982400,10951.5,10969.9,9900.0,10575.9,9975.4759608308,32665
1562025600,10578.7,10750.2,9666.0,9959.1,7767.5545663402,23999
1562068800,9955.4,10947.3,9850.0,10837.3,7550.3475152302,27154
1562112000,10837.2,11577.3,10807.3,11200.0,9525.9440220906,28594
1562155200,11205.9,12037.0,11006.6,11979.8,6597.6563234002,23566
1562198400,11984.7,12064.4,11513.0,11749.8,3415.96992278,12984
1562241600,11743.0,11925.0,10601.0,11148.3,4440.4795543001,18940
1562284800,11145.0,11395.5,10736.0,11208.2,3990.04623213,14919
1562328000,11208.2,11482.9,10800.0,11006.0,4065.43053809,15087
1562371200,10988.7,11600.0,10945.6,11414.6,2401.07897006,10186
1562414400,11419.4,11728.5,11047.7,11233.5,2952.25491742,11796
1562457600,11234.2,11383.8,11000.0,11332.5,1774.21522629,6317
1562500800,11332.6,11631.2,11150.0,11480.7,2846.99035346,12995
1562544000,11481.5,11999.0,11323.7,11948.3,3439.14540821,11909
1562587200,11949.4,12404.6,11791.8,12298.0,4055.83271866,16156
1562630400,12299.7,12826.5,12127.0,12305.1,5118.2486294003,19595
1562673600,12313.6,12667.3,12198.0,12570.5,3694.01627284,15992
1562716800,12562.9,13169.0,12540.1,13013.3,3781.44368445,16095
1562760000,13013.3,13197.8,11555.0,12096.2,8992.9514964114,38574
1562803200,12096.0,12096.0,11175.0,11609.3,6078.6286803804,23312
1562846400,11609.3,11824.0,10957.0,11343.5,7352.5340097605,26466
1562889600,11346.1,11760.0,11091.3,11703.2,3633.2834304,14955
1562932800,11703.2,11930.2,11453.4,11798.1,3577.0169898397,16433
1562976000,11804.0,11844.5,11206.0,11300.6,2559.90574272,11444
1563019200,11314.0,11475.0,10800.1,11381.5,4593.1096207601,23903
1563062400,11381.5,11461.1,10550.0,10675.0,3399.23389148,14692
1563105600,10675.1,11513.6,10275.1,10621.1,4176.1962774699,17233
1563148800,10622.7,10639.4,9789.0,10314.3,3886.01771321,15413
1563192000,10307.0,11078.3,10075.0,10840.4,6010.5359338802,20880
1563235200,10840.8,11038.1,10531.5,10712.7,2825.38211703,11130
1563278400,10717.1,10717.1,9365.0,9420.3,11724.5076444009,37479
1563321600,9420.5,9621.4,9099.0,9165.3,5301.1503236001,17109
1563364800,9169.3,9979.4,9106.3,9703.9,7772.5313356207,23828
1563408000,9701.3,10047.9,9560.0,9776.7,2623.8609216899,10268
1563451200,9773.0,10800.0,9250.1,10636.6,10405.1357247814,32807
1563494400,10647.2,10775.0,10233.2,10299.7,3940.95359481,13367
1563537600,10294.9,10673.0,10122.0,10535.2,3477.4077678,12748
1563580800,10530.8,10725.0,10379.5,10594.9,2091.97555705,6862
1563624000,10596.8,11210.0,10493.1,10774.9,4847.8317881801,15423
1563667200,10774.7,10842.2,10477.8,10581.6,2167.04280303,7569
1563710400,10579.3,10670.9,10188.0,10595.3,3294.66941452,10255
1563753600,10595.3,10685.1,10413.4,10550.0,2106.9702984,5758
1563796800,10550.0,10569.1,10071.0,10323.9,4485.64311634,15349
1563840000,10324.0,10328.9,9848.8,9999.5,4104.20667544,11397
1563883200,10013.3,10230.2,9800.0,9840.6,3851.9659684001,11345
1563926400,9840.6,9849.2,9575.0,9710.0,3363.8704269804,15661
1563969600,9709.7,9919.6,9500.1,9769.8,4916.6037247201,17702
1564012800,9770.0,10187.4,9734.6,10093.3,2570.64069456,8122
1564056000,10092.8,10172.0,9808.0,9878.0,3033.7203311,8802
1564099200,9878.0,9880.2,9625.2,9799.8,2043.62107991,6810
1564142400,9799.2,9911.3,9714.8,9852.0,2278.88208402,7045
1564185600,9850.9,10204.6,9420.0,9504.3,3546.3390159301,14948
1564228800,9504.3,9544.0,9269.1,9471.8,2803.09981417,11405
1564272000,9472.8,9566.1,9361.9,9519.2,1004.01722579,4071
1564315200,9514.0,9630.0,9120.0,9531.7,2858.1707433802,15394
1564358400,9536.2,9709.7,9385.0,9454.0,1808.07301365,10263
1564401600,9453.7,9661.9,9375.0,9499.9,2296.88875773,7997
1564444800,9495.4,9624.4,9381.3,9540.6,1007.80855708,4720
1564488000,9540.7,9766.1,9500.0,9594.1,2988.8935918199,12924
1564531200,9594.0,9848.9,9575.0,9764.6,1942.358026,5400
1564574400,9763.5,10135.8,9763.5,10090.1,4125.55312485,12922
1564617600,10090.3,10169.0,9882.4,9974.5,2235.17042733,6045
1564660800,9974.0,10530.0,9974.0,10408.9,4320.5161013501,12568
1564704000,10408.9,10580.0,10327.9,10483.7,2106.15921264,6864
1564747200,10482.0,10665.4,10353.5,10531.5,3097.06279915,9682
1564790400,10532.7,10881.0,10507.0,10760.2,2148.5157002,8370
1564833600,10769.4,10928.0,10698.6,10809.9,1810.30916183,6694
1564876800,10809.9,10907.9,10539.9,10676.1,1944.90225154,6708
1564920000,10676.2,11078.7,10650.0,10972.4,3044.49675777,10435
1564963200,10977.6,11849.0,10973.0,11796.4,5025.8337329901,19202
1565006400,11798.0,11940.0,11654.4,11799.6,3430.3464517802,17294
1565049600,11799.6,12340.0,11412.8,11769.2,6408.2919327499,23295
1565092800,11771.1,11827.8,11200.0,11458.8,4576.6261020501,17167
1565136000,11458.1,11742.0,11387.0,11729.8,2858.47417866,8464
1565179200,11723.6,12173.8,11452.7,11962.7,6659.5582550705,23382
1565222400,11973.3,12019.0,11750.0,11817.0,1670.39996661,6957
1565265600,11810.0,12065.0,11472.6,11982.6,3832.8897038501,15307
1565308800,11992.9,12042.0,11660.0,11694.5,2892.95044004,9208
1565352000,11686.3,11949.8,11660.0,11857.6,2079.67691048,9977
1565395200,11859.6,11975.0,11233.0,11369.9,2485.9168492099,12481
1565438400,11366.1,11444.0,11230.2,11284.7,2589.98769396,11718
1565481600,11280.0,11509.4,11101.9,11462.9,1816.06254102,8616
1565524800,11462.0,11581.0,11283.2,11526.7,1426.52288277,5786
1565568000,11539.7,11550.2,11294.4,11323.3,1160.17280947,5335
1565611200,11315.5,11478.6,11235.0,11384.2,1361.2371336601,12376
1565654400,11386.0,11442.6,11175.0,11252.4,1502.48293731,7694
1565697600,11252.4,11268.4,10751.0,10857.0,4028.0087518299,17418
1565740800,10855.1,10862.0,10372.1,10522.5,3687.1193543401,11949
1565784000,10522.3,10648.9,9900.0,10018.0,5658.5502692102,18537
1565827200,10018.0,10233.0,9490.0,10158.5,7162.2363176196,24817
1565870400,10154.5,10450.0,9875.2,10304.5,4563.3078951004,20664
1565913600,10300.9,10402.0,9728.0,10139.7,4303.8574378701,15470
1565956800,10139.4,10535.0,10037.9,10362.1,4140.0437042,15483
1566000000,10362.2,10475.0,10222.0,10332.4,1479.34524582,5768
1566043200,10333.7,10370.1,9999.9,10211.8,2286.7533454,8814
1566086400,10211.8,10460.0,10065.0,10399.9,1300.38883744,5638
1566129600,10400.0,10502.4,10300.0,10326.4,1608.04852297,6918
1566172800,10325.0,10799.8,10267.5,10673.9,2490.09443518,8169
1566216000,10695.6,10950.0,10621.1,10921.8,2706.26538468,10604
1566259200,10921.4,10959.0,10575.0,10703.1,1776.9241843199,7688
1566302400,10703.1,10840.0,10560.1,10759.9,2051.64102457,8144
1566345600,10759.9,10800.0,10050.3,10154.6,4631.0659767899,15664
1566388800,10154.6,10488.6,9853.2,10125.0,4210.89215747,14518
1566432000,10125.0,10143.0,9752.2,9964.8,4360.27265519,13089
1566475200,9964.2,10233.9,9941.0,10107.9,2151.09799465,8717
1566518400,10105.2,10250.0,10037.7,10139.7,1504.54825871,5746
1566561600,10139.6,10478.6,10125.0,10406.3,2517.01889829,9599
1566604800,10407.5,10421.4,9883.4,10025.8,2181.61533053,7620
1566648000,10026.0,10200.0,9947.0,10140.5,1998.78579206,7081
1566691200,10148.7,10175.0,10028.4,10129.6,1434.33455183,5136
1566734400,10129.3,10398.6,9910.1,10134.5,2775.15649239,10161
1566777600,10142.1,10697.9,10142.1,10386.9,4729.3375660201,14965
1566820800,10388.7,10409.0,10147.5,10364.6,2568.35109966,9185
1566864000,10364.4,10387.9,10072.7,10107.0,1812.45530743,6283
1566907200,10107.1,10235.1,10033.0,10177.3,1588.6606498301,11646
1566950400,10180.0,10209.8,10016.3,10139.6,1048.96675847,9522
1566993600,10140.7,10297.7,9533.0,9716.1,5639.0270948702,21475
1567036800,9714.9,9714.9,9307.8,9450.0,3018.28885109,10808
1567080000,9450.0,9627.5,9356.5,9484.3,2888.9315935702,15523
1567123200,9484.7,9624.8,9350.5,9575.8,1999.2284369,6721
1567166400,9575.7,9708.0,9457.7,9578.0,2392.11070367,8542
1567209600,9577.9,9657.3,9531.2,9570.0,757.11553427,3561
1567252800,9570.0,9690.0,9400.0,9604.3,1222.97153652,5644
1567296000,9602.1,9648.5,9559.5,9590.0,549.3385367,2358
1567339200,9585.7,9850.0,9540.8,9764.9,1594.45432724,6457
1567382400,9765.0,9861.5,9752.8,9854.2,1090.8117306,3195
1567425600,9850.1,10490.0,9817.9,10389.5,5269.6675903601,18567
1567468800,10389.6,10499.9,10271.6,10429.5,2410.37849286,6562
1567512000,10433.5,10785.6,10409.4,10614.6,4691.1273250101,15246
1567555200,10619.7,10650.0,10443.2,10528.9,2036.52477849,6014
1567598400,10529.0,10892.1,10319.0,10584.9,4112.56899419,13412
1567641600,10585.0,10662.4,10457.3,10580.0,1697.45061738,6020
1567684800,10573.2,10616.3,10486.9,10574.9,1787.13698204,5898
1567728000,10577.5,10920.0,10565.9,10873.0,2515.18155657,7934
1567771200,10865.4,10947.0,10145.3,10311.8,5813.7639427502,17525
1567814400,10307.5,10436.5,10307.5,10436.3,712.42253457,3517
1567857600,10428.0,10569.1,10370.0,10483.4,1477.97001399,6573
1567900800,10483.3,10599.1,10240.9,10405.3,1220.10302254,4869
1567944000,10407.8,10447.9,10320.8,10408.6,858.15138182,3907
1567987200,10398.9,10523.0,10051.0,10422.3,2456.73136826,7494
1568030400,10422.6,10430.0,10177.0,10314.5,2299.83733458,6251
1568073600,10309.2,10388.0,10197.0,10253.7,1128.63046539,3664
1568116800,10257.3,10269.8,9938.1,10094.5,3174.26427517,9160
1568160000,10097.0,10250.0,9886.5,10062.3,2734.77423807,6391
1568203200,10059.9,10178.9,9930.0,10160.7,2685.18056354,7127
1568246400,10161.0,10219.0,10040.1,10169.3,1371.36382558,4235
1568289600,10169.2,10479.9,10169.2,10420.0,3626.00186047,11100
1568332800,10419.8,10455.0,10275.0,10325.0,1645.53652308,4279
1568376000,10324.7,12000.0,8000.0,10362.1,2576.5490405,8492
1568419200,10362.2,10384.4,10280.0,10301.9,666.02875175,2835
1568462400,10300.7,10440.0,10210.7,10363.2,1424.81421727,5680
1568505600,10363.5,10380.0,10285.2,10319.8,509.06709953,2349
1568548800,10319.9,10338.9,10270.1,10311.3,722.00448513,2689
1568592000,10311.3,10374.7,10285.0,10285.0,694.50607394,3070
1568635200,10285.0,10347.1,10000.0,10260.6,2648.42837643,8393
1568678400,10260.7,10261.6,10134.7,10165.2,817.21202586,3336
1568721600,10161.4,10276.3,10154.5,10190.0,2045.57426414,8600
1568764800,10188.0,10259.9,10041.8,10163.8,1127.59309638,4338
1568808000,10163.4,10224.1,10088.0,10157.6,1820.0596699401,9502
1568851200,10157.7,10180.0,9633.8,9855.0,3135.88054239,10032
1568894400,9854.4,10375.0,9812.7,10274.4,3181.99338318,10607
1568937600,10274.4,10310.0,10126.5,10164.9,1469.53480995,3847
1568980800,10164.1,10249.9,10069.0,10173.3,1510.0365501399,5654
1569024000,10173.8,10175.1,9965.0,10044.7,1032.4691712,7695
1569067200,10044.7,10068.2,9903.7,9978.4,1101.36103969,3866
1569110400,9980.0,10070.0,9850.0,10005.0,1218.37729116,4489
1569153600,10008.6,10080.0,9931.0,10029.1,908.96712232,3924
1569196800,10029.2,10045.4,9850.0,9910.2,1086.55964796,3918
1569240000,9910.3,9946.7,9615.0,9686.9,2954.79543196,10585
1569283200,9696.0,9776.0,9601.0,9712.8,1081.31072784,4811
1569326400,9712.7,9715.1,8046.0,8536.7,15359.0287366909,51757
1569369600,8535.0,8743.6,8230.0,8338.7,3702.9357054,13148
1569412800,8336.7,8655.0,8000.0,8439.0,6462.9819475801,21067
1569456000,8439.0,8465.7,8325.0,8390.1,1772.8118137,6976
1569499200,8390.0,8438.9,7730.0,8060.3,9052.3971495806,31334
1569542400,8063.0,8122.3,7894.0,7977.7,2744.95873577,8488
1569585600,7982.7,8290.0,7850.0,8196.0,4660.8394128101,12829
1569628800,8195.9,8260.0,8130.1,8148.0,1265.13256541,3911
1569672000,8142.2,8426.0,8024.9,8213.5,2559.79518293,8051
1569715200,8214.0,8240.3,8050.0,8092.3,1449.5701782,4612
1569758400,8094.4,8150.0,7909.0,8053.1,3488.06288642,9009
1569801600,8053.3,8108.5,7655.0,8042.7,3772.7628348501,13683
1569844800,8044.9,8363.0,7993.1,8310.0,3759.6838567801,15819
1569888000,8310.0,8520.0,8201.8,8375.2,3567.0793642498,19101
1569931200,8375.2,8540.0,8245.0,8323.0,4289.1708411601,12615
1569974400,8323.0,8350.0,8168.2,8289.6,1895.65630058,5843
1570017600,8289.6,8389.0,8193.7,8382.3,1989.06845745,6363
1570060800,8382.2,8411.7,8200.0,8222.7,1349.56629386,5087
1570104000,8223.5,8293.6,8070.1,8238.1,3760.65012255,9904
1570147200,8245.4,8248.0,8001.0,8156.3,2004.59705288,5239
1570190400,8156.2,8240.3,8126.6,8152.2,1957.69583625,5187
1570233600,8155.0,8161.2,8079.0,8101.9,702.12705759,2623
1570276800,8101.8,8211.4,8023.3,8148.4,1463.20633095,4652
1570320000,8150.8,8181.6,7889.0,7956.4,1840.47705911,6192
1570363200,7961.5,8068.0,7780.0,7863.0,2921.32029122,7942
1570406400,7863.0,8065.0,7769.7,7988.4,2564.44531797,6074
1570449600,7988.4,8316.2,7988.4,8213.4,3894.04864737,10776
1570492800,8213.4,8348.0,8150.0,8189.9,2095.43075806,5390
1570536000,8186.6,8250.3,8112.1,8189.6,1744.43612335,5521
1570579200,8180.2,8235.0,8118.1,8197.0,1311.53137554,3682
1570622400,8192.1,8690.0,8165.0,8590.8,4783.9842917901,13432
1570665600,8589.9,8660.0,8500.0,8556.8,1971.60115268,5087
1570708800,8555.4,8620.0,8456.8,8588.6,2520.19531197,6340
1570752000,8588.6,8932.5,8287.0,8311.9,4531.39627015,11591
1570795200,8311.8,8368.8,8230.3,8270.6,2153.09208988,5995
1570838400,8269.3,8369.7,8265.0,8328.9,550.47720222,2229
1570881600,8329.0,8419.9,8300.0,8305.1,785.47074134,3588
1570924800,8305.1,8392.2,8287.8,8367.4,407.93508884,1720
1570968000,8367.4,8470.5,8144.4,8280.0,2251.8441787,7424
1571011200,8280.0,8338.1,8257.9,8293.4,632.12452059,2260
1571054400,8291.8,8421.6,8214.6,8354.6,1543.07061047,5117
1571097600,8354.6,8419.1,8270.0,8292.5,858.89067194,3032
1571140800,8292.5,8388.0,8060.5,8164.5,2587.39490668,7338
1571184000,8164.5,8176.2,8010.0,8051.9,1223.08594447,3196
1571227200,8048.0,8049.1,7916.0,8000.0,2952.67919138,7199
1571270400,8000.1,8115.0,7938.8,8069.1,1335.18806201,3785
1571313600,8069.1,8136.4,8017.8,8077.1,2036.16033303,5116
1571356800,8077.1,8113.9,7821.0,7921.5,2825.15681571,7769
1571400000,7922.5,7985.0,7900.0,7956.4,1987.29618377,5568
1571443200,7956.3,7989.7,7906.0,7951.2,846.0600206,2555
1571486400,7952.4,8104.7,7878.6,7958.9,1660.13287938,5789
1571529600,7960.0,8026.5,7882.5,7938.3,886.23447149,2393
1571572800,7944.6,8305.0,7944.4,8240.2,2662.9781466,8165
1571616000,8240.1,8288.0,8203.5,8231.3,1034.74278722,2984
1571659200,8231.3,8387.3,8136.0,8217.8,2203.92288331,6005
1571702400,8210.3,8299.6,8179.9,8288.4,1173.57175041,2941
1571745600,8289.6,8325.0,8000.0,8020.6,3228.47172673,7199
1571788800,8020.6,8050.3,7927.2,7971.0,1581.55559867,4421
1571832000,7971.1,7971.1,7302.0,7475.0,7674.4737570902,21137
1571875200,7473.9,7492.1,7360.0,7442.0,1945.8614205,4504
1571918400,7441.1,7520.0,7426.4,7428.5,1942.6070616,4891
1571961600,7426.4,7645.0,7400.0,7585.0,1533.02418199,4231
1572004800,7589.3,8788.0,7589.3,8665.2,9613.7222380805,26719
1572048000,8669.4,10580.5,8646.6,9235.0,16426.5651081108,47402
1572091200,9237.9,9463.1,8905.4,9258.2,4674.42033435,14161
1572134400,9261.7,9661.2,9106.3,9300.0,2934.76783836,8482
1572177600,9297.3,9821.0,9231.0,9543.1,6037.6090400101,16087
1572220800,9554.1,9936.5,9288.8,9425.5,4393.94188582,11427
1572264000,9425.1,9514.6,9187.6,9218.7,3380.29476321,10026
1572307200,9217.1,9563.8,9217.0,9449.2,2359.21456787,6361
1572350400,9449.2,9532.2,9030.0,9435.7,4083.80870302,10800
1572393600,9435.1,9435.3,9024.0,9111.2,2249.17684114,7155
1572436800,9109.5,9236.4,9000.0,9166.2,2636.70756213,7360
1572480000,9163.9,9216.0,8949.6,9130.1,1951.78926868,13093
1572523200,9130.0,9459.7,9021.7,9146.7,3210.11108296,11467
1572566400,9151.9,9323.4,9058.1,9182.8,1338.85679976,5516
1572609600,9182.8,9303.8,9075.9,9258.9,2085.23218501,7186
1572652800,9258.2,9290.9,9204.4,9265.5,618.9822945,2957
1572696000,9264.3,9392.0,9221.1,9303.6,1700.76989551,5753
1572739200,9303.6,9383.7,9127.1,9171.4,969.38897761,3921
1572782400,9167.3,9240.0,9080.0,9209.3,1006.68600043,4097
1572825600,9209.9,9281.3,9130.0,9274.4,749.94037348,3049
1572868800,9273.2,9600.0,9247.6,9415.3,3460.61509654,10456
1572912000,9415.2,9534.7,9175.0,9284.0,1773.56454951,6036
1572955200,9286.5,9434.5,9228.3,9315.4,2106.32859185,6003
1572998400,9313.0,9444.0,9274.7,9394.1,1177.88903799,3787
1573041600,9394.0,9399.9,9255.0,9338.4,1247.16039724,4660
1573084800,9339.6,9375.0,9125.5,9188.0,1249.34901144,5642
1573128000,9187.9,9260.0,9084.9,9205.0,1486.01860792,5721
1573171200,9205.0,9247.6,8864.7,9007.5,2027.84130296,6219
1573214400,9010.0,9017.0,8675.0,8766.0,4069.58966249,10883
1573257600,8765.9,8877.2,8721.0,8816.0,765.75821962,3003
1573300800,8816.8,8870.0,8730.0,8812.0,904.14426116,4008
1573344000,8812.1,8912.1,8751.7,8840.0,826.71995035,3366
1573387200,8836.7,9147.6,8790.1,9039.1,2089.80299631,7899
1573430400,9039.0,9068.2,8610.0,8724.2,2359.34917872,6912
1573473600,8724.0,8780.0,8682.3,8717.0,1496.02778942,4079
1573516800,8717.0,8786.9,8701.1,8730.1,795.72101693,2683
1573560000,8730.1,8868.1,8560.0,8812.8,2556.23930457,7816
1573603200,8812.8,8839.7,8710.0,8754.1,915.08764353,3106
1573646400,8755.6,8782.0,8709.6,8762.1,1029.87120365,3521
1573689600,8763.9,8785.0,8561.0,8611.0,1418.83768097,4614
1573732800,8611.0,8672.9,8575.6,8632.1,1229.25306467,4144
1573776000,8632.0,8780.0,8456.8,8614.0,2589.81503254,7036
1573819200,8614.1,8678.4,8375.4,8456.0,2042.36729608,6821
1573862400,8455.9,8530.0,8430.0,8470.0,638.38713899,2386
1573905600,8474.1,8514.4,8450.0,8485.1,918.78362192,2583
1573948800,8487.0,8584.9,8363.5,8528.2,910.51306381,3170
1573992000,8528.2,8630.0,8491.3,8503.2,1263.47596711,3830
1574035200,8503.2,8503.2,8402.3,8425.9,1037.52655006,3025
1574078400,8426.0,8450.0,8030.0,8170.1,4065.58658155,13100
1574121600,8168.8,8198.7,7987.2,8060.0,1505.77783622,5222
1574164800,8060.0,8140.0,8010.0,8122.1,2411.6324074,5749
1574208000,8124.9,8149.9,8030.0,8080.7,1141.10091469,3181
1574251200,8080.9,8220.0,8053.0,8083.1,2188.81921834,5245
1574294400,8083.1,8116.5,7835.0,7850.0,1959.59098768,6006
1574337600,7850.1,7890.8,7399.0,7619.1,5316.2906606001,14861
1574380800,7619.1,7719.3,6925.0,7090.8,6599.3821221501,16247
1574424000,7098.7,7399.8,6761.0,7284.8,7009.3632407502,19382
1574467200,7284.7,7310.0,7105.2,7188.5,1804.4301691,5828
1574510400,7184.1,7339.9,7160.0,7322.6,1646.30165815,4833
1574553600,7322.5,7344.0,7120.0,7212.9,1423.77422606,4288
1574596800,7213.1,7213.1,6836.9,6903.9,3865.31286067,9766
1574640000,6903.9,6975.6,6525.0,6878.8,6496.8055940601,15435
1574683200,6877.0,7372.6,6876.9,7127.8,5386.7155395801,12785
1574726400,7125.8,7340.0,7034.0,7174.8,2840.49443198,6897
1574769600,7174.7,7220.0,7025.0,7161.6,2449.40145652,6434
1574812800,7161.6,7186.6,6854.5,7159.2,2903.08335498,7458
1574856000,7155.8,7676.9,7131.1,7525.9,7377.2769908103,17503
1574899200,7523.8,7579.0,7425.0,7490.0,1520.53251086,4552
1574942400,7490.0,7654.0,7373.2,7427.9,3630.51637508,8896
1574985600,7427.9,7610.0,7412.4,7531.8,1351.73874684,4195
1575028800,7522.5,7867.5,7430.0,7756.8,4358.91014673,10855
1575072000,7756.6,7810.0,7648.0,7667.3,1477.09481008,3964
1575115200,7666.0,7719.7,7452.1,7558.9,2306.7500578,6941
1575158400,7558.9,7558.9,7228.8,7321.7,3324.65984885,7965
1575201600,7317.6,7469.4,7273.2,7398.4,2133.96072789,5725
1575244800,7398.3,7426.7,7160.1,7294.6,2056.14266098,5779
1575288000,7289.0,7359.3,7239.4,7305.8,2032.04415088,7932
1575331200,7304.0,7410.0,7245.0,7269.9,1227.69012735,4710
1575374400,7273.0,7363.0,7273.0,7294.1,1740.98121455,5916
1575417600,7299.5,7299.5,7070.0,7213.4,2307.41443032,6354
1575460800,7212.4,7800.6,7068.2,7190.5,5913.9418340101,16393
1575504000,7196.2,7420.0,7157.9,7370.6,2685.8767782,7010
1575547200,7377.7,7488.8,7260.0,7394.0,3054.85250142,7844
1575590400,7395.0,7450.0,7311.0,7353.6,1503.4441458,4201
1575633600,7348.1,7611.3,7345.2,7545.7,3157.43412632,8812
1575676800,7546.3,7630.0,7491.7,7537.7,1241.91812291,5160
1575720000,7543.9,7560.0,7491.3,7509.2,662.48376253,3009
1575763200,7507.2,7560.0,7400.0,7522.6,1232.43634549,3822
1575806400,7525.8,7583.1,7512.0,7521.0,802.96477003,3226
1575849600,7518.7,7558.5,7450.0,7475.9,1278.33102179,3144
1575892800,7475.9,7666.0,7256.7,7334.5,5396.0401228401,11617
1575936000,7334.5,7398.0,7267.7,7341.2,1393.54659009,4924
1575979200,7341.0,7350.0,7160.0,7219.3,2520.89472456,6386
1576022400,7218.7,7273.8,7168.7,7223.1,973.16271743,4046
1576065600,7226.0,7255.0,7125.0,7202.0,1868.77400834,5129
1576108800,7201.9,7294.9,7077.0,7189.9,2084.48790038,4868
1576152000,7189.9,7255.0,7138.2,7190.1,2202.50265845,4943
1576195200,7190.2,7240.0,7182.7,7218.6,744.70889763,2993
1576238400,7216.0,7300.0,7198.0,7251.9,2155.79180111,4843
1576281600,7251.9,7272.1,7151.0,7181.8,927.52563112,2740
1576324800,7181.9,7183.8,7010.0,7067.5,1842.85367722,5291
1576368000,7067.5,7203.0,7010.0,7111.0,1554.04021208,4131
1576411200,7111.0,7145.6,7060.0,7113.7,793.89785153,2529
1576454400,7112.8,7121.5,7030.6,7077.3,1094.96912786,2898
1576497600,7078.5,7140.0,6800.0,6876.7,4007.83607205,10050
1576540800,6877.4,6939.0,6844.5,6939.0,1026.1506857,3825
1576584000,6929.9,6932.5,6563.0,6611.1,5105.1068429101,12395
1576627200,6612.9,6715.9,6581.2,6612.0,2174.78365066,4951
1576670400,6619.2,7488.2,6430.2,7287.9,9037.7278832102,22290
1576713600,7293.4,7379.8,7045.0,7149.5,2464.18228739,6115
1576756800,7147.6,7233.5,7060.3,7149.8,2873.15332967,5945
1576800000,7150.5,7169.5,7076.7,7142.1,1270.20497426,3035
1576843200,7142.0,7218.0,7130.0,7191.5,2169.83584162,4671
1576886400,7191.6,7191.6,7117.6,7154.6,638.78462734,2032
1576929600,7154.5,7175.0,7125.0,7143.5,714.43824211,2265
1576972800,7143.5,7200.0,7124.0,7162.9,635.23701176,1502
1577016000,7162.8,7526.9,7160.0,7510.0,3899.59234731,9256
1577059200,7510.1,7646.5,7465.4,7556.5,2669.77704754,5861
1577102400,7555.9,7690.5,7265.0,7324.0,4871.7505394601,10660
1577145600,7315.2,7392.0,7227.0,7370.2,2297.22778368,4759
1577188800,7370.2,7420.4,7160.0,7253.3,2568.90652372,6267
1577232000,7252.9,7260.9,7200.8,7212.3,633.96453159,1910
1577275200,7212.3,7271.8,7116.1,7192.1,2726.69226572,5669
1577318400,7193.0,7229.1,7167.5,7178.8,665.3155531,2053
1577361600,7178.8,7428.9,7150.0,7195.5,3001.7154543701,8215
1577404800,7196.4,7224.9,6934.8,7107.3,1871.02877292,5107
1577448000,7104.9,7255.0,7063.4,7246.4,2056.36531798,5657
1577491200,7246.6,7350.0,7234.9,7292.5,1132.6795823,3541
1577534400,7293.1,7344.2,7265.0,7300.1,1389.47843395,3350
1577577600,7300.6,7361.2,7280.0,7323.0,654.89770272,2184
1577620800,7322.9,7531.4,7311.0,7391.0,2363.95484827,7073
1577664000,7383.4,7383.4,7277.8,7302.2,1055.43001693,3085
1577707200,7302.2,7320.7,7200.0,7209.7,2681.90574259,5401
1577750400,7216.4,7242.4,7180.0,7226.1,695.44249638,2317
1577793600,7226.1,7301.1,7110.0,7168.3,1956.6925924,5417
1577836800,7168.3,7223.5,7150.0,7180.0,998.99453289,2483
1577880000,7178.9,7235.0,7160.0,7174.4,828.64036084,3128
1577923200,7174.4,7185.8,7071.4,7120.0,1090.50905849,3221
1577966400,7120.0,7138.1,6915.0,6942.3,2966.82248713,7163
1578009600,6943.4,7362.9,6860.0,7325.5,4619.79387805,19293
1578052800,7325.5,7397.3,7230.5,7334.8,3500.6975266699,12952
1578096000,7333.2,7359.9,7280.0,7320.2,737.19515508,3944
1578139200,7320.2,7396.4,7260.0,7350.2,2175.17797547,5165
1578182400,7350.2,7493.3,7350.1,7420.8,1832.38671583,5272
1578225600,7420.7,7479.5,7301.1,7346.9,1071.70677817,3627
1578268800,7347.2,7576.8,7339.2,7536.1,2311.59578009,6663
1578312000,7536.0,7800.0,7486.9,7757.3,3682.47916451,10075
1578355200,7760.0,7994.0,7760.0,7895.1,3496.62045575,9700
1578398400,7893.9,8252.5,7727.1,8160.0,6894.1357439702,18360
1578441600,8160.3,8464.3,8150.1,8340.0,5234.7160521301,13380
1578484800,8339.8,8429.5,7875.0,8043.3,7028.7125032703,17542
1578528000,8043.3,8043.7,7840.1,7873.7,1976.63927482,6495
1578571200,7873.7,8000.0,7749.9,7818.0,4151.0001226701,11943
1578614400,7818.1,7849.1,7666.3,7832.5,2274.56070261,6549
1578657600,7829.1,8191.9,7810.1,8191.9,5757.5744222102,14700
1578700800,8191.9,8272.8,8012.0,8040.1,1939.95622081,5644
1578744000,8029.6,8319.5,7999.3,8026.2,2866.82147478,7616
1578787200,8023.3,8155.0,7951.2,8106.0,1229.88834272,3285
1578830400,8106.0,8185.0,8072.3,8177.3,1100.17920442,3678
1578873600,8177.3,8188.8,8050.0,8071.0,1076.91614923,3212
1578916800,8069.9,8157.4,8036.8,8104.0,1637.97210229,4186
1578960000,8104.1,8628.1,8104.1,8515.0,6004.4504629202,14260
1579003200,8517.3,8892.0,8470.0,8815.5,9532.8908996405,22443
1579046400,8815.5,8900.0,8560.0,8710.9,3958.66438889,12903
1579089600,8715.0,8897.0,8655.0,8810.3,4073.11260069,11941
1579132800,8808.4,8846.2,8579.4,8704.0,2492.69599432,8030
1579176000,8703.9,8769.9,8600.9,8717.8,2468.11772857,7431
1579219200,8717.9,9004.0,8657.7,8895.0,4526.8809004101,9943
1579262400,8894.6,8950.0,8754.3,8901.5,3621.8254920601,11444
1579305600,8898.5,8975.0,8810.0,8858.9,1929.72983628,5006
1579348800,8860.0,8950.0,8840.0,8907.7,1985.57422781,5014
1579392000,8905.3,9185.0,8470.0,8668.0,5650.4027476402,13830
1579435200,8667.4,8751.6,8480.0,8705.8,2881.89992926,8464
1579478400,8705.8,8726.0,8582.8,8602.3,1125.71186889,3206
1579521600,8603.6,8731.9,8510.0,8629.4,2653.78049291,7183
1579564800,8628.7,8675.0,8583.3,8639.9,702.85909375,2783
1579608000,8639.7,8782.2,8333.0,8723.3,3818.65997858,9202
1579651200,8723.3,8795.0,8605.0,8637.8,1414.93192685,3522
1579694400,8638.8,8685.0,8565.4,8659.0,1682.98064233,6608
1579737600,8658.9,8662.1,8382.0,8391.7,2730.72188495,6551
1579780800,8391.6,8445.0,8281.0,8390.1,3134.97814662,8053
1579824000,8390.1,8400.0,8215.2,8389.2,2233.85419267,5903
1579867200,8387.7,8505.5,8352.5,8426.8,2349.00611644,6977
1579910400,8426.8,8427.8,8253.3,8298.0,1626.35265311,4095
1579953600,8295.6,8400.0,8275.0,8325.0,886.65747672,2961
1579996800,8325.1,8460.0,8285.0,8454.9,1476.7624275,3288
1580040000,8454.9,8601.9,8415.5,8592.7,2039.90438186,6742
1580083200,8599.3,8736.7,8565.0,8711.7,2180.21723065,5546
1580126400,8714.3,8979.0,8683.6,8891.8,4106.99992043,11031
1580169600,8891.8,9148.1,8891.8,9063.6,2915.52942479,10110
1580212800,9065.7,9420.7,8873.9,9399.9,5115.3113616201,14847
1580256000,9395.0,9430.0,9222.6,9277.0,3044.49753757,8720
1580299200,9289.5,9438.3,9240.1,9280.9,2554.14851486,6752
1580342400,9281.2,9380.0,9180.0,9320.7,2026.31977549,5619
1580385600,9320.7,9568.1,9060.0,9500.0,5989.9655731501,14604
1580428800,9500.5,9520.0,9255.4,9310.0,2206.81440478,6730
1580472000,9309.8,9412.0,9200.0,9339.3,2662.64835328,7404
1580515200,9337.1,9453.9,9324.2,9343.6,826.1630868,3220
1580558400,9343.7,9405.0,9283.5,9377.1,854.36265539,3061
1580601600,9377.0,9444.0,9150.0,9424.0,1814.95531779,5352
1580644800,9429.5,9473.1,9308.8,9322.2,1454.43436599,5127
1580688000,9322.2,9610.0,9235.0,9331.2,3221.19902576,7799
1580731200,9332.2,9353.9,9225.0,9281.0,1774.14927315,5799
1580774400,9280.8,9348.7,9089.0,9170.2,1912.0892193,6106
1580817600,9168.6,9215.0,9078.8,9159.3,1897.64212025,6230
1580860800,9159.3,9413.6,9150.2,9405.0,1692.99721606,6096
1580904000,9405.1,9765.0,9397.0,9616.2,5221.0562594802,15055
1580947200,9612.8,9690.0,9520.0,9684.0,1868.16768405,5488
1580990400,9684.0,9853.0,9617.1,9754.7,4019.8706718,10263
1581033600,9754.7,9883.6,9732.0,9795.0,1835.69748183,6162
1581076800,9795.0,9825.0,9715.0,9799.6,1851.3106459,5468
1581120000,9799.6,9840.0,9658.0,9817.2,1531.84272856,4395
1581163200,9817.0,9942.0,9765.0,9904.3,1948.07640736,5624
1581206400,9901.6,10180.0,9887.4,10102.3,3069.04064933,9236
1581249600,10102.4,10162.0,10020.0,10160.1,1755.24403558,5659
1581292800,10159.1,10200.0,9760.0,9798.0,3632.32682094,10413
1581336000,9797.9,9924.1,9765.0,9850.1,2108.2107009,6790
1581379200,9850.1,9858.3,9707.0,9805.1,1925.52304815,5951
1581422400,9805.1,10409.2,9792.0,10273.2,5573.2648717102,17112
1581465600,10271.6,10486.9,10218.0,10366.8,3749.59289959,9554
1581508800,10364.4,10444.4,10275.6,10354.6,3027.34466015,9097
1581552000,10352.6,10516.6,10060.3,10141.6,4195.75327977,12406
1581595200,10141.4,10500.0,10081.7,10241.6,3111.55733591,10910
1581638400,10241.6,10302.2,10097.4,10256.5,1708.77080513,6206
1581681600,10266.0,10390.0,10197.8,10370.8,1858.9799301601,8253
1581724800,10369.5,10400.0,10204.3,10230.5,876.07335643,3538
1581768000,10230.4,10254.8,9766.9,9904.6,2750.8899834701,14244
1581811200,9904.5,10046.8,9861.0,9923.9,1005.26817802,3969
1581854400,9923.9,9997.2,9632.0,9923.9,2233.90169384,9661
1581897600,9921.1,9961.5,9577.9,9634.8,1929.56028356,6938
1581940800,9634.1,9733.4,9476.4,9702.1,2829.69737306,9309
1581984000,9702.2,9824.8,9636.8,9730.8,1013.64618321,4419
1582027200,9723.0,10281.0,9615.0,10180.0,3932.98384448,13124
1582070400,10180.3,10233.9,10039.6,10233.9,1469.32144715,4426
1582113600,10227.7,10300.0,9346.0,9602.2,5302.4319237101,16792
1582156800,9602.0,9648.0,9490.1,9577.2,1535.76715852,5293
1582200000,9585.9,9704.9,9350.0,9610.7,2618.30571019,9392
1582243200,9608.5,9745.0,9575.5,9717.5,1147.30417421,4289
1582286400,9710.2,9771.4,9562.8,9698.2,1631.56261704,6073
1582329600,9696.8,9717.6,9575.0,9650.0,438.74602312,2296
1582372800,9649.1,9710.7,9620.5,9671.5,589.25518164,2523
1582416000,9670.0,10022.0,9666.0,9859.3,1394.18601464,6106
1582459200,9860.5,10003.4,9847.3,9966.1,1068.24021164,3773
1582502400,9967.5,10022.8,9601.0,9822.1,2140.31444114,7064
1582545600,9814.0,9843.7,9485.0,9664.6,2094.55615179,7374
1582588800,9661.8,9671.6,9500.0,9639.1,1103.89795943,3956
1582632000,9636.9,9677.4,9244.0,9309.5,3269.99951174,10128
1582675200,9307.7,9365.6,9087.0,9147.7,2856.21741128,9058
1582718400,9147.8,9285.5,8645.0,8783.5,5562.9673123601,18129
1582761600,8783.3,8850.0,8516.3,8800.0,2180.25224694,8476
1582804800,8799.8,8968.0,8673.7,8810.3,2691.21918821,8779
1582848000,8814.5,8895.0,8543.9,8575.1,1831.50427246,6108
1582891200,8575.2,8814.7,8439.3,8715.5,3625.22032678,11217
1582934400,8706.8,8795.0,8625.0,8710.3,881.385569,3235
1582977600,8710.3,8711.7,8526.6,8529.1,1360.58035506,4496
1583020800,8526.1,8665.0,8510.2,8648.0,1155.93087225,3287
1583064000,8648.0,8750.0,8405.0,8530.0,1978.11701731,5954
1583107200,8518.8,8771.1,8486.9,8756.5,1753.5471478,4490
1583150400,8757.0,8965.0,8715.6,8924.7,3005.01791921,7901
1583193600,8918.4,8924.1,8742.0,8880.0,1284.07759195,4495
1583236800,8880.0,8914.4,8662.5,8752.8,2608.7505726,7981
1583280000,8756.6,8844.0,8702.3,8720.6,1397.72601562,4428
1583323200,8720.5,8789.1,8670.4,8758.7,1742.55432458,6494
1583366400,8758.4,9123.0,8758.4,9113.9,2468.55929314,8904
1583409600,9114.9,9170.0,9030.1,9066.0,2293.87361681,7179
1583452800,9065.8,9175.0,9001.9,9139.3,1660.93381276,5231
1583496000,9137.2,9155.0,9025.0,9154.9,2003.50569728,5440
1583539200,9154.8,9172.3,9070.0,9114.8,713.49926327,2632
1583582400,9112.4,9213.0,8856.0,8899.5,2272.07318289,7305
1583625600,8891.1,8891.1,8688.3,8746.9,1422.94557231,5470
1583668800,8753.3,8753.3,8003.1,8035.6,5766.0357783703,17401
1583712000,8039.8,8185.0,7690.0,7811.7,4785.3244613901,13765
1583755200,7813.0,7939.9,7634.3,7927.8,5187.2702900302,15751
1583798400,7929.1,8118.0,7845.0,8071.0,2447.73804869,6970
1583841600,8069.5,8153.5,7735.0,7886.9,4873.4951598201,13338
1583884800,7889.6,7968.2,7762.4,7828.6,2021.66423718,5841
1583928000,7832.3,7986.1,7589.0,7943.3,4657.6114599701,12432
1583971200,7961.3,7967.3,5632.3,6016.1,16790.6961975513,53723
1584014400,6016.1,6258.4,4672.3,4850.0,23010.0188547194,74571
1584057600,4850.0,5945.7,3913.1,5460.0,26609.0881726085,98946
1584100800,5460.0,5999.0,4853.0,5630.2,18501.7852524807,64382
1584144000,5630.2,5664.9,5209.0,5504.8,5536.0815636801,14954
1584187200,5493.0,5522.0,5057.0,5162.2,5837.5078262402,14916
1584230400,5163.1,5475.0,5092.6,5433.0,4134.29925081,12299
1584273600,5432.7,6002.2,5174.0,5340.1,10838.1431664805,27329
1584316800,5339.7,5345.8,4331.7,4571.7,10927.4931586105,29024
1584360000,4571.8,5200.0,4479.6,5042.3,14290.1759810511,36766
1584403200,5044.0,5476.7,4942.0,5283.7,7236.0241146301,18612
1584446400,5287.1,5565.1,5062.9,5331.7,10276.0143237003,20106
1584489600,5334.3,5450.0,5015.9,5164.5,5439.9435550402,11399
1584532800,5148.8,5445.0,5028.0,5415.2,11949.8274429906,22148
1584576000,5419.3,5684.6,5270.1,5650.3,6920.7404544902,14349
1584619200,5652.6,6433.6,5639.1,6184.5,14751.8274865222,39603
1584662400,6185.3,7020.0,6058.3,6687.0,8314.8194505506,25007
1584705600,6685.4,6730.0,5680.0,6206.8,14437.9407574812,41177
1584748800,6207.0,6376.1,5850.0,6115.0,4676.1385075002,13745
1584792000,6120.3,6469.9,6055.0,6196.3,6412.4707627302,17702
1584835200,6196.3,6419.9,6116.1,6161.0,2744.36481465,9155
1584878400,6160.9,6160.9,5748.7,5825.5,9089.8751636302,23834
1584921600,5820.6,6000.0,5688.1,5860.6,4503.4363358202,11751
1584964800,5865.6,6615.0,5865.6,6505.1,11987.1485820508,31764
1585008000,6498.4,6875.0,6404.0,6765.0,8012.0952368602,20354
1585051200,6766.3,6809.0,6500.8,6769.0,7175.7921370301,19798
1585094400,6766.8,6985.0,6462.5,6531.7,6332.1185555701,16954
1585137600,6537.1,6853.7,6522.0,6689.9,5821.9969561901,14329
1585180800,6690.0,6796.2,6578.0,6620.0,2702.24348998,8112
1585224000,6620.0,6789.4,6524.8,6767.0,4304.8811015601,12072
1585267200,6764.2,6869.0,6616.4,6635.3,5347.4038911501,12572
1585310400,6635.0,6710.0,6280.0,6376.4,4616.6600154601,12528
1585353600,6376.3,6376.4,6069.5,6244.3,5204.6088835901,13920
1585396800,6244.3,6313.1,6039.0,6251.8,3843.1682538501,10452
1585440000,6252.6,6281.1,6083.2,6138.7,2094.65216322,5137
1585483200,6137.9,6163.5,5866.3,5875.0,4356.8285792701,13711
1585526400,5875.0,6450.0,5851.0,6373.7,5260.8890316302,13295
1585569600,6373.5,6640.0,6280.1,6403.2,5763.1624360101,15689
1585612800,6403.8,6525.0,6363.1,6396.9,3309.9128518401,8078
1585656000,6398.8,6518.9,6336.0,6422.1,2863.4730460801,8681
1585699200,6422.2,6437.2,6255.1,6297.5,3135.5240102801,7958
1585742400,6297.8,6710.0,6157.4,6662.9,8163.2285880602,19400
1585785600,6662.9,6767.4,6576.4,6702.4,4038.0867921,10124
1585828800,6702.3,7269.0,6632.6,6803.8,14306.3683430206,32972
1585872000,6800.5,7053.3,6729.4,7017.0,4245.30344875,10091
1585915200,7016.3,7018.7,6610.0,6738.6,6894.4952660602,15241
1585958400,6738.6,6933.8,6654.5,6712.8,2595.64371868,7061
1586001600,6707.2,7002.0,6676.7,6873.2,3564.71886146,9936
1586044800,6873.0,6910.1,6747.7,6785.1,1645.08896272,5888
1586088000,6779.5,6839.7,6681.8,6779.4,2197.14468026,7384
1586131200,6778.7,7163.0,6774.2,7109.6,5447.6425695501,13304
1586174400,7108.0,7370.0,7056.5,7343.5,6604.4319818301,17780
1586217600,7342.3,7459.9,7235.1,7392.8,4557.8614891201,12636
1586260800,7392.8,7474.9,7080.0,7206.2,6401.3796032101,17380
1586304000,7204.7,7425.7,7157.0,7300.3,3572.95962967,11356
1586347200,7299.4,7395.0,7190.1,7368.0,3940.71405349,10827
1586390400,7366.3,7378.1,7091.9,7191.4,3246.5586828,8008
1586433600,7190.6,7363.0,7110.1,7294.1,3925.90841438,10808
1586476800,7294.1,7304.5,6861.1,6912.3,6379.53525714,15552
1586520000,6904.8,6960.0,6750.0,6873.8,4564.71455675,13682
1586563200,6873.7,6960.0,6843.0,6889.1,2274.71051015,6936
1586606400,6889.1,6897.6,6771.4,6889.6,2022.39994154,7294
1586649600,6886.8,6915.9,6795.0,6862.8,1186.7816092,5168
1586692800,6861.9,7216.5,6861.9,6903.7,6226.7370770401,15596
1586736000,6903.7,6903.9,6560.0,6794.5,4897.9820759,13926
1586779200,6793.0,6902.6,6618.9,6861.6,5311.6540816801,13272
1586822400,6862.1,6934.0,6772.7,6843.0,2608.04449065,7386
1586865600,6844.4,6985.0,6821.7,6874.5,3289.60615744,9892
1586908800,6874.6,6938.8,6751.9,6781.6,2080.34917072,6802
1586952000,6782.0,6782.0,6601.0,6619.8,4295.94345619,11533
1586995200,6618.1,7140.3,6478.6,7025.0,8128.9986845802,20276
1587038400,7028.8,7212.2,6945.0,7114.9,6252.3929858701,15954
1587081600,7112.4,7150.0,7025.5,7090.0,2473.33720311,8101
1587124800,7090.0,7157.8,6989.7,7034.1,3255.47386252,8167
1587168000,7034.5,7133.9,7025.4,7115.5,1280.36459884,3159
1587211200,7113.3,7300.0,7086.1,7259.0,3506.83313291,9752
1587254400,7258.9,7276.1,7110.0,7167.0,1339.80097592,4002
1587297600,7164.1,7221.9,7066.2,7127.6,2129.46663796,6018
1587340800,7125.8,7224.0,6961.0,6968.9,1848.37196585,6452
1587384000,6968.8,7107.4,6760.2,6839.2,5560.5189040201,14164
1587427200,6838.2,6920.0,6773.1,6805.0,1680.49593333,5258
1587470400,6804.0,6952.6,6791.3,6852.1,2957.88302832,8012
1587513600,6855.0,6985.0,6819.8,6966.5,1943.06451538,4460
1587556800,6967.7,7165.0,6941.3,7136.9,3990.8054900701,9683
1587600000,7136.8,7189.0,7035.2,7137.0,2023.57872736,5529
1587643200,7137.9,7790.0,7125.9,7485.0,9389.8828951604,24073
1587686400,7489.8,7610.0,7467.2,7492.6,3857.23018027,7726
1587729600,7492.5,7560.0,7370.0,7507.8,3560.0951198,8351
1587772800,7509.4,7617.4,7442.2,7543.9,2065.90101278,4928
1587816000,7540.1,7731.8,7501.2,7550.1,3539.58958376,7844
1587859200,7550.0,7680.0,7530.0,7664.9,1415.42939013,3679
1587902400,7664.9,7710.0,7480.0,7703.9,3103.06083676,7954
1587945600,7706.6,7795.0,7629.7,7726.9,3650.96487817,8226
1587988800,7731.6,7795.0,7633.9,7792.4,2707.93933287,7707
1588032000,7792.4,7794.9,7671.7,7741.6,1802.66358775,4219
1588075200,7741.2,7777.0,7671.1,7755.8,2434.14207648,5773
1588118400,7753.0,8197.8,7727.6,8139.2,6040.8890622101,15673
1588161600,8139.2,8978.0,8139.2,8779.9,14430.1628447102,38528
1588204800,8779.9,9487.9,8528.4,8856.2,14643.3087959305,37297
1588248000,8856.3,8920.2,8410.0,8629.6,9342.0811297602,23998
1588291200,8628.3,9065.0,8628.3,9004.7,3721.1462062,10990
1588334400,9006.4,9030.5,8653.0,8824.6,4787.2977495901,13981
1588377600,8831.0,8917.0,8756.4,8854.9,1965.27402557,5768
1588420800,8850.0,9016.2,8805.6,8983.1,3794.0126881801,13893
1588464000,8983.2,9204.8,8900.0,9052.6,4118.47638641,13605
1588507200,9052.5,9075.8,8714.0,8905.5,4261.14338669,12407
1588550400,8910.9,8945.0,8534.0,8685.6,3962.3189437501,12953
1588593600,8686.9,8972.5,8660.4,8886.3,4278.5553757601,14694
1588636800,8890.7,9119.9,8780.0,8859.9,4044.55969071,12609
1588680000,8859.6,9044.7,8827.9,9027.4,3376.92511517,9123
1588723200,9027.4,9368.8,8921.0,9337.2,4475.2756254701,13322
1588766400,9334.8,9430.0,9078.7,9166.1,6886.7375078802,17972
1588809600,9163.1,9381.9,9037.0,9289.6,3638.19767289,10013
1588852800,9293.7,10080.2,9275.0,10001.0,14568.5830693908,38899
1588896000,10001.4,10048.2,9727.5,9911.0,4751.04576259,15341
1588939200,9911.8,10026.0,9789.0,9809.5,5032.4436196801,16505
1588982400,9808.4,9911.7,9529.2,9631.1,4450.04909153,12303
1589025600,9631.0,9794.2,9518.0,9539.7,3554.03336171,10843
1589068800,9530.5,9570.1,7995.6,8740.4,14123.1026629506,48367
1589112000,8740.7,8835.0,8265.0,8716.5,7146.5547297402,20898
1589155200,8724.9,8995.0,8475.0,8924.0,4332.23825033,11968
1589198400,8924.8,9175.0,8190.0,8570.8,13959.5894384804,37365
1589241600,8570.8,8843.0,8531.8,8808.2,3080.16169931,8143
1589284800,8808.2,8975.0,8665.5,8823.7,4273.9417126301,14170
1589328000,8818.1,9052.1,8808.1,9042.7,2873.3263598,8549
1589371200,9042.7,9411.0,8998.6,9317.1,6598.7845178101,19377
1589414400,9317.1,9947.0,9256.9,9682.3,6639.3827183001,20202
1589457600,9688.0,9875.0,9522.0,9788.5,6326.6378157701,17785
1589500800,9788.5,9847.1,9225.0,9584.7,5656.2592492101,17299
1589544000,9582.7,9615.0,9128.0,9312.1,5426.65633712,17921
1589587200,9310.5,9590.0,9221.1,9405.1,2698.48493243,9605
1589630400,9405.1,9525.0,9262.7,9386.0,2206.68034835,8285
1589673600,9379.3,9575.7,9317.1,9525.0,1577.6538749,5669
1589716800,9525.0,9888.0,9525.0,9673.0,5420.5957630501,16598
1589760000,9675.6,9948.3,9400.0,9635.6,5178.98382255,15873
1589803200,9632.0,9748.8,9546.6,9725.3,2846.36381179,10655
1589846400,9726.0,9900.0,9465.0,9727.3,4389.06139339,12678
1589889600,9748.2,9795.0,9562.2,9779.3,4044.82113597,11953
1589932800,9779.2,9841.4,9650.0,9715.5,2248.53480671,7362
1589976000,9715.6,9798.6,9310.0,9510.1,6679.8121932002,18858
1590019200,9510.1,9564.0,9221.0,9372.1,3171.5925654,9965
1590062400,9374.0,9380.0,8800.0,9057.3,9679.1927669203,28651
1590105600,9057.5,9191.2,8925.0,9167.0,3223.27877947,11758
1590148800,9169.8,9261.2,9081.6,9169.0,2724.94968501,10897
1590192000,9169.9,9316.0,9072.5,9179.5,1902.11354951,7844
1590235200,9172.0,9245.0,9089.4,9178.6,1321.6928973,6091
1590278400,9175.4,9300.0,9085.4,9111.9,1253.9383192,5388
1590321600,9113.6,9175.5,8645.0,8715.1,5552.7506797801,17708
1590364800,8712.8,8884.2,8644.0,8748.2,3500.41083241,10508
1590408000,8750.0,8975.0,8732.5,8898.1,2518.84906642,9165
1590451200,8898.0,9012.0,8827.0,8870.0,1812.844109,5760
1590494400,8866.7,8907.5,8686.6,8841.7,3423.82145694,11142
1590537600,8840.7,9175.0,8810.6,9149.8,3191.46616248,9779
1590580800,9155.3,9226.0,9017.6,9213.9,3642.58374198,12420
1590624000,9208.0,9285.0,9109.4,9261.5,2425.2608136,8175
1590667200,9265.1,9625.0,9255.7,9577.9,5683.0967761001,16411
1590710400,9578.0,9608.6,9335.0,9397.3,3560.03224719,9322
1590753600,9399.7,9470.0,9312.0,9425.0,2442.53709324,8193
1590796800,9424.9,9596.8,9330.0,9542.7,2188.92169041,9379
1590840000,9550.6,9745.0,9389.1,9698.6,2882.84328526,9549
1590883200,9699.9,9700.0,9503.0,9592.8,1591.57814763,5534
1590926400,9592.8,9636.0,9380.0,9447.4,2051.85782258,6678
1590969600,9447.9,9606.1,9414.6,9515.0,1661.79175326,4818
1591012800,9515.0,10370.0,9494.6,10206.2,8205.1594050901,25554
1591056000,10210.1,10235.0,10050.0,10095.6,4699.9015481601,12838
1591099200,10098.1,10212.3,9300.0,9525.4,10264.0560816606,26929
1591142400,9516.0,9624.4,9310.9,9618.6,2293.86300405,6658
1591185600,9620.0,9690.0,9505.0,9664.1,2089.53230604,7386
1591228800,9670.0,9688.8,9465.0,9623.5,2627.49387723,6916
1591272000,9623.6,9884.7,9607.0,9791.4,4190.83426546,11736
1591315200,9792.1,9855.0,9537.9,9690.0,2859.3460337,8062
1591358400,9694.2,9750.0,9614.8,9617.7,2261.66065446,7793
1591401600,9617.6,9695.0,9527.4,9683.3,1490.54234169,4905
1591444800,9688.2,9731.2,9590.0,9672.0,1190.61079139,5208
1591488000,9668.7,9714.6,9561.0,9572.0,767.58012126,3492
1591531200,9571.5,9812.4,9386.6,9757.7,4102.0365548301,12228
1591574400,9755.7,9800.0,9626.8,9746.2,1379.70927075,4946
1591617600,9746.3,9800.0,9661.1,9780.9,2191.49056908,7225
1591660800,9782.0,9900.4,9560.3,9729.7,3222.58869672,8281
1591704000,9728.5,9845.0,9677.6,9778.0,2683.02522996,9018
1591747200,9778.0,9815.0,9701.0,9731.4,1515.34684827,3993
1591790400,9731.9,10000.0,9680.0,9892.4,4326.27692719,12689
1591833600,9892.2,9990.0,9740.1,9780.7,2699.74653421,6942
1591876800,9780.7,9787.4,9090.5,9265.8,9548.2181845606,25901
1591920000,9265.8,9505.9,9234.0,9499.2,2036.19102794,9267
1591963200,9499.2,9545.0,9306.1,9460.0,2717.25057606,9208
1592006400,9459.9,9471.0,9358.8,9404.3,819.7563809,3584
1592049600,9405.4,9492.8,9353.8,9471.0,1091.05790151,4298
1592092800,9472.9,9475.0,9375.0,9423.5,463.55509216,2450
1592136000,9424.4,9431.6,9230.6,9330.4,2216.83170963,6897
1592179200,9328.4,9359.8,8905.0,9101.4,5063.5623932701,15953
1592222400,9106.3,9499.9,9036.1,9425.3,4760.3318896701,15613
1592265600,9425.3,9593.0,9385.0,9508.0,2796.36064714,9321
1592308800,9510.8,9587.6,9401.1,9528.5,2767.01983532,10224
1592352000,9527.5,9534.6,9412.3,9471.2,1439.79289046,5979
1592395200,9472.0,9556.8,9233.4,9453.1,3954.07615579,13170
1592438400,9453.1,9480.0,9380.0,9421.9,1107.41031607,5450
1592481600,9422.0,9432.5,9268.2,9381.5,2545.48660221,10341
1592524800,9381.5,9439.7,9219.9,9371.5,2061.27857954,8563
1592568000,9371.5,9422.3,9253.0,9302.1,2444.8472817,8754
1592611200,9301.2,9369.0,9165.0,9322.9,926.14592802,4143
1592654400,9324.0,9394.9,9223.8,9355.6,1201.58453015,4869
1592697600,9357.0,9416.9,9333.0,9351.1,1068.17682105,2994
1592740800,9348.6,9385.9,9280.0,9284.7,946.02299397,3341
1592784000,9284.7,9472.4,9275.0,9453.6,1443.91702774,4623
1592827200,9455.2,9780.0,9450.4,9694.0,3793.89641563,12189
1592870400,9694.0,9721.3,9575.8,9635.7,2100.74973578,4988
1592913600,9631.8,9696.4,9591.2,9622.3,1527.43751885,5989
1592956800,9625.5,9661.7,9300.0,9316.0,2665.72730846,8766
1593000000,9315.1,9413.1,9200.0,9282.0,3271.65525906,11389
1593043200,9290.6,9325.0,8992.4,9253.1,4365.34528007,10666
1593086400,9253.0,9337.5,9160.0,9233.5,1879.05520563,6736
1593129600,9238.0,9285.0,9078.6,9167.8,2772.43492477,6926
1593172800,9167.8,9224.7,9028.6,9150.3,2525.28936163,7638
1593216000,9153.0,9183.3,9098.6,9154.6,774.68116021,3097
1593259200,9154.6,9171.8,8812.8,9002.0,3475.14831978,10870
1593302400,9003.9,9074.7,8937.5,9042.3,930.64895007,3733
1593345600,9042.3,9189.3,9021.9,9113.7,1631.90028593,5430
1593388800,9113.8,9137.0,9055.6,9084.8,966.63009789,3602
1593432000,9084.9,9230.0,9013.0,9183.5,3200.44493436,7650
1593475200,9186.4,9199.0,9111.4,9143.7,1017.82680148,3237
1593518400,9143.7,9188.0,9061.3,9133.9,1668.02510445,4974
1593561600,9135.0,9189.1,9094.2,9157.2,1201.82244627,3787
1593604800,9157.4,9300.3,9134.9,9234.5,2325.02403938,8136
1593648000,9233.9,9269.2,9175.0,9196.8,950.99880104,3550
1593691200,9196.7,9255.0,8935.6,9086.0,3596.79218436,10220
1593734400,9086.0,9123.1,9051.7,9097.5,503.14234833,2586
1593777600,9097.2,9122.0,9041.4,9058.0,1150.31103748,4654
1593820800,9058.1,9092.5,9044.9,9064.1,446.83464523,2028
1593864000,9064.0,9194.79999,9050.0,9138.5,1077.77651385,4122
1593907200,9138.5,9143.5,8984.9,9035.5,922.813205,2877
1593950400,9044.1,9091.4,8915.1,9083.8,1012.03465804,4105
1593993600,9083.8,9246.5,9065.2,9229.79999,1259.31156176,4492
1594036800,9229.0,9372.0,9200.9,9348.2,3451.6829976,9851
1594080000,9347.1,9378.0,9225.1,9275.0,2206.46403949,5353
1594123200,9275.1,9289.0,9204.1,9256.79999,1383.10986925,5768
1594166400,9258.4,9320.0,9237.6,9313.1,1228.51894094,5512
1594209600,9311.4,9480.0,9290.0,9440.1,3079.31875417,10791
1594252800,9440.0,9440.1,9353.1,9399.0,1099.27072969,4223
1594296000,9399.1,9436.4,9155.2,9240.2,2678.19474891,10196
1594339200,9236.0,9236.0,9125.0,9165.0,1378.6834185,5114
1594382400,9165.0,9314.9,9164.0,9286.0,1290.62788779,5855
1594425600,9286.1,9296.7,9186.4,9205.0,562.38997391,2939
1594468800,9205.1,9254.5,9194.7,9234.6,582.69070183,2769
1594512000,9234.5,9290.4,9232.5,9248.1,357.47742047,1859
1594555200,9248.1,9340.0,9161.5,9300.0,1322.9895338,4383
1594598400,9300.0,9324.0,9236.4,9308.6,899.5366371,3652
1594641600,9310.1,9367.7,9195.7,9236.2,1952.04947387,6940
1594684800,9237.2,9237.2,9095.0,9228.5,1626.79764796,5426
1594728000,9228.29999,9275.0,9186.6,9252.2,1458.87731676,6189
1594771200,9253.9,9272.7,9187.0,9215.1,871.3363671,3292
1594814400,9215.0,9245.0,9155.1,9195.0,2436.55548231,7697
1594857600,9194.9,9208.8,9021.7,9068.8,1710.32170308,6114
1594900800,9069.2,9153.2,9067.2,9130.9,2198.56719047,7275
1594944000,9131.0,9136.7,9078.5,9129.5,1023.59533165,3310
1594987200,9129.5,9182.1,9129.5,9152.2,1148.1844973,4659
1595030400,9152.2,9208.9,9123.0,9163.1,549.91755117,2643
1595073600,9163.2,9204.0,9156.0,9174.1,503.55389932,2562
1595116800,9173.7,9183.7,9111.1,9130.1,361.45189447,1819
1595160000,9130.1,9238.2,9117.79999,9213.7,993.91354442,3928
1595203200,9216.1,9224.6,9131.5,9151.5,847.33178864,2858
1595246400,9148.1,9208.0,9142.3,9163.0,1187.38732065,4583
1595289600,9163.0,9387.0,9157.29999,9346.6,1770.23708612,6160
1595332800,9346.7,9436.0,9322.7,9393.79999,2254.31964988,7565
1595376000,9393.9,9400.7,9281.8,9352.5,879.03469703,3431
1595419200,9352.4,9569.0,9324.2,9529.9,2261.38797641,8636
1595462400,9529.8,9565.4,9487.1,9516.2,1918.48106534,6225
1595505600,9516.2,9676.0,9460.0,9612.0,2646.89822962,8861
1595548800,9612.0,9620.0,9480.0,9539.29999,1626.72715935,5476
1595592000,9539.29999,9649.0,9513.9,9553.6,1718.95477885,6645
1595635200,9553.6,9630.0,9540.9,9588.1,765.4276178,3093
1595678400,9587.2,9748.1,9573.7,9710.2,1646.64643971,6506
1595721600,9712.1,10197.0,9666.7,9973.7,3464.79188613,10755
1595764800,9973.9,10000.1,9821.6,9939.6,1761.55246863,6937
1595808000,9939.6,10347.0,9937.1,10268.2,4480.4329202901,14052
1595851200,10268.2,11420.0,10237.4,11046.1,11839.0253719203,37049
1595894400,11051.0,11263.1,10588.0,10992.7,4820.3758778101,16251
1595937600,10991.4,11198.7,10865.0,10934.0,3670.86718032,15340
1595980800,10934.0,11150.9,10852.2,11100.3,2077.83734651,7223
1596024000,11095.1,11348.0,11000.0,11108.2,4182.13485328,14467
1596067200,11111.1,11128.0,10898.7,10927.3,2268.4754676,7075
1596110400,10927.4,11187.2,10828.8,11114.8,2792.10622565,10235
1596153600,11114.8,11229.8,10980.0,11219.4,1589.29424774,5576
1596196800,11219.4,11460.0,11131.4,11356.2,3802.81675508,12762
1596240000,11356.1,11760.1,11239.4,11663.2,3242.53444794,11646
1596283200,11664.6,11883.4,11478.0,11809.9,3693.8713299201,14868
1596326400,11811.0,12126.6,10590.0,11105.3,7216.4119639601,26468
1596369600,11105.2,11283.9,10972.8,11067.1,1888.33103398,8298
1596412800,11072.1,11248.2,10827.9,11236.0,1223.74621612,5082
1596456000,11236.1,11484.2,11158.1,11237.3,3510.7004289,11538
1596499200,11237.1,11419.0,11060.0,11128.5,1803.49131671,6893
1596542400,11126.6,11275.0,11028.5,11197.5,1610.66093948,7142
1596585600,11200.0,11450.0,11099.2,11441.6,1443.64261538,5688
1596628800,11445.0,11791.4,11111.1,11746.0,3787.5994285,14816
1596672000,11746.0,11805.0,11579.3,11700.4,1475.67490784,6575
1596715200,11700.5,11912.2,11645.6,11771.5,2944.40834815,11830
1596758400,11771.5,11918.7,11701.0,11762.5,1485.49052583,6196
1596801600,11764.5,11776.9,11350.0,11603.5,3779.95578944,14938
1596844800,11603.5,11812.5,11540.0,11779.9,1059.18702236,4990
1596888000,11780.0,11813.8,11621.2,11768.0,1159.91779924,6985
1596931200,11768.0,11804.9,11621.5,11694.1,621.87847306,4135
1596974400,11693.8,11700.0,11532.5,11687.5,996.83329257,6154
1597017600,11689.7,12082.9,11535.5,11745.2,4520.82591396,16191
1597060800,11745.2,11977.0,11722.0,11898.7,2409.1316797,9958
1597104000,11898.7,11939.0,11660.0,11755.0,1536.94814424,7292
1597147200,11756.4,11756.4,11133.0,11391.7,5729.7366489402,21185
1597190400,11391.6,11534.0,11163.0,11466.9,1969.03043101,7701
1597233600,11468.1,11620.0,11438.3,11576.6,2080.40291981,9117
1597276800,11576.7,11663.8,11269.0,11550.6,1598.95244488,7939
1597320000,11550.6,11799.0,11400.0,11794.6,2698.07956559,12697
1597363200,11794.8,11845.4,11658.5,11780.1,1538.16249555,7651
1597406400,11780.1,11867.1,11662.0,11772.6,2012.58846825,8529
1597449600,11775.0,11988.0,11775.0,11849.9,1339.03919794,6408
1597492800,11849.7,11977.0,11675.0,11858.3,1837.30305685,9087
1597536000,11855.6,11939.5,11735.7,11758.6,834.57838648,5035
1597579200,11758.5,11916.8,11701.0,11916.8,1121.21851794,6645
1597622400,11919.9,11936.6,11775.0,11920.3,918.141143,4752
1597665600,11919.4,12480.6,11800.0,12301.7,6004.2489967101,21592
1597708800,12301.7,12393.7,12180.0,12180.0,1763.3362224,7455
1597752000,12180.0,12274.3,11807.7,11957.0,4292.30513989,18231
1597795200,11955.2,12020.0,11619.3,11845.9,3032.45935194,11489
1597838400,11845.9,11919.9,11569.4,11757.4,2913.3478335,11755
1597881600,11757.2,11825.0,11675.0,11819.9,1272.50629158,5494
1597924800,11820.0,11899.7,11752.5,11864.6,2000.80128036,8745
1597968000,11864.5,11884.8,11703.0,11720.0,1280.76096341,7265
1598011200,11719.9,11775.0,11500.0,11522.7,2716.19535264,13972
1598054400,11522.7,11624.8,11350.0,11553.5,1957.70612621,8839
1598097600,11562.0,11687.0,11560.0,11672.7,819.90953002,6610
1598140800,11672.7,11686.9,11525.2,11527.4,519.30132213,3510
1598184000,11527.4,11715.0,11527.4,11652.6,688.13660861,4516
1598227200,11653.2,11821.9,11600.0,11788.9,909.55319062,5378
1598270400,11789.0,11819.9,11700.0,11764.8,1248.70775714,7032
1598313600,11760.5,11768.8,11520.0,11620.9,1303.77840147,5698
1598356800,11620.9,11620.9,11120.0,11330.0,3954.46182344,16433
1598400000,11330.1,11476.9,11257.9,11382.5,1027.70182621,5350
1598443200,11382.5,11539.0,11251.7,11469.5,1715.43093916,8743
1598486400,11469.6,11486.1,11311.9,11318.0,1164.61242689,4634
1598529600,11317.4,11598.8,11128.4,11327.9,3543.70646477,12441
1598572800,11327.9,11480.0,11283.8,11474.8,1042.9134501,5289
1598616000,11478.2,11549.7,11411.1,11532.6,1645.7770425,9022
1598659200,11531.0,11580.0,11408.1,11459.8,882.34620687,4646
1598702400,11454.2,11558.2,11440.0,11480.9,607.23155933,4289
1598745600,11480.9,11647.9,11469.0,11605.0,559.30165825,3799
1598788800,11604.6,11715.0,11564.0,11713.1,798.05826802,5615
1598832000,11713.0,11731.2,11580.0,11690.0,1055.94346329,4278
1598875200,11690.1,11785.0,11620.4,11656.9,1407.40927618,6769
1598918400,11657.2,11961.7,11532.8,11884.1,1903.11675575,8740
1598961600,11885.0,12068.6,11817.1,11926.8,2132.93545881,10789
1599004800,11926.3,11955.3,11187.0,11412.0,3049.41510549,12213
1599048000,11412.9,11486.9,11223.3,11396.9,3129.64909788,12860
1599091200,11399.2,11478.0,11205.0,11223.8,1566.17058245,8206
1599134400,11223.8,11255.0,10025.0,10180.1,9000.9815656503,29634
1599177600,10180.0,10540.0,10111.0,10441.3,2832.07426515,12432
1599220800,10441.3,10634.8,9914.6,10463.6,4459.81432419,15367
1599264000,10463.5,10565.0,10135.0,10235.2,1421.79024013,6296
1599307200,10235.0,10347.5,9856.3,10162.2,5303.73350411,18792
1599350400,10164.0,10275.0,10010.0,10266.0,1346.86593271,5591
1599393600,10270.0,10345.0,10130.0,10253.1,1150.29193134,6439
1599436800,10256.2,10305.0,10002.7,10033.8,1055.88860723,5532
1599480000,10033.9,10415.3,9877.6,10377.4,3014.46171049,10533
1599523200,10377.5,10440.0,9935.1,9983.4,1739.86515142,6552
1599566400,9981.7,10222.0,9850.0,10123.3,3792.52668292,12720
1599609600,10123.3,10275.0,9983.2,10212.6,1225.50859211,5242
1599652800,10220.0,10350.0,10170.4,10229.7,1943.93991449,7618
1599696000,10229.5,10440.0,10227.5,10304.0,1733.30940462,6448
1599739200,10303.5,10488.0,10260.0,10350.1,1980.7814668,8498
1599782400,10350.0,10380.0,10210.0,10261.1,1019.35533644,4775
1599825600,10265.3,10411.3,10259.4,10398.2,1663.13341602,6821
1599868800,10398.1,10405.0,10313.9,10343.8,461.69295804,3214
1599912000,10343.0,10475.0,10280.0,10447.5,1606.67303528,5437
1599955200,10447.5,10573.0,10312.6,10331.8,1202.35047473,4094
1599998400,10331.8,10358.4,10217.2,10328.2,1225.44149195,5407
1600041600,10328.2,10475.2,10251.2,10474.5,1258.72037714,5333
1600084800,10474.5,10745.0,10462.3,10674.9,2893.01190625,10490
1600128000,10675.0,10874.2,10620.0,10840.6,1863.87195384,7127
1600171200,10837.0,10935.0,10705.0,10785.2,2417.05240154,10032
1600214400,10785.2,10945.0,10670.2,10910.0,1156.99194209,7499
1600257600,10909.9,11097.9,10874.0,10951.1,2998.0442677473,35523
1600300800,10951.3,11043.2,10786.0,10880.0,1441.29480859,18442
1600344000,10880.0,10971.5,10750.3,10944.8,1946.65063821,7088
1600387200,10944.8,11039.1,10882.3,10976.3,824.08393151,4300
1600430400,10976.3,11003.7,10818.0,10934.7,1530.45664353,7216
1600473600,10934.8,11153.7,10898.9,11141.6,963.25834907,4387
1600516800,11141.6,11178.2,11016.6,11080.7,864.31081235,4322
1600560000,11078.0,11078.0,10906.9,10958.1,819.58980033,3277
1600603200,10958.1,10958.1,10766.2,10918.5,1479.23372141,6533
1600646400,10918.6,10985.0,10576.1,10623.8,2019.22819421,7166
1600689600,10628.0,10628.0,10300.0,10415.0,4406.11988301,13470
1600732800,10417.9,10500.8,10362.8,10455.9,1377.05359762,5434
1600776000,10452.0,10570.0,10427.5,10532.5,1800.38803061,6435
1600819200,10531.2,10534.0,10388.4,10480.5,1013.88006514,4266
1600862400,10479.4,10534.0,10134.6,10230.7,3292.8429126801,10998
1600905600,10230.7,10440.0,10192.4,10410.8,1459.76556359,5458
1600948800,10413.3,10788.3,10335.1,10740.2,3133.48737346,11323
1600992000,10738.9,10758.0,10565.0,10635.1,1973.65483435,7044
1601035200,10635.0,10761.6,10565.0,10695.1,1873.70343349,7464
1601078400,10695.3,10835.0,10662.2,10712.4,801.52477278,3742
1601121600,10712.3,10775.0,10675.0,10733.3,655.83904266,3629
1601164800,10733.4,10799.0,10625.0,10630.1,762.19997605,3675
1601208000,10630.0,10782.9,10600.0,10776.1,818.86340118,3908
1601251200,10778.4,10945.0,10778.4,10881.1,1590.1346222,5896
1601294400,10883.1,10945.0,10640.0,10694.1,1886.31386034,7540
1601337600,10694.1,10789.0,10655.5,10763.9,1096.8785909,4927
1601380800,10765.6,10860.0,10645.0,10842.2,1647.0296914,6897
1601424000,10841.4,10842.4,10670.0,10680.8,961.32775099,4229
1601467200,10680.9,10802.3,10671.9,10774.9,1512.50146989,6221
1601510400,10774.9,10930.0,10774.9,10905.0,1281.79611702,5339
1601553600,10905.8,10910.3,10451.0,10616.1,3783.1656012701,13729
1601596800,10611.0,10655.5,10384.3,10436.2,1984.48847242,8345
1601640000,10437.1,10594.8,10437.0,10574.8,1881.83883732,7239
1601683200,10574.8,10575.0,10504.1,10545.4,494.30860999,2377
1601726400,10545.4,10603.7,10528.4,10553.0,727.12192438,3284
1601769600,10553.0,10637.4,10531.2,10606.9,412.51988078,2134
1601812800,10606.9,10690.0,10579.4,10676.4,821.73186303,3662
1601856000,10676.4,10746.0,10632.0,10674.0,742.1425659,3296
1601899200,10673.9,10799.0,10665.0,10799.0,1531.87801304,6201
1601942400,10799.0,10803.6,10662.0,10700.0,1049.15883541,4019
1601985600,10700.2,10758.3,10527.0,10605.4,2298.38382389,8036
1602028800,10605.0,10632.2,10552.6,10609.2,631.23558383,3097
1602072000,10609.1,10676.6,10600.0,10669.9,1546.27029093,5965
1602115200,10670.0,10672.6,10540.0,10608.8,708.62090204,3240
1602158400,10609.4,10969.6,10605.3,10934.1,3519.4460362401,11159
1602201600,10931.9,11106.5,10842.0,11050.0,1534.56188447,5886
1602244800,11050.0,11110.6,11025.8,11060.2,1702.44584604,7144
1602288000,11060.1,11499.0,11060.1,11323.7,2534.75286898,8976
1602331200,11323.8,11418.5,11266.3,11301.5,1426.20603179,4863
1602374400,11299.4,11412.5,11281.3,11375.5,892.08549082,3122
1602417600,11378.1,11443.9,11262.0,11376.6,1288.80083515,4692
1602460800,11376.6,11413.2,11202.9,11250.3,1119.33846096,4332
1602504000,11247.5,11725.9,11243.2,11535.8,3763.73341893,11545
1602547200,11534.6,11560.0,11400.0,11490.5,1237.72646142,4937
1602590400,11490.5,11511.8,11315.0,11428.6,2226.74896536,7374
1602633600,11428.9,11491.3,11370.0,11380.4,846.55207167,3398
1602676800,11380.3,11555.0,11300.0,11433.1,1971.30701452,7258
1602720000,11433.2,11433.2,11255.3,11315.7,1009.93699633,3609
1602763200,11312.3,11628.0,11279.9,11501.0,2300.66903985,8529
1602806400,11501.0,11549.0,11207.0,11374.1,2392.51707788,8195
1602849600,11374.1,11400.8,11286.5,11326.9,1296.66741911,5260
1602892800,11327.0,11381.3,11280.0,11349.3,466.61432569,2009
1602936000,11349.3,11411.8,11254.6,11363.9,689.33996062,3025
1602979200,11364.0,11477.0,11355.7,11429.5,411.99591348,2200
1603022400,11429.5,11515.1,11425.7,11508.9,650.88321087,3040
1603065600,11508.8,11540.1,11416.6,11490.7,902.24689098,3454
1603108800,11489.2,11838.3,11485.1,11757.0,3462.46012328,10880
1603152000,11757.0,11930.0,11678.8,11774.7,1692.67514433,6172
1603195200,11782.4,12070.0,11767.3,11925.4,3609.23730199,11447
1603238400,11926.7,12380.0,11905.7,12339.5,3224.95607331,10977
1603281600,12345.5,13241.4,12299.8,12813.0,8272.6374010602,27348
1603324800,12813.0,13032.0,12690.5,12976.1,2092.00495307,8573
1603368000,12977.3,13199.0,12813.3,12984.1,3245.4316701799,14292
1603411200,12985.4,13032.8,12852.4,12976.5,1742.71077769,7229
1603454400,12977.0,13020.9,12735.0,12939.0,2154.45877238,8997
1603497600,12939.0,13015.0,12890.7,13003.9,740.83497357,3642
1603540800,13004.0,13172.3,12962.0,13130.9,1072.75200812,4635
1603584000,13130.9,13351.0,12833.0,12965.4,2567.87079947,8448
1603627200,12963.1,13060.3,12924.0,13039.2,940.49699808,4499
1603670400,13039.8,13189.6,12955.0,13152.2,1001.34028422,4654
1603713600,13153.2,13243.6,12801.0,13080.0,3627.23740592,12573
1603756800,13080.0,13499.0,13064.0,13459.2,2337.44025722,8391
1603800000,13460.2,13794.8,13348.0,13649.6,5261.4038220501,18115
1603843200,13649.1,13851.6,13324.6,13330.8,3464.6541114901,12440
1603886400,13330.8,13374.0,12900.0,13289.5,4799.3864621701,17203
1603929600,13288.0,13319.0,13060.0,13064.7,1558.15550464,7629
1603972800,13064.6,13644.0,12975.0,13463.1,3991.6947463001,14280
1604016000,13462.1,13670.0,13131.0,13361.7,3208.09959035,10381
1604059200,13364.6,13684.9,13250.0,13567.0,3259.8164206201,11383
1604102400,13567.0,14080.0,13425.5,13946.9,3244.03210208,13580
1604145600,13944.6,13946.7,13700.0,13809.1,2038.07944994,8119
1604188800,13799.0,13900.6,13645.0,13714.6,1109.37745437,4861
1604232000,13714.5,13867.2,13634.6,13762.5,1192.73400197,5545
1604275200,13762.6,13840.0,13358.2,13419.7,2019.68504282,7943
1604318400,13410.9,13713.6,13218.3,13565.8,3131.43181666,11236
1604361600,13568.3,13635.1,13305.0,13540.0,1675.8162996,7497
1604404800,13541.4,14062.8,13480.3,14021.8,3363.28620214,13072
1604448000,14028.8,14047.9,13540.7,13731.0,2817.71731515,10856
1604491200,13731.0,14266.4,13709.6,14163.3,4666.9619133301,16919
1604534400,14165.7,14738.0,14120.1,14731.1,3844.38623299,13998
1604577600,14731.0,15782.3,14621.3,15610.4,10048.9668704904,37842
1604620800,15610.3,15967.0,15250.1,15591.4,5489.1647900805,24500
1604664000,15595.6,15723.5,15177.0,15599.2,4156.16228803,18654
1604707200,15602.8,15769.9,15425.0,15535.8,1381.24437673,9336
1604750400,15534.1,15575.4,14365.0,14837.3,6265.1550936505,30871
1604793600,14837.4,15189.0,14726.6,15180.8,1614.07642982,8359
1604836800,15189.0,15650.0,15125.2,15480.1,2889.7144374901,13598
1604880000,15480.0,15843.3,15147.2,15811.0,2209.0918761499,10594
1604923200,15811.9,15816.4,14824.7,15322.9,5295.0887135803,22200
1604966400,15339.1,15474.9,15172.8,15296.4,1622.85142882,6852
1605009600,15295.8,15421.4,15100.0,15316.7,2114.04158885,9648
1605052800,15319.0,15700.0,15300.0,15601.6,1993.31501695,9137
1605096000,15587.6,15990.0,15500.1,15708.7,4379.54118746,17914
1605139200,15708.6,16165.0,15425.3,15786.8,3434.42493259,14939
1605182400,15786.8,16345.0,15765.6,16307.8,6107.4735876402,24148
1605225600,16308.6,16489.4,16063.5,16240.0,3210.3928594,14059
1605268800,16240.1,16374.2,15980.6,16343.4,2837.5781389,13436
1605312000,16343.3,16343.4,15765.0,15947.1,2012.43366747,10683
1605355200,15947.0,16159.7,15735.0,16080.1,1700.9153258,8800
1605398400,16086.5,16170.5,15877.7,15977.1,865.50551364,5283
1605441600,15977.0,16107.9,15801.0,15962.3,1217.69975038,6924
1605484800,15966.8,16395.0,15884.3,16250.0,1679.47106029,8861
1605528000,16250.0,16892.9,16241.7,16721.1,4950.0627560202,21534
1605571200,16723.8,17000.0,16569.5,17000.0,2278.3640918,10558
1605614400,17000.0,17876.1,16929.8,17684.8,7861.9141635404,32002
1605657600,17680.0,18495.0,17200.0,18252.0,8176.1193406403,33532
1605700800,18252.0,18260.3,17289.0,17800.0,5633.7243881002,26355
1605744000,17800.0,18100.0,17369.0,17777.1,3169.16243327,13990
1605787200,17780.0,18200.0,17674.1,17828.2,3664.7386572,17943
1605830400,17827.4,18413.1,17780.0,18287.1,2683.44401797,13643
1605873600,18287.5,18824.0,18151.8,18680.2,4184.8156837301,20073
1605916800,18673.6,18977.5,18459.3,18550.1,2534.88457019,12703
1605960000,18550.0,18943.3,18333.0,18708.7,2339.65092365,12738
1606003200,18708.7,18764.9,17620.0,17879.6,3664.25141163,17268
1606046400,17874.7,18700.0,17829.6,18450.2,2793.4204873,13876
1606089600,18433.7,18780.0,18005.0,18589.1,2914.49021566,13074
1606132800,18589.0,18715.6,18161.0,18387.8,3246.2911917301,18220
1606176000,18380.2,19101.8,18069.7,19071.2,4335.3839713701,27005
1606219200,19071.1,19448.0,18819.0,19173.8,4702.9121491301,26688
1606262400,19169.6,19365.4,18650.0,19299.0,2366.18165751,14451
1606305600,19307.5,19509.3,18425.1,18723.4,4557.5191292601,24244
1606348800,18725.9,18900.0,16250.0,17114.0,10997.4947254705,55678
1606392000,17105.2,17429.8,16210.0,17164.6,7301.1945074504,35589
1606435200,17165.0,17460.0,16609.4,16769.2,2721.69698171,15208
1606478400,16772.1,17149.0,16450.8,17144.2,3240.35140622,17330
1606521600,17146.0,17250.0,16871.1,17171.1,1347.43118953,8041
1606564800,17171.2,17890.0,17090.3,17732.9,3689.91503402,16921
1606608000,17731.6,18233.0,17525.0,18094.2,2511.89350788,11462
1606651200,18094.2,18356.1,17920.0,18194.2,2772.50747097,12740
1606694400,18195.6,18682.1,18195.6,18626.1,2811.80693685,13723
1606737600,18625.7,19850.0,16660.0,19708.1,10674.2110903503,47201
1606780800,19706.5,19947.5,19095.0,19401.5,4458.30685244,20967
1606824000,19431.1,19499.2,18111.0,18782.9,8331.7465064006,36792
1606867200,18777.0,19350.0,18347.1,19151.0,3438.74556535,16851
1606910400,19151.0,19270.0,18750.0,19231.4,3361.8129688401,16330
1606953600,19219.3,19462.0,18851.9,19403.3,2167.11855232,11846
1606996800,19407.5,19600.0,19203.9,19451.3,2878.6097123002,14704
1607040000,19440.7,19536.1,18800.0,18859.7,2572.13160609,14914
1607083200,18845.8,19164.5,18561.6,18665.8,3261.98537475,16599
1607126400,18655.0,19175.0,18511.0,19030.4,1515.54782267,9292
1607169600,19031.7,19179.3,18965.7,19153.0,858.81997063,6651
1607212800,19153.1,19336.0,18950.2,19104.5,988.00118203,6995
1607256000,19100.1,19437.0,18857.8,19392.9,1729.59947118,10235
1607299200,19385.0,19440.0,19101.8,19103.1,1080.97405805,6292
1607342400,19103.1,19276.3,18900.0,19178.6,2057.39075455,11994
1607385600,19182.5,19300.0,18657.7,18784.2,2040.19283061,12193
1607428800,18784.2,18975.0,18120.0,18320.5,4345.82606362,22705
1607472000,18313.1,18377.0,17649.9,18265.5,4348.14711438,20797
1607515200,18268.7,18640.0,18162.4,18548.5,3383.7962060501,17793
1607558400,18548.4,18557.2,18119.0,18193.7,1619.89906863,10644
1607601600,18189.5,18424.1,17911.1,18245.5,3291.1912994501,15493
1607644800,18246.4,18285.0,17572.0,17646.3,3631.57080791,17480
1607688000,17645.0,18180.6,17611.8,18031.5,2551.99336783,15326
1607731200,18031.5,18499.0,18024.0,18499.0,1801.2854099,9930
1607774400,18499.0,18986.9,18318.1,18806.9,2782.21502721,14207
1607817600,18814.4,19374.0,18712.6,19323.4,2442.59633036,11029
1607860800,19321.7,19420.0,18952.0,19164.1,2297.81535267,12027
1607904000,19163.0,19342.7,19002.0,19100.5,1509.27070777,7548
1607947200,19100.8,19335.7,19025.1,19281.1,1643.97143296,9248
1607990400,19281.0,19551.5,19048.9,19303.6,2709.34249872,12848
1608033600,19300.0,19551.0,19207.6,19439.7,2830.00895698,13384
1608076800,19439.5,19880.0,19302.4,19744.7,2163.17588621,12340
1608120000,19748.9,21577.4,19685.5,21378.1,9680.5029111507,45898
1608163200,21361.7,23751.0,21264.4,22752.1,9326.9937785205,48878
1608206400,22752.2,23700.0,22267.2,22826.2,9666.4480361806,51192
1608249600,22811.8,23317.1,22451.3,22861.7,2878.66856012,16201
1608292800,22869.6,23163.2,22308.2,23130.5,3172.2689915301,18689
1608336000,23132.8,23244.6,22800.0,22926.8,1460.5947165,10947
1608379200,22926.8,24288.2,22926.8,23871.5,4794.5330866002,24871
1608422400,23871.5,23871.5,23084.9,23559.4,2578.93516729,13763
1608465600,23549.1,24297.7,23085.2,23480.7,3297.1652045601,19078
1608508800,23480.8,24090.0,22351.0,22641.7,4425.92417546,23910
1608552000,22640.5,23336.7,21885.6,22716.1,6357.2584743304,30084
1608595200,22724.6,23195.0,22354.2,23123.0,2079.81170009,13563
1608638400,23127.0,23837.0,23084.3,23828.2,3648.1959678,17701
1608681600,23823.0,24047.3,22800.0,23091.0,4280.87882214,18947
1608724800,23091.0,24080.0,22629.2,23226.7,4549.6731333701,25435
1608768000,23225.5,23477.1,22723.0,23216.4,2255.71965492,13774
1608811200,23216.3,23750.0,23023.5,23718.6,2544.80555566,13019
1608854400,23718.7,24645.9,23410.8,24562.8,2659.48422748,13641
1608897600,24562.8,24777.7,23818.7,24698.6,3519.29528707,18916
1608940800,24703.8,25068.9,24500.0,24837.0,2212.75380951,13320
1608984000,24820.3,26800.0,24730.2,26441.2,7435.3015578003,36895
1609027200,26442.2,28353.2,26245.9,27575.0,6680.4535407905,37291
1609070400,27594.0,27817.2,25634.6,26251.4,7577.5450765306,45017
1609113600,26238.0,27345.1,26056.4,26817.2,3485.81062358,19864
1609156800,26812.6,27460.9,26400.0,27029.5,4385.5308762401,22499
1609200000,27028.9,27068.5,25850.0,26837.6,3608.2473705,18885
1609243200,26837.8,27400.0,26200.0,27376.2,5090.2052331102,24530
1609286400,27376.2,28587.1,27346.0,27817.7,5826.0367170202,30634
1609329600,27817.7,28972.1,27580.8,28879.9,4602.3545044202,26342
1609372800,28880.0,29291.7,28168.5,28919.1,3743.47447961,20197
1609416000,28919.3,29194.0,27844.0,28959.2,3869.04990676,23049
1609459200,28959.4,29498.0,28739.6,29379.8,2762.22785724,15852
1609502400,29379.7,29670.0,28672.3,29398.9,3094.64111933,17509
1609545600,29398.7,29945.0,29028.7,29825.0,2666.9323670101,16668
1609588800,29820.9,33245.0,29815.0,32238.8,16948.981141881,86298
1609632000,32215.4,34771.0,32002.0,34447.7,5868.3718010701,44470
1609675200,34439.1,34600.0,32295.5,33082.7,6267.5539702205,48639
1609718400,33082.7,33652.3,27920.0,30764.7,9729.7402431601,71809
1609761600,30752.7,32244.4,30500.0,32048.0,6395.8881618204,45395
1609804800,32047.9,32883.1,29910.5,31794.4,4910.8660997703,33863
1609848000,31797.7,34499.0,31173.7,34050.0,6071.8094375107,41523
1609891200,34049.7,35862.4,33373.4,35042.2,5959.1503284007,41475
1609934400,35036.1,36989.0,34175.2,36876.7,6386.4416732508,49089
1609977600,36873.4,37960.8,36281.6,37901.0,5326.8780046402,38075
1610020800,37903.4,40376.9,36201.0,39489.0,10849.0175640709,70645
1610064000,39489.0,41506.8,36618.0,41322.5,6205.6441574405,46622
1610107200,41329.5,41989.0,38650.0,40666.7,7866.5748784808,60290
1610150400,40644.2,41250.0,38765.2,40627.5,3577.3690690502,27781
1610193600,40639.3,41418.0,40012.0,40252.1,2411.99343774,22133
1610236800,40256.8,41437.5,39000.0,39217.2,3019.5154436201,25864
1610280000,39205.8,40152.6,34875.0,38170.5,11558.6049390511,75162
1610323200,38170.3,38249.9,33010.0,34162.9,11334.401881191,79182
1610366400,34144.8,35659.1,30302.0,35439.3,15727.5800811219,99406
1610409600,35444.0,36626.6,33710.9,35374.1,6037.7010716704,39210
1610452800,35388.6,35645.8,32416.8,34046.4,7707.2509458005,51741
1610496000,34038.2,35250.0,32349.9,34315.9,6439.1923996704,37365
1610539200,34362.8,37820.0,34010.0,37390.1,6689.3474228706,42709
1610582400,37390.1,38773.4,36676.6,38379.8,3964.3123612401,27626
1610625600,38359.8,40115.0,37729.2,39151.6,6524.1844230905,42785
1610668800,39121.5,39686.1,37561.0,38062.4,3015.2804345101,23724
1610712000,38074.4,38149.7,34371.0,36739.8,10470.7579555812,66723
1610755200,36744.6,37947.5,35557.0,37674.5,3908.0292559601,24884
1610798400,37674.5,37887.9,35342.2,36014.6,4934.3932649701,29120
1610841600,36010.5,36707.3,33850.0,35309.8,4524.2630808801,28848
1610884800,35309.9,36873.9,34701.5,35816.4,4493.6331899701,26023
1610928000,35815.6,36641.6,34754.5,36395.0,3628.47610432,20505
1610971200,36413.8,37400.0,35395.6,36622.5,3836.1502334204,24687
1611014400,36622.5,37555.0,36238.2,37293.5,2694.49347141,21416
1611057600,37299.5,37860.0,35900.0,35925.6,3604.1829054203,26889
1611100800,35925.5,36396.7,34000.0,34415.0,3947.8498145402,27946
1611144000,34414.9,35685.2,33374.0,35511.8,5222.3409311304,32535
1611187200,35511.8,35614.1,32000.0,32146.4,6658.3726145102,34457
1611230400,32169.8,32760.0,30056.1,30832.6,12855.060341141,63787
1611273600,30832.5,32085.3,28800.0,31735.0,9325.1894607306,51133
1611316800,31750.4,33850.0,31354.2,33000.0,5926.3603315003,32879
1611360000,33000.1,33496.4,31568.1,31677.2,3321.0762286801,20627
1611403200,31667.1,32515.0,31350.0,32100.5,2778.03773146,17103
1611446400,32101.1,33088.2,31637.5,32868.3,1592.57209274,11680
1611489600,32867.7,32981.7,30950.0,32292.0,3235.69595255,19460
1611532800,32297.8,33800.0,32222.2,33201.1,3209.7324510601,20086
1611576000,33213.4,34872.7,31908.7,32274.4,5924.9154472904,36150
1611619200,32266.9,32896.9,31151.7,31816.8,4054.1894862901,23377
1611662400,31813.0,32932.8,30816.2,32501.0,4800.0156202802,25510
1611705600,32509.2,32579.0,30622.3,30684.7,2655.06187776,17993
1611748800,30685.8,31695.5,29255.0,30424.2,8560.2650309209,49236
1611792000,30422.6,31892.5,29900.0,31460.6,3078.08026207,20976
1611835200,31466.7,33872.1,31192.3,33430.4,5738.4075298204,38425
1611878400,33430.5,38182.9,32000.0,37123.3,12555.418620131,82750
1611921600,37108.7,38621.0,33500.0,34261.7,8229.024110711,51944
1611964800,34266.3,34902.0,32865.2,33639.7,3244.52246916,23548
1612008000,33639.7,34799.9,33486.4,34296.5,2006.8534961199,22077
1612051200,34297.4,34373.2,33236.1,33577.3,1559.08067259,13557
1612094400,33574.7,34200.0,32200.0,33122.0,3066.21918332,24437
1612137600,33121.8,34700.0,32325.3,34189.1,3261.85133277,23425
1612180800,34189.5,34448.0,33175.0,33533.9,2215.80242657,20530
1612224000,33534.1,35660.4,33462.1,34707.5,3101.7238053,21014
1612267200,34707.5,36000.0,34418.6,35500.0,3723.23091573,26145
1612310400,35500.0,36889.9,35394.8,35995.4,3392.31941639,22322
1612353600,35996.2,37676.0,35848.0,37670.9,3621.90037635,28707
1612396800,37676.0,38735.1,36822.9,37378.1,3972.83489981,33177
1612440000,37378.1,37804.0,36202.0,36979.0,3199.67813228,27438
1612483200,36975.8,37826.4,36582.9,37708.4,1866.34859818,16628
1612526400,37718.6,38340.0,37216.0,38296.7,2943.19420488,24600
1612569600,38311.7,40487.9,38221.4,40237.6,4574.1321567401,35379
1612612800,40247.8,40986.0,39141.7,39257.0,4552.6351395901,34751
1612656000,39257.0,39704.4,38007.0,39077.7,2381.85576738,24018
1612699200,39080.7,39300.0,37410.5,38874.9,2753.68426971,27082
1612742400,38867.1,39545.9,38075.0,39466.4,1457.66411491,15133
1612785600,39475.7,46727.2,39162.9,46425.8,12221.2397640316,94302
1612828800,46425.7,48222.0,45485.7,46427.6,5984.4188555102,53124
1612872000,46449.7,47500.0,45050.0,46502.8,4589.7988615902,43655
1612915200,46504.5,47340.0,45667.0,46661.5,2116.87175728,25122
1612958400,46661.5,46661.6,43734.8,44847.5,4334.6871737001,44896
1613001600,44839.5,46508.3,44046.2,46070.7,2072.77727739,24011
1613044800,46098.1,48703.6,45500.0,47962.8,5890.1976464904,51737
1613088000,47979.9,48925.0,46820.9,47665.6,2515.89543022,29083
1613131200,47665.6,48237.4,46263.0,47470.4,2816.40087245,32183
1613174400,47438.2,48224.1,46317.6,46624.7,1514.92170104,21666
1613217600,46624.7,47417.6,46285.0,47199.9,1116.88719625,17700
1613260800,47199.9,49388.4,47038.7,49089.0,1836.0957375199,26024
1613304000,49077.1,49700.0,48174.7,48649.7,1717.0164003099,24570
1613347200,48655.4,49043.3,45710.5,47824.6,3578.5672314501,37404
1613390400,47845.8,48800.0,47477.2,47937.1,1759.4320112099,23922
1613433600,47937.1,49900.0,47040.1,48900.0,2499.04450896,27889
1613476800,48899.9,50599.9,47820.0,49218.7,3676.4761830401,36024
1613520000,49185.6,51716.7,48967.4,51309.0,3516.91972291,31964
1613563200,51305.1,52779.6,50519.0,52130.0,3803.9173080299,35591
1613606400,52130.0,52555.1,51105.1,51349.1,2114.9130760399,22107
1613649600,51349.0,52269.4,50904.2,51600.9,2003.2925382599,23604
1613692800,51590.5,52900.0,50683.4,52669.3,2748.9914919101,26514
1613736000,52669.3,56349.9,52327.4,55926.9,5306.8009932604,48876
1613779200,55926.5,56635.5,55061.3,56301.0,2498.49663406,27176
1613822400,56301.0,57500.0,53961.9,55938.7,3347.7501785501,41368
1613865600,55931.5,57804.7,55490.5,57313.1,1631.75129933,18412
1613908800,57341.8,58339.0,56652.3,57478.3,2096.08443664,27464
1613952000,57475.9,57567.6,53500.0,54500.0,3117.2695355602,34658
1613995200,54503.6,55027.2,45002.0,54154.8,9182.2661692612,90705
1614038400,54128.0,54200.0,45000.0,46375.7,9501.3291312607,88039
1614081600,46369.4,49606.6,45210.1,48899.8,7578.8833582507,69630
1614124800,48899.6,51442.5,47015.7,50392.1,4158.3857500101,39787
1614168000,50392.1,51283.3,48075.0,49727.7,3951.8472268502,35307
1614211200,49726.1,50897.3,48684.7,50311.0,2381.16431468,21882
1614254400,50320.0,52071.9,46702.0,47061.5,5142.4635421303,47345
1614297600,47072.1,47840.8,44120.3,46384.9,5521.4889055604,45661
1614340800,46385.8,48449.0,45100.0,46314.5,4529.4491821101,37274
1614384000,46307.2,48350.0,46200.0,47321.6,2093.23975851,21985
1614427200,47321.5,47808.7,45022.9,46170.2,2142.30920566,21678
1614470400,46163.9,46706.2,43850.0,45305.6,2963.3371329601,25833
1614513600,45301.1,46000.0,43020.0,45245.4,3877.0553330802,32065
1614556800,45234.7,47953.1,45046.8,47839.9,2567.9733235801,23354
1614600000,47839.9,49818.1,47517.6,49620.7,4502.9468750602,38300
1614643200,49615.3,50225.8,48344.2,48868.2,2619.9955057901,24503
1614686400,48868.3,49738.2,47050.2,48486.2,3176.8241479701,30299
1614729600,48495.9,51797.3,48160.0,51675.8,2940.2813948501,27158
1614772800,51683.7,52600.0,50275.4,50400.0,3781.3112256502,37380
1614816000,50400.0,51820.4,48512.5,49360.5,3209.1363903401,31790
1614859200,49360.5,50555.5,47500.0,48330.0,4017.0888967801,37556
1614902400,48330.0,48360.7,46312.0,47517.2,3135.8006981501,27619
1614945600,47517.2,49539.3,46898.1,48734.7,4344.8768077002,38708
1614988800,48767.4,49139.9,47954.8,48169.6,1198.85534583,13601
1615032000,48169.0,49232.2,47111.9,48899.9,1905.85222243,19385
1615075200,48906.0,51150.0,48905.9,50720.6,1994.1305196,20978
1615118400,50724.6,51470.2,49777.0,50962.3,2524.87549988,23584
1615161600,50971.3,51851.8,49368.0,50507.1,2314.59872929,22295
1615204800,50512.5,52432.9,50155.9,52375.0,2355.3734824,26757
1615248000,52383.0,54475.8,51875.0,54239.2,3311.8870708101,32640
1615291200,54239.3,54929.0,53566.3,54929.0,2578.85543854,26940
1615334400,54922.7,55814.0,53051.0,54853.5,3378.9281093601,32541
1615377600,54855.2,57378.0,54851.1,55851.0,4712.9558997101,43146
1615420800,55859.9,56538.7,54286.3,56265.2,2226.57757091,25507
1615464000,56269.9,58150.1,55762.6,57809.9,3884.4659299602,39339
1615507200,57807.0,58069.5,55866.6,56492.2,2094.64625767,22240
1615550400,56481.7,57746.7,55040.2,57234.0,2876.9691685901,32837
1615593600,57238.9,60021.2,56073.2,59828.8,3411.0641027201,36151
1615636800,59828.9,61724.6,59150.0,61174.9,3834.5726844002,47656
1615680000,61174.9,61639.2,59400.0,60313.3,1593.00677403,21743
1615723200,60313.4,60743.5,59001.0,59001.1,1801.46528108,24555
1615766400,59001.0,60580.0,54593.8,56173.4,3894.9554405202,41537
1615809600,56160.8,57284.9,55059.6,55600.0,2826.1482975,32875
1615852800,55627.6,56403.0,53250.0,55413.4,3746.4257731101,40857
1615896000,55422.6,56891.1,52500.0,56891.1,2634.6985105,31256
1615939200,56891.1,57211.8,54405.0,54805.2,1823.24136804,22039
1615982400,54806.5,58951.0,53752.0,58933.0,4686.0512146902,47458
1616025600,58940.5,59575.5,57866.6,58147.2,1992.64279053,22770
1616068800,58151.4,60000.0,57007.0,57640.9,3839.2151204101,38604
1616112000,57640.0,58850.0,56243.1,58799.9,1888.49050706,20486
1616155200,58800.0,59461.5,57934.9,58101.8,1970.86814938,25666
1616198400,58085.0,59289.7,57850.0,59240.9,975.50345107,16743
1616241600,59250.0,59880.0,57545.2,58091.6,2394.25905687,27320
1616284800,58080.5,58835.6,55536.5,56255.6,2341.21178636,26051
1616328000,56255.5,58143.5,55890.2,57378.4,1570.76555994,20701
1616371200,57368.8,58403.2,56341.5,57741.2,1717.03461824,18910
1616414400,57741.2,57741.2,53775.0,54095.1,4439.2431139202,44468
1616457600,54098.2,55425.1,53011.0,54214.8,2587.46804967,26678
1616500800,54220.2,55814.9,54160.2,54351.3,2445.69727763,27280
1616544000,54341.2,56659.4,53500.0,56596.7,2405.6204836,25170
1616587200,56596.7,57200.0,51641.8,52293.8,5491.6595292902,51391
1616630400,52280.4,53219.9,51513.9,52150.2,2261.3164243199,27778
1616673600,52150.0,52730.5,50436.3,51314.9,4221.4685065601,41179
1616716800,51318.2,53843.8,51239.1,52712.5,2270.15000765,23392
1616760000,52718.8,55107.0,52501.0,55062.2,2683.97111824,28389
1616803200,55062.1,55578.2,54306.3,54444.2,1340.98597353,17999
1616846400,54444.2,56668.0,54000.0,55852.4,2627.92985318,26385
1616889600,55852.5,56550.0,55607.6,55803.4,1131.22546014,13265
1616932800,55803.5,56485.5,54690.9,55782.0,2431.32135241,22778
1616976000,55782.3,58300.0,54919.0,57866.1,3012.67389984,26946
1617019200,57857.3,58619.7,57100.3,57624.2,2872.21770038,28088
1617062400,57627.5,59280.8,57055.0,59279.7,1880.8578294099,21014
1617105600,59278.2,59380.0,58391.0,58781.0,2060.82946448,20952
1617148800,58781.1,59800.0,56813.8,58030.0,2269.36454414,26053
1617192000,58025.3,59630.3,57680.4,58786.2,3182.2037467201,31787
1617235200,58780.4,59474.6,58175.0,58563.5,983.63742843,16917
1617278400,58563.5,59250.0,57917.1,58732.9,1466.22170636,21065
1617321600,58732.9,60025.0,58500.0,59526.2,2374.25849265,30844
1617364800,59526.2,59621.6,58500.0,59020.7,1825.2487960999,25521
1617408000,59020.7,59867.1,58745.3,59289.9,1180.8376351899,17376
1617451200,59289.8,59456.7,56955.0,57099.0,2371.9832454501,28348
1617494400,57099.0,57774.0,56468.4,57268.9,1145.94111663,15805
1617537600,57268.9,58495.6,57024.5,58195.0,1043.03547457,18655
1617580800,58195.1,58382.7,56820.0,57725.0,1117.1839711,18953
1617624000,57725.0,59278.1,57725.0,59120.0,2305.51985279,30050
1617667200,59120.0,59462.8,58121.4,58532.2,1087.54583019,16283
1617710400,58533.0,58989.9,57377.1,58017.1,1568.97544446,24910
1617753600,58017.2,58652.1,55766.0,56322.8,2431.8565591701,35838
1617796800,56319.5,56900.0,55460.0,55928.5,2616.0869498301,31115
1617840000,55936.6,57246.0,55728.0,56463.2,1013.25630901,14463
1617883200,56463.1,58159.1,56356.8,58036.9,1500.37315956,21987
1617926400,58037.0,58890.4,57538.3,58511.1,1543.14544036,16242
1617969600,58514.4,58750.0,57868.9,58110.0,1555.53420612,20135
1618012800,58110.0,61207.0,57882.0,60519.1,3772.6634655602,43120
1618056000,60528.4,60757.2,58000.0,59775.6,2119.10654346,24595
1618099200,59760.9,60652.6,59325.1,59700.1,1324.96667241,16518
1618142400,59700.0,60089.0,59178.7,59956.0,1291.07950026,15172
1618185600,59967.9,61200.0,59420.0,60208.7,1609.56487535,26027
1618228800,60207.0,60573.7,59488.8,59823.7,1911.40613173,20263
1618272000,59823.7,63229.1,59781.2,62906.6,3098.8234249301,33911
1618315200,62906.6,63882.5,62538.0,63587.2,3236.8404188501,37705
1618358400,63581.0,64900.0,63100.0,64549.0,2497.7956899001,33786
1618401600,64549.0,64643.1,61315.0,62969.0,3530.3035727602,42385
1618444800,62963.0,63480.0,62050.0,62384.7,991.47395818,17202
1618488000,62381.7,63830.0,62351.2,63243.0,1868.28559497,30088
1618531200,63243.1,63593.1,60100.0,60899.6,3026.4738933301,43912
1618574400,60901.0,62100.0,60371.7,61455.0,2802.7232399501,49288
1618617600,61455.1,62636.4,60730.1,60951.0,1255.85678643,24797
1618660800,60950.0,61284.6,59702.4,60085.2,1885.96097198,31938
1618704000,60085.2,60403.2,51017.1,53339.2,8511.3151225408,104987
1618747200,53362.9,56774.0,53351.2,56239.8,4066.1151621102,43346
1618790400,56227.5,57594.7,55797.7,57174.2,2049.81190967,28706
1618833600,57174.2,57216.3,54228.9,55720.0,4600.1742581004,46924
1618876800,55720.0,56431.9,53388.3,56328.0,4998.8612521002,48338
1618920000,56327.9,57110.4,54764.2,56500.0,2805.3706673401,34927
1618963200,56500.0,56805.5,54340.6,54611.8,1847.4138949599,23037
1619006400,54603.3,56350.0,53600.0,53815.2,2940.59963746,30775
1619049600,53815.3,55221.9,52560.8,54858.5,3743.5353518,36867
1619092800,54874.8,55459.4,50500.0,51730.0,6400.6687219503,62633
1619136000,51709.3,52124.4,47549.3,50114.1,7594.4438330205,79856
1619179200,50117.0,51326.8,48576.1,51178.7,3564.7995471701,36982
1619222400,51178.6,51200.0,48746.4,49124.6,2160.96271663,23555
1619265600,49122.5,51000.0,48971.3,50093.4,1878.49637634,21963
1619308800,50085.7,50492.4,49150.0,49555.0,1763.34757049,17202
1619352000,49555.2,50580.4,47000.0,49106.5,3475.9382866401,34431
1619395200,49112.6,53763.6,48828.6,53709.1,3658.2156280899,38572
1619438400,53709.1,54419.5,52650.0,54051.9,3071.0395509501,34621
1619481600,54056.1,55296.4,53333.4,55207.0,1501.5693225799,22747
1619524800,55207.0,55500.0,54330.0,55078.7,1712.25610379,22143
1619568000,55077.4,55778.2,53868.4,54878.0,1427.86048539,19800
1619611200,54878.1,56500.0,54115.0,54899.3,2257.66008381,28306
1619654400,54886.1,55246.3,53572.0,54374.9,1347.1846904999,15939
1619697600,54353.3,54548.5,52390.2,53579.6,3182.40951497,28163
1619740800,53579.7,54789.9,53071.6,54271.3,1117.9432675,13088
1619784000,54276.7,57987.8,54271.2,57780.0,3698.8809232201,38499
1619827200,57780.3,58525.5,57213.0,57877.0,1475.57282468,22957
1619870400,57876.4,58094.6,57070.0,57859.2,1212.46082293,17188
1619913600,57859.0,57959.5,56101.0,57074.2,1465.00598028,18031
1619956800,57074.2,57265.4,56262.2,56618.5,906.69920064,15904
1620000000,56618.6,58981.4,56578.2,58700.9,1407.30644776,19606
1620043200,58701.5,58821.1,56505.0,57193.5,2551.5364682602,34960
1620086400,57193.4,57214.4,54700.0,56215.9,2231.87350808,28599
1620129600,56215.9,56347.0,53100.1,53239.4,3888.4932452701,45568
1620172800,53201.1,55844.6,53000.0,55135.2,1827.46846415,26945
1620216000,55149.9,57999.8,55102.5,57497.1,3225.5046547201,37348
1620259200,57494.2,58420.2,56470.3,58000.1,1412.06787758,21877
1620302400,58016.9,58145.0,55309.0,56421.1,2403.78502895,31644
1620345600,56421.0,57100.0,55320.0,56520.1,1615.87876666,24716
1620388800,56520.1,58700.0,56285.8,57383.0,2876.9326206001,38904
1620432000,57388.0,59420.0,57000.0,58651.8,1595.73643908,20003
1620475200,58657.0,59521.4,57595.0,58953.8,2723.1688591701,34409
1620518400,58951.5,59264.0,57500.6,57922.9,2133.5136652,26354
1620561600,57922.8,58488.9,56326.0,58293.1,2146.39487887,26685
1620604800,58320.5,59598.8,57326.0,58198.1,1960.7322612099,26618
1620648000,58198.1,58635.5,53470.0,55888.1,4745.7270223404,50730
1620691200,55887.6,56450.0,54538.5,55287.3,1830.3218271,23890
1620734400,55257.1,56949.9,54839.9,56747.5,1986.02201013,23028
1620777600,56754.7,57983.6,56052.0,56509.0,1462.89163061,18502
1620820800,56508.9,56972.5,48605.0,49502.7,6999.5065113505,67804
1620864000,49502.7,51412.4,45000.0,49774.3,7914.1889747404,71792
1620907200,49798.9,50907.6,47022.1,49675.2,5444.1472891803,54552
1620950400,49675.2,51000.0,48886.0,50620.1,2587.04037522,33375
1620993600,50625.2,51540.0,49065.0,49899.0,2774.67970523,33066
1621036800,49899.0,50827.3,47841.9,48970.8,2465.16915236,24045
1621080000,48980.6,49595.0,46600.0,46771.1,3206.64030733,35034
1621123200,46761.0,49828.8,46502.1,49056.5,1785.81147256,18729
1621166400,49049.1,49255.1,43824.3,46482.4,6423.5625590103,60744
1621209600,46474.7,46648.5,42200.0,45787.7,5362.2479090503,49513
1621252800,45785.1,45800.0,42111.2,43551.8,5875.4679428803,48937
1621296000,43551.9,45823.4,43187.7,45361.5,2380.02272353,25239
1621339200,45363.3,45384.8,42297.9,42895.2,5424.8330365202,46413
1621382400,42898.4,43562.0,35500.0,38682.8,12556.6727976008,87108
1621425600,38673.0,40683.8,29800.0,36742.3,20131.5986040811,151461
1621468800,36765.2,40753.5,35000.0,40548.5,6085.2612273703,58292
1621512000,40534.0,42559.8,38210.0,40614.6,8064.0425654806,67991
1621555200,40609.6,42270.6,39237.4,41170.7,3468.07203313,34273
1621598400,41201.1,41770.0,33533.9,37331.7,13554.7308486214,97628
1621641600,37329.1,38685.0,35250.2,38181.6,5030.4927795001,37624
1621684800,38191.5,38841.7,37092.0,37468.3,4088.4311886101,28289
1621728000,37474.8,38269.7,33879.4,35449.4,4374.76452086,36920
1621771200,35431.7,35814.7,31078.7,34718.8,10457.9739942008,78988
1621814400,34718.8,37932.8,34420.8,37661.1,3882.2242769999,31433
1621857600,37656.0,39989.9,36852.3,38833.8,7176.4833236202,49796
1621900800,38843.0,39841.8,36500.6,36594.6,4003.9446452301,34637
1621944000,36579.8,38719.8,36500.0,38388.1,5232.1809318503,38403
1621987200,38373.3,40893.6,37828.7,39923.8,3963.21449378,27276
1622030400,39923.8,40356.8,38000.0,39283.9,5270.3507630803,33600
1622073600,39290.0,39860.3,37230.0,39770.6,3318.85272184,25139
1622116800,39746.6,40398.0,38244.0,38516.4,2579.15384466,23246
1622160000,38537.1,38872.0,35124.4,35401.9,3596.2552772001,29093
1622203200,35401.9,37297.9,34719.0,35683.9,5469.4081969702,36213
1622246400,35683.8,37300.0,34632.6,35437.1,2787.4223433101,22864
1622289600,35433.7,35433.7,33652.8,34616.6,3057.9859664,27071
1622332800,34631.9,36400.0,33423.2,36385.5,2474.55284933,19275
1622376000,36385.5,36491.0,35132.1,35673.8,1980.51019538,15756
1622419200,35667.9,37189.4,34200.0,36821.7,3377.25636387,22237
1622462400,36853.9,37512.8,36353.7,37303.8,2847.34957799,20488
1622505600,37273.1,37934.3,35930.0,36603.7,2981.21596805,20463
1622548800,36596.8,37400.0,35748.0,36676.3,2721.8169672999,22428
1622592000,36676.4,37496.2,35929.2,37201.1,2364.55028006,17356
1622635200,37207.3,38209.2,37067.2,37565.3,3943.4290997101,26122
1622678400,37565.3,39471.0,37159.1,38781.6,3372.74975109,20551
1622721600,38788.9,39283.7,38360.5,39196.6,1857.32653549,16244
1622764800,39212.3,39249.8,36250.0,36578.0,2816.6789194401,24974
1622808000,36578.6,37276.3,35576.7,36847.7,2174.8385233599,22004
1622851200,36857.6,37935.8,35674.0,35889.8,1951.52066704,16641
1622894400,35881.5,36425.9,34825.9,35534.6,3581.23259282,23192
1622937600,35532.2,36479.5,35448.8,35909.5,1701.77882727,12255
1622980800,35909.4,36407.1,35251.1,35789.0,1485.76757394,11437
1623024000,35783.2,36796.3,35521.1,36388.0,1813.57175542,13148
1623067200,36394.5,36787.8,33334.3,33587.6,4352.3486994401,29467
1623110400,33578.6,34059.4,32179.5,33145.3,4271.58270549,31837
1623153600,33154.8,33904.3,31017.4,33420.0,6276.7442377102,41059
1623196800,33409.7,35065.4,32420.4,35016.5,4180.64545207,25976
1623240000,35014.7,37500.0,34596.6,37396.4,5176.8266571302,39887
1623283200,37398.9,38399.0,36257.5,37845.0,3203.35132578,26259
1623326400,37824.9,38191.6,35803.7,36678.4,4529.74926722,29996
1623369600,36684.5,37654.3,35952.7,37404.5,2377.96759257,17814
1623412800,37404.6,37568.9,36546.5,37322.2,2840.32923982,20142
1623456000,37322.2,37449.5,34680.0,35625.8,3437.69825879,22691
1623499200,35621.6,36215.0,35349.5,35544.9,2327.67590996,19136
1623542400,35544.9,36176.2,34801.0,35934.3,1754.74463055,14476
1623585600,35934.3,39409.4,35730.0,39034.6,5016.4832740001,34167
1623628800,39035.7,39819.9,38734.1,39176.5,3445.73737084,23885
1623672000,39176.4,41068.9,39050.4,40530.8,5937.9519222602,42305
1623715200,40529.1,40853.2,39540.8,39844.4,2735.70729559,21411
1623758400,39841.3,41341.8,39461.1,40166.6,4188.64623317,32303
1623801600,40167.3,40493.0,38911.0,39102.8,1931.50251424,15819
1623844800,39105.8,39777.2,38120.0,38337.1,4555.7043742101,33974
1623888000,38337.1,39561.4,38239.0,39155.4,1741.05344765,15018
1623931200,39167.7,39175.4,37405.0,38078.2,4262.1671706201,32820
1623974400,38078.2,38193.1,37083.2,37835.7,2081.71228961,16678
1624017600,37835.6,37946.8,35126.0,35824.0,4476.7566007901,31685
1624060800,35824.0,36343.5,34901.0,35965.4,1625.55742366,15245
1624104000,35942.2,36450.0,35369.4,35490.5,2859.51923205,24481
1624147200,35484.2,35899.8,33745.7,33890.1,3244.7772498801,20067
1624190400,33883.2,36112.2,33370.0,35595.0,3041.5291884201,25936
1624233600,35595.7,35750.8,31583.7,32550.1,6092.1338295602,42054
1624276800,32529.1,33238.2,31260.0,31655.2,5303.8260694703,39604
1624320000,31620.6,33266.3,31111.0,31223.0,3909.20057766,27090
1624363200,31238.0,33290.0,28816.6,32516.2,12279.7304444512,65202
1624406400,32516.5,34525.0,32402.3,33952.3,3162.66418268,23097
1624449600,33943.2,34879.4,32650.9,33683.3,3128.23038575,21846
1624492800,33685.8,33890.7,32333.0,33880.4,2086.19545371,14782
1624536000,33880.4,35311.2,33772.1,34666.6,2737.41578699,19659
1624579200,34669.6,35509.1,33267.0,33288.7,2359.64923652,16848
1624622400,33282.5,33559.7,31278.3,31583.7,4084.8619549202,30606
1624665600,31577.3,32691.1,30179.0,31786.1,2630.25807347,19813
1624708800,31762.3,32307.4,30520.1,32277.0,2530.11458052,17764
1624752000,32275.9,33478.0,32025.0,33275.8,2036.30468498,13929
1624795200,33275.8,34700.0,32474.5,34675.3,2177.8033765,17225
1624838400,34700.0,35288.1,33951.5,34112.4,1762.58814083,13924
1624881600,34112.4,34996.8,33872.6,34472.0,1917.519254,16378
1624924800,34475.9,35790.3,34268.0,35604.0,1789.95597881,14072
1624968000,35603.3,36643.2,35331.7,35903.3,2677.55934354,19519
1625011200,35876.6,36090.7,34400.0,34864.5,2860.74487189,17121
1625054400,34864.5,35208.8,34066.0,35046.2,2363.15615402,19139
1625097600,35070.4,35070.4,33028.0,33802.2,1884.43205009,14048
1625140800,33710.0,33828.9,32717.2,33532.4,2139.49409018,15117
1625184000,33513.6,34000.0,32721.4,33024.0,1788.73935563,15386
1625227200,33014.4,33883.3,32880.0,33802.9,974.05581418,10148
1625270400,33802.8,34770.0,33348.9,34611.8,1525.50765134,10782
1625313600,34617.0,34930.0,34271.0,34685.4,1246.54934039,8873
1625356800,34685.3,35727.8,34381.1,35535.1,764.79440147,7408
1625400000,35535.1,35948.9,35203.1,35305.0,811.06307701,8279
1625443200,35305.1,35305.1,33340.0,33413.2,1797.2770362,14991
1625486400,33411.4,34279.4,33080.3,33697.6,2150.65033365,14142
1625529600,33700.1,35113.4,33657.6,34086.0,1434.09967457,15635
1625572800,34075.8,34494.0,33555.0,34235.0,1515.28248793,12860
1625616000,34215.4,34975.4,33955.4,34826.5,1046.12692098,9186
1625659200,34836.7,35065.4,33825.5,33885.1,2076.41583237,12766
1625702400,33885.1,33946.8,32112.6,32720.1,3662.08887536,19804
1625745600,32720.1,33187.0,32367.1,32882.2,1717.78770679,12686
1625788800,32878.4,33396.9,32273.3,32767.7,1276.3315088,9717
1625832000,32767.6,34088.0,32644.3,33791.0,1422.97737899,12339
1625875200,33820.7,34252.8,33502.1,33807.9,1004.42145801,7776
1625918400,33807.8,34196.0,32968.2,33522.2,1911.73854029,10498
1625961600,33516.5,33856.8,33335.1,33797.5,481.75801043,4479
1626004800,33797.5,34612.1,33671.4,34246.9,995.0651329,8588
1626048000,34246.9,34665.7,33550.0,33550.0,915.82611557,8649
1626091200,33550.1,33618.6,32678.0,33107.3,1495.99340244,12694
1626134400,33101.8,33340.7,32775.0,33048.5,922.74478014,7810
1626177600,33015.4,33016.1,32204.0,32722.9,1908.33365824,13436
1626220800,32722.9,32799.9,31555.6,32460.0,2051.96126231,14118
1626264000,32476.1,33114.5,32286.3,32815.2,1354.3755369,10144
1626307200,32815.2,33188.3,31788.1,31885.0,1305.77659006,10823
1626350400,31885.1,32172.0,31150.1,31832.6,2044.26150692,15290
1626393600,31868.5,32044.2,31050.0,31093.2,1418.16867139,9597
1626436800,31088.3,32250.0,31073.7,31405.9,2127.60135046,13628
1626480000,31405.9,31934.4,31175.2,31403.7,1299.12152764,11435
1626523200,31398.7,31921.2,31354.3,31510.0,1194.4556377,9893
1626566400,31503.3,32440.4,31500.0,31795.9,664.44509086,6173
1626609600,31795.9,31911.0,31133.4,31780.1,1086.19296445,8097
1626652800,31783.9,31894.6,31190.0,31267.1,1007.21737217,6615
1626696000,31241.1,31350.0,30415.1,30820.5,2007.79852135,14160
1626739200,30827.2,31065.9,29288.6,29697.3,2671.58889655,16855
1626782400,29712.5,30000.0,29289.7,29788.1,2309.53588316,12121
1626825600,29788.1,31634.4,29505.0,31572.5,2469.85710144,13337
1626868800,31591.2,32844.4,31444.7,32125.0,3192.59120479,21366
1626912000,32125.0,32384.8,31722.4,31914.5,1303.25917987,9230
1626955200,31914.6,32607.9,31749.9,32283.3,1362.66779402,7903
1626998400,32283.3,32888.0,32228.5,32312.1,992.02783424,6642
1627041600,32303.8,33639.0,32015.1,33639.0,1348.22587265,11038
1627084800,33639.0,34042.5,33431.8,33888.5,957.39968926,8754
1627128000,33888.8,34525.9,33724.9,34284.6,839.2007444501,24232
1627171200,34281.7,34807.4,33909.6,34406.4,700.75457178,11671
1627214400,34412.3,35436.0,33869.9,35413.6,1489.53648406,11244
1627257600,35421.2,39730.3,35254.9,38494.9,4940.5257115101,34163
1627300800,38495.0,40533.0,36800.0,37274.9,5349.6313988701,38178
1627344000,37270.3,38086.1,36406.8,38069.8,1660.27381311,15209
1627387200,38069.7,39524.3,37387.3,39506.2,3373.6340418701,25506
1627430400,39475.1,40890.0,38927.1,40783.2,3268.23450097,19836
1627473600,40777.9,40919.1,38805.0,40011.0,3956.95002715,26435
1627516800,40025.4,40625.0,39267.2,39808.0,1477.33523087,11954
1627560000,39792.4,40400.0,39394.3,40000.0,1719.76516384,12682
1627603200,40000.0,40250.0,38345.1,38659.1,1660.11870473,12543
1627646400,38671.3,42306.8,38613.0,42229.6,3456.70044606,23971
1627689600,42234.9,42400.0,41234.0,41588.1,1503.98704614,12182
1627732800,41565.5,42000.0,41060.9,41488.5,1449.70794112,12099
1627776000,41500.2,42598.7,41163.4,41598.6,1339.77875267,10704
1627819200,41597.0,41804.4,39413.5,39889.1,2107.20185716,17591
1627862400,39889.9,40440.8,39275.6,39549.9,1651.35882685,11387
1627905600,39550.0,39981.3,38700.0,39152.3,1853.34953391,14826
1627948800,39152.4,39791.1,38008.1,38502.1,1283.211947,11838
1627992000,38493.7,38677.9,37655.0,38163.0,1669.75677244,15113
1628035200,38163.0,38556.3,37527.9,38155.8,1018.30431225,9576
1628078400,38169.0,39950.0,38154.7,39749.0,2261.79190542,16310
1628121600,39749.0,39840.7,37839.9,38008.5,1231.04992907,11891
1628164800,38000.1,41403.5,37355.0,40886.4,3491.93603224,26689
1628208000,40886.5,41200.1,39900.0,40548.2,1586.6389289,13195
1628251200,40548.2,43401.9,40332.5,42823.9,3600.76880446,26415
1628294400,42861.7,43999.8,42626.3,43850.0,1982.30570804,15327
1628337600,43850.0,44721.8,42495.0,44610.7,2635.56480829,23718
1628380800,44612.1,45348.0,43742.2,44478.2,1886.53042492,16683
1628424000,44479.2,45198.0,43320.0,43845.6,1780.75550442,16998
1628467200,43845.6,46013.5,42827.7,45989.0,1933.67791245,17464
1628510400,45979.8,46484.1,44908.9,46307.1,3720.42366908,27295
1628553600,46300.8,46688.0,45250.0,45376.9,1266.7308659,14644
1628596800,45376.6,46113.6,44666.0,45595.1,1835.31267379,17887
1628640000,45606.9,46580.5,45373.5,45960.2,1686.79878257,15503
1628683200,45960.1,46736.4,45571.7,45571.7,1817.73402773,16033
1628726400,45570.0,46195.4,44561.3,44762.5,1615.7399237,14343
1628769600,44770.9,44960.1,43800.1,44401.1,1954.68631662,16413
1628812800,44401.1,46543.0,44251.2,46200.0,1581.03217262,12861
1628856000,46200.1,47898.5,46156.1,47823.3,2235.11717954,16983
1628899200,47823.2,48164.0,46042.5,46590.5,1440.2454276,14075
1628942400,46590.5,47394.0,46129.4,47115.2,1529.95371448,12952
1628985600,47111.8,47385.0,45625.0,45961.5,852.70385737,10184
1629028800,45952.2,47330.3,45550.0,47019.3,1248.65523829,13094
1629072000,47023.7,48072.6,46833.6,47534.0,1033.41840901,11886
1629115200,47533.9,47699.0,45697.4,45926.3,1705.97216317,17421
1629158400,45926.2,47172.3,45287.0,46860.9,1271.98492596,12461
1629201600,46869.8,47087.0,44401.2,44672.2,2020.6574412,20074
1629244800,44672.3,45564.9,44250.0,44750.8,1195.70947302,12567
1629288000,44799.8,46000.0,44459.5,44714.7,2017.46997881,19120
1629331200,44720.2,45185.0,44000.0,44250.0,829.43898257,10341
1629374400,44250.0,47062.2,44142.3,46765.3,1798.41432633,18338
1629417600,46770.8,47371.0,46662.9,46927.0,867.10833446,10044
1629460800,46903.6,49400.0,46902.9,49345.4,2674.12538697,22571
1629504000,49345.5,49400.0,48267.6,48574.3,1459.8384126,19263
1629547200,48574.3,49790.0,48503.1,48865.4,1237.63662734,14538
1629590400,48865.3,49462.0,48628.7,49134.1,458.07551079,5836
1629633600,49134.1,49532.3,48058.1,49293.6,1282.10851553,11914
1629676800,49293.4,50500.0,49096.6,50447.6,1494.17402428,13840
1629720000,50436.7,50477.3,49060.0,49517.3,1625.08700483,14916
1629763200,49517.2,49867.0,48818.7,49464.1,819.40633919,9808
1629806400,49464.1,49485.3,47601.1,47725.4,2329.8866033,21241
1629849600,47715.1,48632.2,47146.3,47591.5,974.4746094,11924
1629892800,47586.4,49245.0,47321.2,48991.3,1639.44872628,16594
1629936000,48991.4,49350.0,46551.9,46875.6,1723.01048052,16346
1629979200,46875.5,47449.9,46284.8,46848.9,1471.85039512,15232
1630022400,46846.7,47781.0,46386.4,47504.6,1189.52347294,11524
1630065600,47504.7,49174.9,47047.5,49074.9,1483.1242669,15438
1630108800,49074.9,49314.0,48662.9,48714.2,456.52733021,6441
1630152000,48714.8,49182.0,48393.9,48895.7,844.19107605,7913
1630195200,48895.7,49653.9,47800.0,48169.0,1209.64218361,10198
1630238400,48166.0,49475.0,48131.5,48787.7,1022.88222395,9607
1630281600,48787.7,48900.0,47621.6,47932.6,951.98296138,10026
1630324800,47934.1,48728.4,46861.6,46985.7,1576.09502254,15255
1630368000,46987.1,48094.4,46715.0,47974.1,1200.30711895,11650
1630411200,47974.1,48248.0,46805.2,47140.0,1013.4437002,14115
1630454400,47140.0,47783.4,46550.0,47749.9,823.36123941,10831
1630497600,47749.9,49137.3,47308.0,48872.2,1751.7205807,16267
1630540800,48872.1,50352.9,48622.0,50096.0,1809.01059555,15008
1630584000,50101.0,50372.9,49188.2,49290.3,1627.65392062,14043
1630627200,49290.2,50500.0,48356.0,50219.9,1436.1445861,14106
1630670400,50220.0,51009.7,49610.0,50018.6,2192.67968721,18865
1630713600,50022.9,50559.5,49594.1,49953.3,719.54772952,8601
1630756800,49953.4,50332.6,49363.6,49956.1,884.77100412,9654
1630800000,49956.1,50370.0,49512.4,50223.6,426.40852003,6119
1630843200,50223.8,51890.9,50076.2,51767.9,1381.31851408,13989
1630886400,51768.0,52292.3,51316.8,51393.1,1439.51188882,10676
1630929600,51411.0,52800.0,51025.5,52688.3,1539.87349263,13776
1630972800,52688.2,52900.0,50534.8,50958.6,1959.2757771,18689
1631016000,50941.9,51088.8,42000.0,46882.1,6838.2775956706,61734
1631059200,46889.5,47362.4,44444.0,46433.6,2106.56522592,19522
1631102400,46424.4,46800.0,45688.0,46073.4,1380.30559799,14217
1631145600,46064.3,46550.6,45498.7,46316.9,917.35213095,11337
1631188800,46317.2,47399.0,45643.9,46389.6,1411.41466167,15739
1631232000,46389.7,47035.8,45656.9,46320.1,824.0423122,10978
1631275200,46320.1,46482.6,44135.2,44842.2,2479.03065819,19917
1631318400,44842.2,45705.5,44741.0,45580.8,789.89299262,8583
1631361600,45582.7,45992.4,45000.3,45137.4,450.08038371,6860
1631404800,45148.8,46173.1,44770.0,46070.3,447.88316534,6700
1631448000,46079.7,46487.9,44900.0,46061.3,754.18349629,10176
1631491200,46061.3,46264.7,44200.0,44908.9,1068.28209115,13199
1631534400,44901.2,46879.0,43374.9,44965.8,2605.23695804,22499
1631577600,44965.8,46178.9,44700.0,45990.5,595.62628336,7851
1631620800,45993.4,47260.0,45772.1,47145.9,1518.50638675,16166
1631664000,47110.5,47685.9,46744.0,47569.8,729.98524717,9007
1631707200,47573.8,48481.0,47338.4,48152.3,1430.41256551,14020
1631750400,48152.3,48485.8,47339.8,47947.0,864.15025636,9265
1631793600,47947.0,48212.2,47030.1,47786.9,1508.82294462,13483
1631836800,47786.9,48185.9,47308.9,47413.2,790.87925839,8963
1631880000,47413.2,47713.2,46745.7,47269.7,1216.95646037,11619
1631923200,47269.7,48800.0,47077.9,48370.6,657.56336408,8004
1631966400,48370.7,48650.0,47849.1,48309.9,619.52042788,7302
1632009600,48306.9,48379.1,47200.0,47332.2,544.43264276,6557
1632052800,47307.1,47757.6,46851.2,47237.8,675.07785939,8213
1632096000,47247.3,47307.7,43242.0,43743.9,2848.31321175,20756
1632139200,43744.0,44250.0,42510.0,42992.9,2907.47326138,23764
1632182400,42992.9,43624.7,40200.0,43287.3,3227.7677686901,22726
1632225600,43279.9,43531.6,39579.0,40710.6,4033.3838358801,30214
1632268800,40710.5,42748.0,40600.0,41948.1,1530.50881705,13475
1632312000,41936.6,44024.2,41923.0,43562.8,1973.02898723,17796
1632355200,43563.3,44418.3,43111.6,43627.8,1977.95030325,13234
1632398400,43627.9,45000.0,43428.6,44889.8,2198.76123808,15222
1632441600,44888.9,45153.0,40750.0,41585.4,2609.97526586,22327
1632484800,41537.0,43200.0,40900.0,42833.2,1802.40255728,17104
1632528000,42831.7,43021.7,41705.1,42554.9,516.20589925,8012
1632571200,42514.2,42835.6,42205.5,42710.1,542.36593661,7065
1632614400,42710.1,43789.9,40802.7,43078.8,1494.7674837,16290
1632657600,43078.9,43930.4,42700.0,43204.6,755.99575375,7925
1632700800,43175.2,44333.0,42954.0,43785.5,722.86866524,7699
1632744000,43785.4,44044.0,42120.7,42176.3,1255.03097635,13319
1632787200,42176.3,42750.0,41539.7,42101.1,808.90864851,8006
1632830400,42094.6,42571.5,40875.6,41038.4,1422.80392355,12990
1632873600,41016.0,42480.0,40772.2,42402.3,697.55989008,8047
1632916800,42419.9,42579.9,40891.8,41524.8,1010.69896892,12454
1632960000,41523.9,43849.8,41423.7,43049.9,1597.1876437998,20714
1633003200,43050.0,44100.0,42802.0,43798.7,1456.4586469099,17103
1633046400,43798.7,47748.2,43300.3,47499.8,3689.6919299101,21965
1633089600,47499.8,48475.0,46743.3,48163.7,2822.84855604,17579
1633132800,48168.8,48271.0,47487.1,47718.3,630.26515679,6903
1633176000,47718.2,48349.2,47564.0,47662.0,990.91133668,10751
1633219200,47657.3,48092.3,47131.1,47991.5,520.65930681,6979
1633262400,47986.9,49257.9,47641.4,48230.2,1132.47819432,12003
1633305600,48228.6,48279.7,47300.0,47610.1,688.18097178,7540
1633348800,47610.0,49500.0,46895.8,49243.3,2140.74777792,20344
1633392000,49239.2,50361.6,49084.3,49900.0,1379.25362901,13146
1633435200,49900.0,51888.0,49612.0,51487.0,2668.06096003,20444
1633478400,51492.9,51799.9,50366.4,51345.8,1536.11738514,13925
1633521600,51339.9,55770.0,51331.2,55350.2,5844.1161614604,38041
1633564800,55350.2,55352.2,53827.2,54345.0,1408.31361056,14659
1633608000,54345.1,54714.6,53399.8,53817.3,1715.54661341,16219
1633651200,53817.4,56114.1,53685.0,55255.2,1301.62696648,14702
1633694400,55256.0,55295.9,53797.9,53960.5,1329.14532535,14709
1633737600,53960.9,55358.0,53700.0,54839.8,644.35481596,10363
1633780800,54839.7,55515.1,54348.8,54960.2,594.43372609,8895
1633824000,54967.4,56090.0,54118.6,55156.3,870.07624771,11346
1633867200,55156.4,56500.0,54396.6,54677.5,1425.03193372,14342
1633910400,54678.9,57000.0,54450.2,56435.9,1258.5273065,14029
1633953600,56435.8,57837.7,56161.8,57499.5,1528.56882254,17909
1633996800,57482.8,57673.8,56450.0,57253.4,1176.59173687,13062
1634040000,57253.2,57449.9,54019.2,56010.1,2523.24499616,23050
1634083200,55991.9,56561.5,54271.2,55214.9,1259.26773072,13135
1634126400,55215.1,57777.0,54556.8,57381.2,1759.46818913,20215
1634169600,57381.2,58580.4,57159.5,57607.6,1303.62312565,13267
1634212800,57612.4,58125.0,56825.0,57377.6,1290.60047999,15354
1634256000,57357.1,59968.0,56888.5,59500.0,1912.65987214,20598
1634299200,59522.0,62887.5,59250.0,61656.2,3258.99781506,33148
1634342400,61669.8,62400.0,61083.0,61621.7,896.8988412,10839
1634385600,61609.0,61609.0,60162.0,60873.4,1066.82922326,14122
1634428800,60868.5,61437.9,60227.7,60979.2,600.20546872,9604
1634472000,60979.1,61674.3,58900.2,61526.5,1542.05897102,18770
1634515200,61526.1,62672.6,60675.0,60908.6,1811.8631807,16616
1634558400,60908.7,62336.7,59900.0,62037.7,1594.32738352,18609
1634601600,62009.6,63000.0,61692.9,62153.0,962.3449366,11546
1634644800,62142.6,64448.0,61320.0,64284.9,2602.14713007,26655
1634688000,64291.6,64368.9,63546.2,63837.0,755.27567555,10583
1634731200,63837.1,66982.2,63837.0,66035.8,2798.1258311901,30042
1634774400,66035.7,66637.8,54100.0,64820.7,3328.06345727,29284
1634817600,64820.6,65578.1,62050.0,62198.0,3176.8976911001,28348
1634860800,62197.4,63757.9,62132.4,63386.7,967.53752011,11311
1634904000,63386.6,63677.3,60034.2,60687.5,2005.24252083,22286
1634947200,60687.5,61652.5,59610.4,61521.6,713.54869881,10822
1634990400,61521.6,61713.9,60741.1,61296.9,562.82839372,9289
1635033600,61297.6,61450.0,60200.0,60338.9,342.90100546,7442
1635076800,60317.6,61321.2,59523.0,60882.5,1100.28900771,13570
1635120000,60865.1,63180.0,60674.0,62761.6,976.60980048,11231
1635163200,62762.1,63700.0,62520.9,63081.8,1280.22635886,16381
1635206400,63081.7,63288.0,62250.0,62755.7,550.71786901,8548
1635249600,62759.5,62848.6,59824.2,60310.2,2024.65977573,21618
1635292800,60325.1,61477.1,58140.6,58593.0,2364.37935353,25458
1635336000,58592.1,59600.0,58242.1,58500.1,1596.59975775,18140
1635379200,58500.1,61284.3,58140.7,61000.0,1413.60643824,18439
1635422400,61000.0,62490.0,57948.0,60613.5,3108.17135575,27866
1635465600,60604.5,62070.1,60223.5,60954.1,1070.45414814,15346
1635508800,60944.9,62950.0,60776.6,62246.5,1658.39842275,15927
1635552000,62246.4,62359.2,61111.0,61614.6,475.04275844,7514
1635595200,61602.7,62281.0,60741.1,61866.3,727.7642601,14725
1635638400,61879.2,62422.8,60330.0,60479.4,765.59083655,13100
1635681600,60479.4,61658.7,60051.0,61380.1,752.43955489,13296
1635724800,61380.1,62500.0,59449.1,61851.0,1428.933027,15524
1635768000,61851.0,62216.5,60325.2,60954.5,1224.35842778,16064
1635811200,60954.5,63627.7,60665.9,62982.8,1133.24582867,15534
1635854400,62982.2,64327.0,62706.8,63279.7,1614.92656455,21928
1635897600,63279.8,63550.4,62773.1,63162.8,675.0012236,10587
1635940800,63162.9,63377.3,60810.3,62942.9,1900.67630717,21066
1635984000,62938.0,63115.0,61330.1,61497.2,763.92751035,11284
1636027200,61492.0,62414.8,60644.2,61449.0,1111.83528426,15319
1636070400,61448.9,62631.9,60887.1,61301.2,657.15423728,10551
1636113600,61310.7,61953.4,60804.4,61006.2,774.27643046,12538
1636156800,61007.4,61602.1,60200.0,60399.9,696.93835193,10613
1636200000,60399.9,61550.1,60129.8,61536.3,641.04663231,9640
1636243200,61535.4,62385.0,61388.0,61934.9,677.9443849,10501
1636286400,61935.0,63317.8,61786.7,63317.8,876.05758398,12974
1636329600,63319.6,66420.0,63319.6,66055.2,2030.39633808,23666
1636372800,66063.1,67777.7,65200.1,67559.8,1832.69950213,22377
1636416000,67550.8,68495.0,67122.3,67612.4,1495.80917801,17257
1636459200,67612.5,68105.0,66316.0,66950.0,1633.16304027,19385
1636502400,66950.1,67350.0,66308.5,66542.3,1081.43183018,12111
1636545600,66540.8,68991.0,62700.1,64969.0,5272.2887668903,48971
1636588800,64969.0,65611.8,64108.2,65273.7,881.60837385,11541
1636632000,65273.8,65468.8,64428.0,64825.4,725.18340457,12898
1636675200,64825.1,65483.2,63522.0,63750.0,951.73777975,13614
1636718400,63750.6,64533.1,62300.5,64153.0,2201.55761597,22002
1636761600,64151.3,64453.4,63415.0,63568.8,622.59954481,7769
1636804800,63567.2,64982.5,63493.1,64393.1,768.87487546,10550
1636848000,64394.5,65313.8,64104.4,64473.0,541.03732384,8016
1636891200,64473.1,65495.0,63636.0,65495.0,938.83540508,12805
1636934400,65495.0,66349.6,65286.0,65747.5,893.76850504,12040
1636977600,65751.8,65948.8,63423.1,63615.8,1290.62541298,18293
1637020800,63615.8,63615.8,58630.0,60619.1,3910.2170385801,37740
1637064000,60611.5,61388.0,59165.7,60137.2,1630.30694554,20614
1637107200,60137.2,60847.0,58400.0,60843.5,1687.22506361,17430
1637150400,60843.5,60843.5,59419.0,60367.8,1435.10964637,14922
1637193600,60368.6,60964.4,59050.0,59226.2,1485.08894968,15810
1637236800,59226.2,59913.6,56526.2,56921.7,3096.70563998,32480
1637280000,56910.8,57500.0,55674.0,57049.2,1130.12133309,15859
1637323200,57046.9,58384.5,56800.0,58099.6,1111.79795222,17487
1637366400,58107.2,59000.0,58008.0,58668.9,694.18206049,9313
1637409600,58668.9,59879.0,57435.2,59744.2,1051.33928609,14100
1637452800,59744.2,59789.0,58532.8,58770.1,501.45159453,8856
1637496000,58770.0,60050.0,58601.0,58646.2,872.63271299,12310
1637539200,58660.3,58763.9,56850.0,57251.2,1740.39696167,14667
1637582400,57251.2,59411.8,55633.6,56295.5,2178.26054197,24095
1637625600,56290.2,57666.0,55362.7,56142.1,2249.23798567,19290
1637668800,56148.1,57850.0,56134.1,57571.4,1555.95573187,16497
1637712000,57574.0,57738.9,56200.0,56645.4,1385.38735803,13705
1637755200,56644.3,57493.1,55909.0,57203.3,1119.23716563,17370
1637798400,57170.4,58468.1,57053.0,58044.1,1379.98139891,13633
1637841600,58055.2,59400.0,57997.8,58932.6,1399.707915,17184
1637884800,58955.3,59193.8,53750.0,53754.9,2888.95193171,31165
1637928000,53760.9,54905.4,53571.0,53789.0,3198.39632237,23759
1637971200,53776.5,55314.1,53658.6,54670.8,2439.61443524,14574
1638014400,54653.5,55257.1,54070.6,54784.9,517.62015341,10898
1638057600,54757.5,54957.0,53721.3,54526.2,547.43353257,10721
1638100800,54526.3,57485.7,53300.0,57300.0,1610.50886093,19212
1638144000,57300.0,58314.3,56755.1,56953.9,1011.13336023,15067
1638187200,56953.8,58890.0,56908.6,57830.2,1967.99777555,23502
1638230400,57830.2,58006.3,55932.6,57678.9,1761.00600684,16889
1638273600,57673.4,59230.0,56555.1,56980.7,2119.8762921,29639
1638316800,57007.4,57829.6,56681.9,57180.6,1677.84833856,15468
1638360000,57232.9,59090.7,56520.0,57237.9,2533.70669453,25990
1638403200,57237.2,57408.2,55848.2,56366.2,2065.33931645,15776
1638446400,56359.6,57410.2,56058.2,56526.4,1161.49551746,17581
1638489600,56528.2,57343.1,56127.8,57051.7,1030.85521869,10173
1638532800,57041.8,57688.9,51752.6,53678.6,3335.4098676901,31930
1638576000,53675.0,53893.4,40150.1,46571.1,7015.0908724507,69603
1638619200,46571.1,49526.6,46571.1,49255.1,1921.2847928,23670
1638662400,49245.0,49750.0,48388.4,49346.9,1433.10731156,14940
1638705600,49320.8,49719.9,47832.2,49443.3,2309.40339758,20116
1638748800,49444.0,49498.7,47210.0,48636.5,1824.08683209,17791
1638792000,48652.8,50957.6,47856.0,50564.3,2246.3060919,21822
1638835200,50544.8,51575.9,50417.6,51548.7,1054.88073905,11883
1638878400,51548.7,51955.0,50100.0,50650.1,1657.86914509,20598
1638921600,50650.1,50836.4,48900.0,49239.6,1622.70137657,12233
1638964800,49231.8,51202.5,48579.3,50515.1,1374.79510225,14916
1639008000,50525.1,50819.5,48922.9,49207.3,1044.28050754,10308
1639051200,49207.4,49645.9,47298.4,47581.6,1647.21930326,20116
1639094400,47576.4,48798.2,47470.0,48706.0,838.60318066,12179
1639137600,48705.9,50114.2,46888.8,47218.3,2484.93857514,22085
1639180800,47173.9,48966.8,46800.0,48283.8,983.01871716,11556
1639224000,48283.8,49500.0,48222.0,49367.2,1085.39805423,12030
1639267200,49406.0,49698.0,48697.8,49151.1,830.2544698,10050
1639310400,49151.2,50788.4,49150.8,50113.2,1192.10951225,12600
1639353600,50098.8,50219.8,48222.0,48879.0,1417.5095242,15413
1639396800,48869.6,49000.0,45759.0,46732.2,3497.91354855,25672
1639440000,46732.2,47725.0,46313.7,47646.1,1522.00007656,15764
1639483200,47646.1,48690.0,46454.4,48399.2,2308.82398699,20008
1639526400,48399.2,48789.9,47880.0,48152.6,940.40852089,9611
1639569600,48152.5,49512.5,46632.0,48881.3,3310.07318674,24900
1639612800,48881.8,49465.6,48531.1,49209.0,1019.71920063,11827
1639656000,49209.1,49276.9,47560.0,47631.0,2325.55463634,20170
1639699200,47639.9,48001.9,46755.3,47126.2,1307.25265803,15194
1639742400,47111.2,47467.3,45500.0,46168.3,2487.62313792,23733
1639785600,46166.6,47333.6,45520.2,47098.3,1292.16120851,15232
1639828800,47102.4,47227.1,46363.7,46864.3,576.82629104,9131
1639872000,46858.0,48048.0,46484.8,47184.4,832.47784116,9484
1639915200,47184.7,48289.0,46512.4,46688.4,1234.84190006,13260
1639958400,46687.8,47214.0,45802.0,46131.1,1269.01692549,12850
1640001600,46109.6,47549.8,45600.0,46898.1,1720.00036198,17750
1640044800,46907.3,49039.5,46676.5,48888.2,2027.41112424,15082
1640088000,48888.1,49321.1,48295.4,48925.9,1851.8116077,14770
1640131200,48925.9,49599.8,48626.9,49000.0,1038.04717299,11514
1640174400,49001.1,49250.9,48491.0,48624.9,998.59500231,13056
1640217600,48624.9,48728.0,48042.3,48402.5,511.71699382,8452
1640260800,48421.5,51391.2,48345.1,50818.8,2567.6224862,23790
1640304000,50818.8,51500.0,50690.0,51020.4,1031.16665267,10712
1640347200,51019.9,51844.4,50456.0,50834.3,1331.94394599,18071
1640390400,50834.2,51154.2,50600.6,50707.6,712.71927709,7835
1640433600,50707.6,51125.1,50209.2,50436.0,510.07669262,7521
1640476800,50436.1,50700.0,49427.9,49790.6,505.28640093,7277
1640520000,49788.9,51242.0,49694.2,50797.3,574.01763986,8234
1640563200,50797.4,51148.3,50480.2,50768.9,403.92462823,6888
1640606400,50768.9,52111.0,50627.6,50687.4,1225.45069476,15080
1640649600,50687.5,50693.5,48699.1,49224.3,1886.24283563,17591
1640692800,49221.1,49340.0,47305.5,47548.1,1635.26636067,17626
1640736000,47549.8,48123.7,47389.6,47745.3,575.4386811,8807
1640779200,47743.6,48042.9,46120.0,46473.2,1771.1267191,17207
1640822400,46464.5,47569.0,45930.1,47530.6,747.12377543,9778
1640865600,47535.8,47907.4,46755.4,47143.8,1181.56034694,12312
1640908800,47143.8,48591.6,46823.4,47971.3,1222.25584878,12220
1640952000,47971.4,48120.0,45530.3,46150.0,1890.76186773,16413
1640995200,46150.0,47500.0,46150.0,46758.4,1331.55465233,9980
1641038400,46763.9,47922.6,46763.9,47738.3,802.13241865,9113
1641081600,47736.5,47763.5,46800.0,47248.0,244.98826769,6050
1641124800,47247.9,47950.4,46700.0,47304.6,1098.77099467,13334
1641168000,47301.2,47404.5,46750.0,47384.7,740.06693885,8070
1641211200,47385.5,47567.2,45707.9,46452.6,1393.07484041,15861
1641254400,46452.5,46758.1,45950.0,46720.0,400.55134147,7280
1641297600,46720.0,47500.0,45548.7,45858.5,1819.33891588,15537
1641340800,45858.5,47066.5,45723.6,46279.0,447.60803362,7438
1641384000,46279.1,46821.9,42505.0,43410.0,3622.8748439701,28752
1641427200,43432.5,43748.0,42424.0,42834.0,2375.08404736,17816
1641470400,42834.1,43666.9,42642.0,43124.4,2419.61727801,21608
1641513600,43124.5,43134.9,41005.0,42205.1,2936.65180136,18939
1641556800,42250.1,42737.5,40666.0,41523.6,2834.6405072,18649
1641600000,41523.7,42214.5,41523.7,41948.9,404.83099889,6816
1641643200,41951.3,42302.4,40555.0,41693.2,2159.90585508,18007
1641686400,41693.2,42179.1,41400.8,41833.3,767.95682597,6324
1641729600,41833.3,42786.7,41249.7,41862.9,1238.65775422,9896
1641772800,41867.1,42239.6,41431.3,41532.4,834.29358103,7568
1641816000,41532.4,42123.8,39659.9,41855.3,3296.9887009401,22357
1641859200,41855.2,42606.3,41581.1,41876.9,971.81136247,8612
1641902400,41839.7,43127.5,41315.5,42728.8,2345.03769828,18606
1641945600,42728.8,43430.0,42480.0,42955.8,683.65585642,7983
1641988800,42943.7,44348.5,42900.0,43927.8,2164.315876,17391
1642032000,43927.8,44030.5,43459.5,43650.0,517.88912753,7678
1642075200,43650.0,44420.1,42352.0,42550.0,2442.17829095,17729
1642118400,42550.0,42991.0,41870.9,42026.0,846.38832186,9320
1642161600,42024.1,43473.1,41800.0,43090.0,1865.57279886,14841
1642204800,43090.0,43301.4,42746.8,43022.0,364.32188723,6823
1642248000,43022.0,43791.6,42600.0,43111.5,611.22993124,10332
1642291200,43111.5,43333.2,42805.0,43006.9,409.20522485,6203
1642334400,43004.4,43463.8,42614.9,43114.5,854.80470332,8928
1642377600,43114.5,43200.6,42350.0,42692.1,487.56415735,6921
1642420800,42689.6,42794.4,41579.2,42248.1,1189.85601537,11669
1642464000,42248.0,42425.4,41403.0,41888.2,588.75560564,7095
1642507200,41873.5,42667.0,41288.0,42383.0,1274.44261455,12077
1642550400,42371.3,42514.2,41159.0,42054.2,697.61828403,9502
1642593600,42056.0,42577.8,41576.3,41686.2,1222.57007939,12469
1642636800,41686.2,42233.2,41678.6,42152.7,308.11982074,5876
1642680000,42152.7,43497.4,40577.1,40686.9,2787.64904394,21755
1642723200,40686.9,41115.7,38300.0,38890.6,3167.2338282301,23227
1642766400,38890.6,39065.4,35409.7,36468.4,5709.7644828101,36402
1642809600,36446.2,36814.5,34007.7,35427.6,2817.5863351399,24738
1642852800,35413.2,36187.4,34287.3,35067.6,2565.33099477,19787
1642896000,35070.8,36176.6,34826.2,35703.3,963.16225811,9840
1642939200,35703.2,36500.0,34613.3,36277.5,1422.40173453,12451
1642982400,36270.1,36270.1,33013.2,33699.4,2133.05981453,16541
1643025600,33697.4,37500.0,32940.1,36699.5,5506.5952819901,31472
1643068800,36699.5,36777.4,35685.3,36437.0,866.6232339,9429
1643112000,36437.4,37552.8,36000.4,36987.8,2320.34033807,16650
1643155200,36994.6,38250.0,36600.0,38098.5,1067.75439522,10624
1643198400,38099.0,38899.9,36251.2,36827.6,4458.44254561,29344
1643241600,36827.7,37098.7,35550.0,36704.1,2620.63174432,13430
1643284800,36704.1,37242.5,35548.5,37200.5,1655.84842956,15994
1643328000,37168.0,37499.9,36332.0,36438.9,1059.73034161,10220
1643371200,36453.3,37999.9,36172.3,37737.9,1603.07664967,14568
1643414400,37735.7,37992.9,37501.0,37767.0,438.06705511,7080
1643457600,37767.0,38719.5,37275.7,38164.9,1299.58458872,13203
1643500800,38188.3,38358.0,37800.0,38131.6,506.66745504,6173
1643544000,38134.5,38252.8,37389.0,37930.1,530.96391195,8305
1643587200,37914.0,37950.0,36667.5,37302.3,794.34683232,8717
1643630400,37302.2,38786.0,36845.4,38512.1,1726.68145973,14928
1643673600,38512.0,39156.4,38050.0,38489.0,1621.5121504,11481
1643716800,38489.0,39290.0,38194.1,38719.9,1714.50131873,15680
1643760000,38721.4,38878.8,38236.4,38524.7,529.54684277,7369
1643803200,38517.0,38837.6,36600.0,36903.3,2196.25028594,17222
1643846400,36921.5,37131.5,36300.0,36797.9,660.18416805,8108
1643889600,36798.0,37389.0,36269.8,37324.4,1061.35109607,12763
1643932800,37324.3,38251.0,37073.9,37839.6,1108.45463305,9498
1643976000,37837.3,41774.0,37324.5,41585.5,3161.53164286,23987
1644019200,41597.2,41926.4,41234.8,41478.9,1195.04185635,10928
1644062400,41478.3,41902.0,40883.7,41419.0,1016.11502726,13988
1644105600,41419.0,41844.8,41330.0,41523.6,862.96081305,8787
1644148800,41523.6,42694.5,41141.9,42419.5,955.11099501,13405
1644192000,42426.1,43011.1,41697.4,42750.4,1213.45616961,11223
1644235200,42750.5,44528.6,42502.5,43867.2,3391.2256700601,28332
1644278400,43873.1,45500.0,43559.9,44000.0,1532.64871293,16018
1644321600,43999.9,44431.8,42709.6,44079.1,1899.80103695,19645
1644364800,44083.1,44344.8,43187.2,43769.6,1155.65859066,10100
1644408000,43763.2,44831.0,43661.0,44420.0,2054.77080895,17048
1644451200,44420.1,45202.7,43643.5,44866.6,796.88466308,11006
1644494400,44867.8,45900.0,43228.0,43537.5,4681.6861824201,28393
1644537600,43537.5,43795.3,42664.6,43400.2,1330.30770133,12994
1644580800,43392.2,43944.9,42000.0,42400.2,2031.08242729,19731
1644624000,42400.1,42502.8,41760.9,42429.6,889.5484421,9830
1644667200,42427.1,43038.2,41760.6,42241.0,1050.15110598,12876
1644710400,42241.1,42674.0,42087.1,42501.8,292.87853712,6617
1644753600,42501.8,42768.5,41893.1,42062.6,831.8388666,10552
1644796800,42062.5,42434.0,41573.1,42133.3,708.59782508,9339
1644840000,42144.5,42852.0,41845.0,42563.5,1209.66931109,13678
1644883200,42563.4,44450.0,42469.6,44280.1,1116.05199318,11811
1644926400,44280.0,44770.8,43867.9,44563.1,1074.8679214,12561
1644969600,44563.1,44580.2,43706.4,44206.6,455.30883786,8159
1645012800,44221.7,44376.5,43236.5,43873.1,1297.59759239,13521
1645056000,43873.0,44179.4,43000.0,43199.7,808.72865632,10194
1645099200,43199.3,43355.6,40100.0,40543.9,2880.7853733101,21929
1645142400,40547.4,40957.3,40112.2,40207.2,853.30816381,9130
1645185600,40209.4,40867.4,39455.6,40007.4,1975.3847752,18320
1645228800,40007.4,40450.0,39682.7,39846.3,333.46589828,7163
1645272000,39846.3,40369.0,39669.9,40095.8,549.36325239,9216
1645315200,40094.3,40135.1,38000.0,38349.8,1646.08699381,13553
1645358400,38349.9,38961.8,38050.0,38400.0,1141.78593805,12377
1645401600,38400.1,39490.9,37388.0,37588.5,1302.74382962,13035
1645444800,37601.3,39290.7,36782.6,37019.2,3344.8884289901,26805
1645488000,37024.2,37895.7,36366.0,37542.7,1576.38465018,13726
1645531200,37527.0,38418.6,37195.5,38256.3,1807.82942426,15126
1645574400,38256.3,39150.7,37572.4,38817.5,956.73286634,10319
1645617600,38825.1,39250.0,37086.6,37250.1,2277.23999832,16713
1645660800,37250.1,37419.8,34333.2,35459.9,4795.8765429103,30917
1645704000,35446.5,39739.9,35050.8,38340.8,5505.2502834603,32786
1645747200,38343.6,39000.0,38032.3,38754.8,895.61147333,11167
1645790400,38767.1,39700.0,38570.6,39233.5,2379.33095942,18088
1645833600,39233.5,40277.9,38601.4,38957.5,1404.4428559,11159
1645876800,38957.6,39680.5,38827.6,39120.2,700.72883806,9947
1645920000,39120.2,39521.2,38210.7,39491.5,946.79862328,10259
1645963200,39496.0,39888.0,37029.8,37709.1,2569.16885984,21435
1646006400,37709.2,38672.3,37447.6,38342.5,992.25492884,10753
1646049600,38348.7,44194.2,37954.3,43194.7,6321.8585282103,40157
1646092800,43188.4,44000.0,42841.4,43635.2,3602.6537389401,31354
1646136000,43637.5,44955.9,43244.4,44427.9,4069.0437550801,37384
1646179200,44428.0,44779.3,43717.3,44129.4,2175.58138193,16137
1646222400,44130.1,45349.0,43357.1,43922.5,2834.90430315,23748
1646265600,43922.2,44059.9,42915.4,43403.1,1046.40055701,12948
1646308800,43403.2,44085.4,41822.8,42465.0,3338.2060877901,24458
1646352000,42465.0,42499.9,40877.5,41665.5,2744.57477572,20521
1646395200,41669.8,41822.9,38586.3,39137.5,4648.9552915202,29462
1646438400,39137.4,39321.4,38618.6,39170.0,774.40962116,10570
1646481600,39150.1,39624.6,38920.0,39396.4,768.81487342,9601
1646524800,39396.3,39678.9,38114.2,38344.9,1571.04522586,11442
1646568000,38340.7,39368.0,38159.0,38416.3,964.01975193,13226
1646611200,38420.4,38546.1,37600.0,38381.7,1525.02508228,12511
1646654400,38347.2,39545.0,37159.4,38024.0,2636.9812677101,25264
1646697600,38009.8,39183.8,37888.0,38978.9,971.46584963,12579
1646740800,38998.1,39373.0,38133.4,38752.6,2755.4858576501,23786
1646784000,38752.6,42434.4,38682.0,42168.1,2936.97289798,29160
1646827200,42164.1,42590.6,41661.1,41965.3,2317.03974294,19238
1646870400,41959.0,42041.8,38813.8,39105.0,2234.16892383,22952
1646913600,39105.0,40303.7,38576.0,39435.8,2409.54350949,17630
1646956800,39435.8,40207.8,38251.5,39924.1,1645.61754657,13900
1647000000,39949.9,40222.4,38324.9,38732.1,1859.06036028,15160
1647043200,38727.7,39289.6,38699.0,39100.1,801.22808484,7263
1647086400,39100.1,39499.8,38700.0,38785.0,752.0428515,7881
1647129600,38785.0,39300.0,38633.0,38755.2,765.76414425,6472
1647172800,38750.1,39065.0,37593.9,37788.4,1534.28851027,10490
1647216000,37783.7,39280.0,37584.5,38899.6,1295.32187007,10633
1647259200,38898.6,39899.8,38416.0,39689.2,2155.50892611,15049
1647302400,39689.2,39791.4,38170.0,38657.1,1001.80591185,9047
1647345600,38652.6,39900.0,38497.2,39325.4,1578.14050181,13071
1647388800,39321.7,41706.8,38807.5,40544.4,2870.94831671,21039
1647432000,40554.0,41470.4,39311.2,41124.0,3728.13317095,31036
1647475200,41129.9,41469.1,40549.1,40756.0,620.03335834,7902
1647518400,40757.6,41227.1,40620.0,40945.6,1702.30579231,18197
1647561600,40941.1,40963.0,40179.1,40404.0,606.07821965,8342
1647604800,40412.1,42368.6,40317.4,41775.1,1977.71282418,22092
1647648000,41778.7,42010.4,41537.5,41748.7,470.80884085,6362
1647691200,41749.9,42379.6,41711.2,42218.0,827.39842119,10423
1647734400,42218.0,42308.2,41620.2,41633.6,298.37453669,5435
1647777600,41636.5,41711.1,40945.0,41289.0,1668.91655538,17107
1647820800,41286.1,41481.9,40510.1,41280.9,788.11197006,11132
1647864000,41275.5,41572.4,40757.9,41014.3,1165.83851656,11387
1647907200,41014.3,43402.6,40916.3,43000.0,2143.36587384,19485
1647950400,42999.9,43225.0,42300.0,42377.8,1193.57925652,13192
1647993600,42377.7,42542.0,41811.1,42067.9,816.56291728,12771
1648036800,42067.9,43010.6,41926.8,42910.3,1391.30892998,17175
1648080000,42910.2,43495.0,42703.0,42964.3,738.38514466,8872
1648123200,42994.0,44246.9,42637.4,43989.0,1859.83888766,16298
1648166400,43989.0,44706.7,43604.8,44633.8,1767.6725036,29278
1648209600,44632.8,45105.0,44023.9,44315.5,1886.47235219,22992
1648252800,44315.5,44577.0,44135.1,44366.0,198.62841522,5851
1648296000,44366.1,44800.0,44175.2,44548.0,966.40830293,20527
1648339200,44547.2,44917.4,44533.9,44576.6,253.99300717,4856
1648382400,44576.5,46976.1,44439.4,46855.2,1641.8587406,16412
1648425600,46855.3,47561.7,46683.5,47249.1,1057.56338581,12827
1648468800,47249.1,48200.0,46906.9,47137.9,2359.65823793,47089
1648512000,47138.3,47974.9,47068.0,47922.6,645.36130713,11741
1648555200,47922.6,48123.0,46912.5,47440.2,1231.84366639,16102
1648598400,47440.3,47566.2,46570.6,47333.2,639.72147069,10508
1648641600,47333.2,47707.9,46870.0,47059.3,1097.59628602,15093
1648684800,47079.2,47400.0,46916.2,47168.0,346.49796716,7879
1648728000,47168.1,47598.0,45250.0,45524.3,1973.55437711,22189
1648771200,45523.5,45650.1,44257.6,45090.1,2588.93518663,16686
1648814400,45090.1,46710.9,44706.4,46312.0,1592.36315662,19860
1648857600,46312.0,47200.0,46113.8,46565.9,573.11953366,9636
1648900800,46566.5,46949.8,45666.1,45828.6,847.06998664,13188
1648944000,45828.6,46557.0,45566.0,46259.2,394.45131617,8321
1648987200,46259.3,47444.9,46211.4,46423.4,851.52866122,12299
1649030400,46424.2,46474.3,45775.5,46163.3,654.18889161,8686
1649073600,46159.3,46888.0,45153.0,46617.1,1256.78570547,15263
1649116800,46617.1,46856.2,46445.3,46675.0,412.06581474,6858
1649160000,46681.5,47188.4,45377.0,45479.2,1470.81443577,15797
1649203200,45498.3,45534.3,44418.0,44825.0,1526.37995497,12881
1649246400,44811.3,44996.4,43123.7,43179.4,3062.72703175,23162
1649289600,43179.5,43841.5,42750.0,43759.6,768.52759793,10236
1649332800,43761.1,43920.8,43036.3,43469.8,796.64841463,11915
1649376000,43469.8,43959.5,43276.2,43285.2,400.86699029,7982
1649419200,43294.8,43968.7,42126.0,42282.6,1837.87642606,18143
1649462400,42282.6,42651.2,42111.0,42453.5,356.34460816,6480
1649505600,42453.6,42805.1,42205.7,42764.0,265.4014737,6863
1649548800,42781.7,42885.0,42421.2,42699.0,335.17069034,5388
1649592000,42699.0,43416.4,41805.4,42160.0,786.10026111,9914
1649635200,42164.9,42411.0,41000.0,41082.9,1098.88515801,11827
1649678400,41082.8,41236.6,39240.0,39534.6,2205.01393279,19926
1649721600,39530.5,40444.4,39311.7,40386.7,796.29490781,9538
1649764800,40397.8,40683.4,39269.4,40078.7,1374.03246867,14731
1649808000,40078.7,40255.0,39598.0,39750.9,575.16488742,7769
1649851200,39747.2,41548.4,39640.1,41150.0,1839.10568959,16249
1649894400,41150.0,41480.0,40851.8,40925.4,399.53442497,6940
1649937600,40925.4,41294.0,39600.0,39954.9,1495.72914191,13745
1649980800,39953.7,40430.5,39800.0,40200.2,452.99985179,6800
1650024000,40200.2,40890.3,39950.1,40569.9,724.17195777,9224
1650067200,40570.0,40708.8,40310.3,40430.3,190.45226323,5021
1650110400,40429.6,40674.7,40011.9,40381.0,399.01155401,7682
1650153600,40381.1,40652.8,40147.0,40470.4,354.46220128,5370
1650196800,40471.5,40582.8,39556.0,39681.2,627.54716537,9876
1650240000,39680.5,39867.0,38570.0,38988.2,1173.6851742,10734
1650283200,38988.3,41067.3,38988.3,40811.3,1453.15378259,16431
1650326400,40811.3,41334.4,40600.0,40713.1,453.59808798,8220
1650369600,40713.0,41825.8,40677.8,41506.2,979.88318189,12640
1650412800,41506.2,42235.7,41250.0,42121.4,654.55885812,10218
1650456000,42117.8,42187.8,40900.8,41369.9,1192.92009522,14380
1650499200,41370.0,42692.7,41330.0,42457.4,948.84532649,11951
1650542400,42455.3,42950.0,39800.6,40484.1,2373.90286087,20846
1650585600,40479.1,40791.3,40150.8,40585.1,706.78400563,10947
1650628800,40585.1,40620.0,39139.0,39715.9,1507.88839106,16740
1650672000,39713.5,39869.8,39310.0,39616.4,311.48988877,7430
1650715200,39616.4,39958.4,39369.4,39435.6,502.47013152,9079
1650758400,39439.3,39813.4,39433.0,39612.2,298.10105894,5104
1650801600,39619.1,39911.0,39015.8,39467.9,840.49018481,9114
1650844800,39456.7,39507.3,38200.5,38842.4,1599.1865453999,13203
1650888000,38843.5,40614.5,38640.9,40438.5,2532.0094355101,19398
1650931200,40438.4,40776.9,40227.0,40469.2,590.23266265,8179
1650974400,40469.2,40621.7,37672.0,38121.7,3860.6619966201,26291
1651017600,38121.7,39200.0,37909.4,38996.8,1383.26813377,9858
1651060800,39029.3,39446.8,38446.0,39249.9,2001.68613521,15931
1651104000,39249.9,39878.5,39162.4,39697.7,755.20600542,8991
1651147200,39697.6,40349.8,38884.4,39752.8,2380.27176852,18563
1651190400,39749.8,39920.7,38623.2,38770.2,725.36782912,10435
1651233600,38770.2,39404.0,38131.8,38599.5,1725.80196088,15624
1651276800,38597.5,38777.4,38522.9,38585.6,164.35195255,5980
1651320000,38584.1,38643.8,37608.7,37660.8,925.92114336,12123
1651363200,37660.7,38183.3,37399.4,37937.1,533.50835549,9085
1651406400,37937.2,38660.0,37621.6,38474.1,1100.47483078,12810
1651449600,38470.8,39169.4,38400.0,38521.8,1334.80678291,10076
1651492800,38521.8,39136.8,38011.0,38499.9,1307.40109546,15507
1651536000,38499.9,38645.1,38269.3,38562.0,375.49116076,6846
1651579200,38566.4,38606.1,37507.9,37727.9,1499.54485846,13610
1651622400,37727.9,39074.0,37674.8,39012.0,570.84401033,9319
1651665600,39012.0,40029.8,38574.0,39682.8,2501.9031875801,19329
1651708800,39677.6,39832.0,39389.0,39491.1,378.01634079,8579
1651752000,39485.6,39541.0,35407.0,36542.6,4725.8802229502,30042
1651795200,36540.4,36647.0,35591.1,35777.0,1263.70836685,12654
1651838400,35772.6,36400.0,35280.0,36017.4,1633.85442896,16465
1651881600,36017.4,36105.9,35690.0,36035.8,416.79452379,8751
1651924800,36035.8,36058.8,34755.0,35463.0,876.5159182,12398
1651968000,35463.1,35495.0,34115.7,34781.4,1337.23561415,12857
1652011200,34777.4,34821.3,33700.0,34024.2,2380.01543686,16786
1652054400,34028.3,34214.1,32650.0,33106.5,2377.84308073,16229
1652097600,33108.4,33390.0,30050.0,30075.5,8919.6705105604,43612
1652140800,30052.6,32648.6,29755.0,31617.6,5844.2303733902,31808
1652184000,31617.5,32360.9,30169.1,30999.9,4575.3109847201,27785
1652227200,30999.9,32132.0,30197.1,31508.1,3294.23993402,21388
1652270400,31514.9,32009.5,27700.0,28994.1,11571.5060757303,57395
1652313600,28998.2,30075.9,25332.8,28223.3,7987.1016880102,44045
1652356800,28229.8,29832.0,27710.7,28943.4,4173.45073001,29625
1652400000,28943.5,30950.0,28684.5,30599.0,1818.36902396,17570
1652443200,30638.6,30966.0,29141.8,29222.6,2471.35263288,18858
1652486400,29232.8,29733.0,28756.6,29001.1,1363.39622344,12496
1652529600,28994.8,30264.0,28600.5,30048.2,1386.38681968,17819
1652572800,30051.7,30250.0,29452.6,30200.1,520.10130302,8802
1652616000,30209.8,31390.0,29758.7,31296.9,1059.7704193,15292
1652659200,31294.5,31294.5,29275.9,29917.3,1636.53724475,12459
1652702400,29921.9,30276.9,29060.0,29826.1,2066.63726025,16454
1652745600,29826.1,30742.0,29766.7,30311.0,957.89157643,9443
1652788800,30311.0,30700.0,29403.0,30408.3,1852.96916406,14261
1652832000,30408.4,30653.1,29664.1,29810.6,714.62891557,8151
1652875200,29810.5,29874.5,28589.1,28664.3,3462.88641588,17924
1652918400,28657.6,29499.0,28649.2,29473.0,1291.33050597,10871
1652961600,29473.0,30503.7,29310.0,30280.7,2431.52284095,14395
1653004800,30283.7,30721.2,29849.1,30386.2,1463.94499943,8682
1653048000,30376.3,30404.4,28700.1,29167.5,2253.61161376,15345
1653091200,29161.6,29514.0,28927.3,29259.3,524.43795985,6328
1653134400,29259.3,29606.3,29160.0,29403.5,505.62228943,7014
1653177600,29394.4,30275.6,29225.7,29857.5,528.95482818,6320
1653220800,29857.6,30500.0,29641.8,30268.0,1333.53729621,9403
1653264000,30264.4,30630.7,30026.3,30360.5,749.73539168,7452
1653307200,30363.6,30595.0,28829.5,29070.0,2279.19241974,15171
1653350400,29070.0,29402.8,29049.0,29265.0,897.74084023,6802
1653393600,29266.8,29819.7,28635.3,29631.8,1908.43115528,12176
1653436800,29628.0,30188.9,29326.1,29375.8,1133.55286115,8213
1653480000,29375.7,29999.4,29309.0,29520.3,1697.71618441,10868
1653523200,29519.4,29854.0,28862.0,28978.0,1167.05161528,10243
1653566400,28967.0,29749.4,27505.0,29186.9,3796.09667057,19063
1653609600,29165.9,29386.5,28604.5,28875.0,1825.46276175,12961
1653652800,28875.0,29329.9,28250.0,28580.0,2585.99200459,17004
1653696000,28580.0,28919.4,28500.1,28802.3,575.56015908,7047
1653739200,28802.3,29229.0,28789.0,29020.0,599.68269089,8079
1653782400,29020.1,29212.5,28820.0,29190.0,413.5665415,5561
1653825600,29198.9,29555.0,29062.1,29450.4,878.84996484,9700
1653868800,29450.5,30877.5,29281.8,30618.7,1907.94794634,12429
1653912000,30625.0,32186.4,30234.1,31711.7,3746.14927849,18889
1653955200,31710.4,31838.3,31420.8,31744.3,968.24352596,10903
1653998400,31744.3,32400.0,31183.7,31780.9,2502.5272426902,19928
1654041600,31781.0,31929.0,31332.7,31578.3,825.87751396,7997
1654084800,31589.4,31869.3,29328.6,29790.0,4345.3402667801,23386
1654128000,29790.0,30167.6,29581.1,30160.8,872.62233221,7412
1654171200,30160.8,31449.2,29572.8,30427.0,1597.60669051,11993
1654214400,30431.3,30658.9,29655.0,29727.1,691.66318158,7037
1654257600,29734.1,29915.7,29255.0,29676.4,1781.04223842,11007
1654300800,29676.4,29764.7,29469.3,29658.1,283.71127792,4494
1654344000,29658.1,29954.5,29450.1,29850.0,499.63305922,5938
1654387200,29850.8,29876.3,29514.0,29711.7,309.4810291,4626
1654430400,29711.7,30162.4,29600.9,29907.6,654.08011075,6564
1654473600,29907.6,31549.9,29881.9,31373.0,1505.307743,10884
1654516800,31373.0,31725.6,31011.8,31356.3,1942.15518316,10621
1654560000,31353.1,31442.6,29200.2,29496.4,2487.53691816,14237
1654603200,29496.7,31550.0,29389.3,31098.6,3261.07336412,18135
1654646400,31097.2,31296.5,29848.0,30415.6,1539.97560725,11034
1654689600,30403.1,30888.0,29898.8,30190.8,1289.65189883,11724
1654732800,30190.8,30666.0,30039.4,30273.2,694.58474214,6573
1654776000,30270.8,30434.5,29892.2,30075.3,1245.44966909,11068
1654819200,30085.3,30327.6,29561.5,30004.2,1101.89684705,7642
1654862400,30003.5,30148.1,28845.2,29054.9,3251.3304627001,16849
1654905600,29056.2,29411.7,28560.0,28695.8,784.43249944,8022
1654948800,28695.8,28808.0,28095.9,28380.2,1533.2455861199,14668
1654992000,28395.9,28500.8,27158.9,27428.1,1598.72345502,12322
1655035200,27428.1,28307.7,26506.5,26569.6,2067.92319001,14135
1655078400,26542.2,26853.2,23440.0,23665.6,8777.9500746204,41363
1655121600,23670.1,24325.1,21930.4,22460.1,8555.5380460704,43705
1655164800,22460.0,23309.0,20824.0,21957.7,6324.9096875105,33668
1655208000,21978.2,22828.9,21352.3,22111.0,4148.3110013801,26099
1655251200,22115.0,22249.5,20089.0,21145.9,5913.7535973001,28207
1655294400,21133.7,22773.3,20235.3,22559.6,8870.6520092898,39689
1655337600,22557.0,22950.0,20840.0,21031.2,2438.27864422,16078
1655380800,21011.1,21527.3,20200.0,20366.3,5454.0123188201,23105
1655424000,20366.3,21327.2,20231.3,20955.3,3085.6334465701,15411
1655467200,20955.2,21009.5,20352.1,20432.9,3318.5364207401,16661
1655510400,20440.3,20740.1,18728.0,19218.3,5438.3674476001,25552
1655553600,19217.6,19469.8,17600.0,18950.0,7567.8358629106,37516
1655596800,18950.0,20000.0,17911.0,19662.1,5061.0718760501,22391
1655640000,19662.1,20799.9,19126.1,20555.5,4524.6164805801,23108
1655683200,20550.1,20996.0,19625.0,20786.9,3221.43949629,18017
1655726400,20783.5,21038.3,19815.0,20550.0,3946.1707793101,19743
1655769600,20551.2,21432.2,20323.6,20954.5,2042.22368552,14573
1655812800,20933.7,21698.9,20530.0,20701.9,3189.94987993,18538
1655856000,20704.1,20720.3,19940.7,20483.1,2779.7650187801,14115
1655899200,20489.2,20860.1,19750.0,19951.3,3312.1816585801,19881
1655942400,19951.3,20775.0,19880.4,20626.5,1589.54824152,10782
1655985600,20616.9,21200.0,20167.3,21086.7,2224.08951695,15400
1656028800,21090.8,21391.8,20731.1,21150.0,2043.40060474,12348
1656072000,21150.1,21534.5,20789.2,21210.7,2879.13993446,16801
1656115200,21221.6,21589.0,21113.6,21317.7,732.42197495,7668
1656158400,21320.1,21573.3,20888.8,21474.5,1103.14871607,11322
1656201600,21476.8,21780.0,21265.2,21697.1,626.44938812,9090
1656244800,21697.1,21867.0,20957.0,21023.3,1286.74158898,11559
1656288000,21023.4,21528.7,20922.1,21288.0,1370.95971312,8273
1656331200,21288.0,21315.9,20505.5,20716.3,2602.87666381,14693
1656374400,20716.3,21188.5,20500.1,20975.1,1204.39636255,8843
1656417600,20974.9,21168.4,20165.3,20251.6,2046.13722659,14805
1656460800,20252.5,20361.6,19828.7,20080.1,2361.51494396,12649
1656504000,20073.8,20397.0,19871.0,20086.2,2005.80413913,13691
1656547200,20094.0,20139.8,18900.5,19079.2,2249.13253895,13686
1656590400,19070.2,19979.4,18617.5,19949.9,3142.3949246101,18450
1656633600,19949.8,20878.3,18950.0,19163.6,3025.4170140501,17899
1656676800,19160.4,19663.6,19121.0,19245.3,2928.1857593301,14112
1656720000,19250.8,19351.2,18969.6,19169.0,567.76364643,7607
1656763200,19169.9,19430.4,19140.0,19226.9,725.62558108,8116
1656806400,19226.9,19391.9,18738.6,19066.5,1056.19483836,8081
1656849600,19066.5,19684.3,18945.2,19293.5,1170.69064328,9604
1656892800,19292.8,19828.9,19033.6,19784.9,1303.1837077,7720
1656936000,19784.9,20325.0,19479.2,20207.5,2176.19286642,12859
1656979200,20210.8,20450.9,19452.1,19495.3,1822.79654702,11268
1657022400,19489.5,20732.1,19300.0,20169.1,3339.1394091501,18889
1657065600,20169.0,20353.4,19750.1,20082.5,1567.43548855,10930
1657108800,20082.5,20583.0,19942.9,20542.7,1646.26166721,12157
1657152000,20541.0,20592.4,20236.5,20472.7,776.6383859,8074
1657195200,20490.9,21826.0,20360.5,21615.4,4733.9116856802,22389
1657238400,21617.6,22498.0,21308.4,21554.0,2137.49954401,14314
1657281600,21567.2,22108.0,21183.9,21582.6,2972.6938785201,17811
1657324800,21580.9,21758.5,21316.7,21427.6,809.97767349,8167
1657368000,21428.5,21955.0,21368.9,21579.1,851.85699031,9992
1657411200,21581.7,21590.6,21123.0,21291.0,883.05452684,9558
1657454400,21290.0,21335.9,20620.3,20830.3,1861.53362649,14774
1657497600,20830.3,20847.4,20361.0,20445.0,1227.46936935,10176
1657540800,20445.0,20747.1,19870.5,19947.0,2298.58309859,16769
1657584000,19943.3,20036.3,19556.6,19757.8,1462.50248489,10938
1657627200,19758.9,19980.6,19214.1,19307.9,2523.79407551,14393
1657670400,19305.8,19900.0,19214.5,19826.0,1328.61895527,9861
1657713600,19822.0,20332.3,18900.0,20233.6,4161.4312313901,23106
1657756800,20222.3,20401.1,19609.4,19731.7,1586.88051161,9303
1657800000,19731.6,20894.5,19612.6,20573.7,2654.9663171201,14613
1657843200,20575.3,21037.3,20375.3,20760.2,1356.95309742,9831
1657886400,20760.9,21178.0,20624.7,20825.3,1994.33241523,12357
1657929600,20824.8,20855.9,20480.0,20625.1,616.77682439,7577
1657972800,20625.0,21566.4,20584.7,21204.4,2803.9385694501,15393
1658016000,21190.3,21664.7,21083.7,21452.1,1020.12704058,8702
1658059200,21452.7,21471.7,20748.7,20793.2,1434.80583956,10277
1658102400,20790.9,22500.0,20769.3,22120.6,2736.91598283,17327
1658145600,22129.4,22766.2,21403.1,22450.1,4345.1984277501,21801
1658188800,22450.0,22965.0,21600.0,21979.4,3015.48539933,16511
1658232000,21983.0,23782.9,21981.3,23411.0,5051.6028282202,24371
1658275200,23411.0,23875.0,22950.2,23733.8,2265.94531404,12927
1658318400,23731.4,24264.6,22905.6,23242.4,4454.0138197802,22046
1658361600,23220.8,23428.8,22469.3,22607.5,1591.02220671,10238
1658404800,22608.6,23315.8,22351.1,23155.6,2736.8217565801,15091
1658448000,23152.3,23627.2,22820.2,23609.9,1196.86303735,9353
1658491200,23609.9,23744.0,22517.3,22688.0,2703.588506,14514
1658534400,22688.0,22998.5,22213.4,22222.3,1009.5489643,9390
1658577600,22223.9,22550.0,21950.3,22461.8,1655.23132206,12929
1658620800,22461.5,22823.3,22264.6,22657.4,1053.46282025,8538
1658664000,22658.1,23000.0,22424.1,22584.2,1786.3599468499,11640
1658707200,22586.1,22660.9,21741.2,21935.7,1603.18143282,10988
1658750400,21945.9,22250.0,21252.5,21299.7,2190.54417638,18709
1658793600,21299.7,21325.0,20860.4,21088.9,2060.09645042,11826
1658836800,21089.9,21296.9,20696.0,21264.4,2245.85267925,17871
1658880000,21264.4,21467.7,21048.1,21202.1,1673.15492754,11122
1658923200,21201.3,23100.0,21171.4,22964.3,4022.3182188702,25379
1658966400,22965.3,23461.4,22725.3,23109.9,1783.77101084,12886
1659009600,23110.0,24198.8,22487.9,23858.7,4224.9174299302,23658
1659052800,23850.3,24499.3,23550.5,23729.6,1618.63457504,14199
1659096000,23730.8,24228.4,23442.9,23776.3,2966.5060032601,18906
1659139200,23784.6,24053.7,23652.1,23963.3,636.65834006,7957
1659182400,23962.3,24699.8,23525.6,23642.9,2573.7081255701,17351
1659225600,23646.5,23886.3,23550.1,23814.1,456.37834722,7600
1659268800,23814.0,24175.0,23251.2,23321.0,1894.61710487,13977
1659312000,23321.1,23474.0,22956.3,23238.5,961.14108528,7278
1659355200,23239.6,23524.8,22866.4,23275.0,2224.51042905,14711
1659398400,23275.0,23443.7,22649.1,22885.4,1269.47113746,8646
1659441600,22883.9,23469.1,22677.1,22994.0,2251.11616621,14062
1659484800,22994.0,23469.3,22700.0,23400.0,947.57941924,8418
1659528000,23400.0,23650.0,22736.3,22827.9,3188.14976997,14069
1659571200,22827.7,23225.0,22782.0,22890.5,1137.77307838,8727
1659614400,22890.5,23100.0,22400.0,22622.5,2080.07912325,12761
1659657600,22621.6,23451.8,22592.5,23412.1,2062.10189109,9282
1659700800,23410.6,23477.7,22755.0,23325.7,3211.1982192001,14111
1659744000,23313.9,23341.8,23112.1,23162.3,715.43679671,4897
1659787200,23169.5,23247.0,22926.0,22955.7,961.27939411,6849
1659830400,22960.8,23069.5,22845.7,23045.1,695.72630402,4420
1659873600,23049.3,23400.0,23014.3,23179.5,1162.2125513,8319
1659916800,23179.5,24202.3,23168.2,24170.3,1919.92013583,10310
1659960000,24170.8,24285.3,23656.5,23822.3,1729.01104498,12841
1660003200,23819.2,23911.3,23182.4,23270.9,1192.89232174,9171
1660046400,23272.0,23314.3,22890.3,23162.4,1775.80487095,11569
1660089600,23162.4,23192.3,22685.0,23124.1,1545.15158996,8643
1660132800,23124.2,24200.0,23020.2,23958.8,4094.8598882503,24238
1660176000,23960.0,24745.0,23929.4,24563.8,1777.43915726,15035
1660219200,24571.1,24901.0,23862.1,23956.2,2776.2992176801,17498
1660262400,23956.2,24142.0,23600.0,23689.4,1395.37175994,11539
1660305600,23689.4,24472.4,23675.0,24416.7,1791.7522916899,14308
1660348800,24416.7,24887.3,24304.4,24445.2,1724.74429992,16460
1660392000,24445.3,24605.0,24316.5,24446.0,720.11868131,8872
1660435200,24452.0,25045.7,24360.1,24571.5,825.9655979,11416
1660478400,24570.6,24594.1,24168.0,24313.6,1181.24252742,10226
1660521600,24315.3,25200.0,23900.0,24055.8,2452.57361985,19695
1660564800,24063.7,24280.6,23789.5,24107.4,1533.97137519,14919
1660608000,24102.9,24249.6,23825.0,24042.3,1335.58573942,11029
1660651200,24043.5,24082.9,23673.1,23867.0,2739.3668079101,13615
1660694400,23867.0,24438.0,23705.1,23753.1,1739.34253518,16376
1660737600,23748.5,23756.7,23193.1,23336.2,2792.6159618601,15437
1660780800,23336.2,23572.8,23287.7,23531.9,675.9221688,6113
1660824000,23533.6,23590.0,23106.4,23192.3,1228.67902988,11610
1660867200,23192.4,23192.4,21288.0,21480.4,3893.6654046501,19762
1660910400,21480.4,21650.0,20805.0,20832.2,2803.13552446,17310
1660953600,20833.2,21368.4,20801.8,21251.1,1056.16809059,7279
1660996800,21238.9,21344.7,20778.0,21139.9,1172.15361884,10458
1661040000,21139.8,21572.0,21062.9,21529.3,1110.81673522,6747
1661083200,21525.8,21812.8,21280.7,21514.4,1460.74077563,9794
1661126400,21517.7,21521.1,20904.7,21245.7,754.08491476,7496
1661169600,21242.6,21517.0,20963.3,21410.4,1996.7076237299,12355
1661212800,21410.3,21547.8,20900.0,21463.1,983.7879984,10046
1661256000,21463.2,21660.0,21333.8,21524.0,1674.86444901,9116
1661299200,21523.6,21547.2,21157.6,21448.2,605.58283391,6492
1661342400,21448.3,21904.4,21375.0,21375.1,1725.16071767,11346
1661385600,21375.0,21811.9,21320.4,21727.0,861.99529227,7572
1661428800,21727.3,21776.3,21425.2,21566.0,1026.22083487,9353
1661472000,21561.3,21606.4,21130.0,21196.5,1337.84015452,9406
1661515200,21196.4,21875.0,20097.5,20251.9,4474.9490595502,23285
1661558400,20241.9,20362.5,19949.0,20211.5,925.89307747,7192
1661601600,20211.5,20242.7,19829.1,20032.7,1148.7156216,10593
1661644800,20032.9,20154.8,19935.7,20026.1,594.96713266,5231
1661688000,20026.2,20148.3,19525.8,19539.8,1245.89118289,10062
1661731200,19539.8,19943.7,19539.7,19822.5,1418.29449275,9502
1661774400,19823.8,20413.0,19809.9,20296.4,1921.35104654,11291
1661817600,20290.6,20576.4,20112.6,20397.0,1214.18375691,8762
1661860800,20397.0,20430.6,19555.0,19812.4,2786.09965328,15169
1661904000,19814.2,20473.4,19814.2,20323.8,1911.3776933,11843
1661947200,20325.0,20408.0,19875.0,20052.6,2101.97906873,12373
1661990400,20049.4,20195.0,19803.6,20072.7,798.14780115,7024
1662033600,20072.7,20160.0,19560.0,20127.8,2031.43888577,16277
1662076800,20127.8,20288.6,19961.5,20087.2,967.97646801,6419
1662120000,20087.0,20434.9,19764.3,19954.6,2626.88215844,14249
1662163200,19954.0,20047.4,19718.5,19812.0,580.50646652,4927
1662206400,19803.6,19891.5,19655.6,19834.9,829.42538241,6385
1662249600,19833.3,19859.0,19601.0,19839.8,396.48804036,4437
1662292800,19839.8,20010.0,19651.9,19995.8,912.46463074,6417
1662336000,20000.0,20045.0,19642.9,19698.2,937.04308496,6337
1662379200,19700.2,19943.7,19677.7,19790.5,1481.478929,8749
1662422400,19790.3,20171.2,19676.0,19919.1,2140.31204825,10672
1662465600,19919.1,19990.1,18670.0,18792.9,5639.8757696702,21990
1662508800,18791.0,18872.4,18550.0,18742.5,1297.63122337,8860
1662552000,18742.5,19457.0,18690.0,19283.1,2632.01083562,14198
1662595200,19292.8,19399.9,19061.4,19305.5,965.93331207,7600
1662638400,19312.6,19441.8,19015.0,19322.1,1815.34260252,11602
1662681600,19322.5,21180.3,19309.4,20948.9,4189.7527522601,18527
1662724800,20944.0,21585.1,20919.9,21375.4,2418.20725238,16886
1662768000,21373.3,21673.6,21175.1,21293.2,675.86394923,7939
1662811200,21293.3,21800.0,21121.6,21650.4,1553.32236742,10948
1662854400,21656.6,21714.6,21363.2,21622.8,549.50557773,5494
1662897600,21622.8,21850.2,21445.5,21844.6,1399.79411441,9997
1662940800,21835.6,22455.0,21564.6,22322.9,2052.85149109,13045
1662984000,22322.8,22475.0,22015.0,22401.3,2188.33005767,13085
1663027200,22397.8,22714.1,22072.0,22535.6,1536.48622456,13280
1663070400,22533.6,22790.0,19863.2,20173.6,7616.0167996703,30788
1663113600,20172.8,20525.0,20043.0,20211.2,873.14195466,8167
1663156800,20221.0,20390.8,19619.5,20233.0,3282.31199037,17168
1663200000,20230.6,20335.7,19933.0,20154.1,1008.28389452,9408
1663243200,20150.7,20180.0,19509.3,19700.6,2122.68709294,15407
1663286400,19700.0,19888.3,19550.0,19860.9,946.23805191,6468
1663329600,19861.0,19869.1,19326.9,19795.3,2714.49891897,13087
1663372800,19795.4,20066.7,19772.4,19816.4,682.77557531,6543
1663416000,19816.2,20197.8,19757.0,20118.0,1207.0855719,8991
1663459200,20117.1,20119.5,19769.5,19929.1,566.95255548,5907
1663502400,19928.7,20023.0,19355.0,19427.0,1895.55241061,10969
1663545600,19426.9,19499.4,18223.9,18680.0,2817.8744748701,13461
1663588800,18680.0,19678.6,18679.9,19539.8,2353.46903075,13891
1663632000,19535.0,19629.1,19146.1,19217.0,815.09007961,7394
1663675200,19220.4,19318.1,18731.1,18870.0,2680.6415788401,16582
1663718400,18869.9,19194.3,18796.8,19165.8,1393.09181731,8465
1663761600,19166.5,19888.0,18138.4,18469.2,6806.7799142601,26020
1663804800,18468.0,19283.9,18372.6,19235.3,1464.87839083,9900
1663848000,19233.1,19500.0,18780.4,19409.1,1921.66751147,11109
1663891200,19409.0,19479.8,18840.0,18852.5,1126.612363,7683
1663934400,18850.7,19392.1,18543.0,19289.0,2997.40805342,14764
1663977600,19287.7,19299.0,18941.6,19053.8,591.37380161,5670
1664020800,19053.6,19200.0,18805.1,18928.3,993.42134018,8008
1664064000,18928.2,19175.0,18917.5,19126.8,318.8684325,5703
1664107200,19124.4,19141.6,18645.9,18801.5,1510.57708762,8986
1664150400,18805.6,19307.7,18695.9,18874.1,1796.77277407,10536
1664193600,18872.7,19271.7,18821.3,19228.1,2210.36575349,10940
1664236800,19226.8,20333.0,19192.1,20232.9,3814.93888707,14701
1664280000,20231.4,20383.0,18833.7,19090.1,5325.8934165602,18454
1664323200,19090.0,19231.7,18487.5,18943.4,4821.2959106501,13922
1664366400,18944.7,19773.3,18944.7,19400.0,5321.8481694901,17849
1664409600,19400.0,19624.9,19260.9,19474.0,1720.47663831,10821
1664452800,19469.6,19647.8,18849.1,19600.1,3561.1862387504,17203
1664496000,19600.0,19687.9,19318.1,19428.9,1858.6015671799,13027
1664539200,19435.2,20177.1,19150.0,19425.2,6469.3254762108,26252
1664582400,19425.1,19478.6,19172.0,19312.4,876.80107345,6766
1664625600,19312.8,19385.0,19206.9,19316.1,804.34054096,12304
1664668800,19316.1,19393.7,19035.9,19198.2,428.20275635,4829
1664712000,19192.2,19334.9,18937.0,19057.8,1372.00347437,7791
1664755200,19060.4,19300.0,18985.7,19249.6,863.19403026,6172
1664798400,19247.1,19700.0,19130.2,19639.6,2648.05591419,14001
1664841600,19631.4,20164.2,19508.2,19946.8,2422.26964864,9627
1664884800,19946.8,20475.0,19881.0,20347.9,3247.8147412201,14640
1664928000,20340.9,20360.9,19973.0,20029.5,1215.0485049,6671
1664971200,20029.1,20354.8,19754.3,20162.7,2640.6162339801,12957
1665014400,20163.1,20449.8,20083.9,20250.5,1335.76797803,7196
1665057600,20250.5,20325.6,19872.7,19955.8,2209.28409085,13215
1665100800,19955.8,20054.7,19825.8,20002.8,1017.05731394,6563
1665144000,20003.4,20044.9,19338.4,19532.8,2663.56095329,12797
1665187200,19532.8,19615.0,19422.6,19544.1,744.12802629,4160
1665230400,19544.0,19544.1,19249.7,19417.5,593.93454819,5868
1665273600,19420.0,19537.1,19335.0,19473.0,302.9791777,3817
1665316800,19478.6,19559.5,19357.7,19443.5,602.4082801,5526
1665360000,19443.5,19520.0,19135.1,19341.2,825.73443703,5516
1665403200,19341.1,19442.5,19040.0,19132.1,1798.84072357,10227
1665446400,19132.1,19141.1,18965.2,19141.0,1751.04281857,7158
1665489600,19141.1,19259.4,18860.0,19050.0,1753.1165034,8814
1665532800,19050.0,19190.0,19028.5,19115.9,656.13913343,4484
1665576000,19117.0,19240.3,18937.3,19155.9,1511.64535061,7049
1665619200,19155.8,19169.6,18592.0,18751.9,1643.84899117,8479
1665662400,18753.1,19498.0,18163.1,19385.5,6596.5330307103,20407
1665705600,19385.4,19939.4,19342.6,19598.0,2580.5481315701,10009
1665748800,19596.8,19850.0,19083.2,19182.9,2429.92667022,12803
1665792000,19182.4,19220.0,19050.0,19152.0,707.35450301,4233
1665835200,19152.0,19185.0,19000.0,19068.0,807.4711008,5640
1665878400,19070.6,19177.0,19066.8,19144.7,395.25754746,3854
1665921600,19144.6,19420.7,19108.2,19261.7,1144.07021941,7852
1665964800,19261.8,19537.0,19160.0,19454.2,900.11706762,7324
1666008000,19455.1,19667.6,19399.5,19550.9,2407.00515588,10378
1666051200,19549.8,19696.9,19470.6,19566.0,1262.34819361,8160
1666094400,19565.6,19673.4,19110.0,19330.6,1959.19487666,10093
1666137600,19329.1,19355.7,19139.7,19201.6,608.30532312,6060
1666180800,19202.1,19307.3,19071.2,19124.1,1562.85274325,8916
1666224000,19124.1,19242.8,18900.3,19210.2,1070.79552852,7531
1666267200,19212.5,19344.3,18938.0,19045.2,1796.08156845,11351
1666310400,19045.2,19119.0,18911.1,18955.1,738.82530164,7356
1666353600,18955.1,19243.9,18657.1,19171.4,2617.3066189101,13315
1666396800,19175.7,19188.1,19123.1,19179.5,298.76106568,3480
1666440000,19180.1,19250.0,19155.0,19206.0,293.17911101,4819
1666483200,19206.0,19219.2,19131.9,19153.7,411.41007377,3567
1666526400,19153.7,19679.7,19080.2,19569.9,1724.08586736,9000
1666569600,19570.0,19591.3,19247.1,19427.9,1039.90693643,6402
1666612800,19427.6,19449.7,19158.2,19332.2,1829.00338808,9875
1666656000,19330.6,19367.4,19230.4,19312.3,1094.17886514,5174
1666699200,19312.2,20400.0,19267.6,20085.2,5676.5193236802,20725
1666742400,20085.3,20828.0,20071.1,20614.2,1633.26834768,8301
1666785600,20614.0,21021.2,20362.1,20775.9,3261.2657956601,14197
1666828800,20775.9,20871.3,20479.6,20609.7,1173.03714421,6086
1666872000,20609.7,20747.4,20150.1,20286.4,2905.05006538,13088
1666915200,20286.4,20325.2,20029.9,20179.9,1142.72140361,5565
1666958400,20180.0,20743.0,20016.3,20603.8,2713.7740264701,11441
1667001600,20600.7,21074.4,20565.4,20705.4,942.16260751,6486
1667044800,20705.4,20973.4,20688.1,20813.6,1116.07968419,8282
1667088000,20813.8,20925.0,20647.3,20778.4,739.92210876,4740
1667131200,20777.4,20777.4,20525.0,20625.0,861.6051291,6602
1667174400,20625.0,20823.0,20444.5,20734.9,1058.91584608,6636
1667217600,20734.1,20744.7,20250.1,20499.7,2087.90509361,10593
1667260800,20498.0,20677.0,20450.1,20524.3,673.37618595,6175
1667304000,20524.9,20563.5,20339.4,20486.5,1066.53971461,8153
1667347200,20486.4,20549.2,20350.0,20431.7,841.77501768,6681
1667390400,20431.8,20864.3,20059.8,20153.5,3085.73226793,15622
1667433600,20153.5,20383.0,20050.0,20122.1,1503.29215848,7556
1667476800,20123.6,20330.0,20050.0,20209.1,1363.81441848,9947
1667520000,20209.3,20674.3,20185.4,20556.2,825.76637239,7904
1667563200,20555.6,21333.3,20404.0,21148.7,3653.8941480401,17345
1667606400,21149.4,21469.3,21088.3,21388.0,1006.47577441,8507
1667649600,21396.1,21417.5,21222.0,21299.5,531.0950134,8025
1667692800,21300.1,21360.0,21155.5,21248.6,353.47960535,5541
1667736000,21248.7,21297.9,20900.0,20910.8,967.47106075,7777
1667779200,20910.0,21074.8,20587.0,20728.0,1082.54107102,7986
1667822400,20728.0,20894.9,20400.0,20597.4,1938.8919515,11606
1667865600,20592.0,20660.0,19370.0,19702.8,4020.3387217,18300
1667908800,19700.0,20670.4,17276.2,18544.8,12697.0303324409,66267
1667952000,18544.8,18577.0,17255.0,17783.0,3623.62689543,21006
1667995200,17792.1,17970.5,15555.0,15863.7,12404.0400056802,54167
1668038400,15878.7,16888.1,15732.8,16234.0,3760.0292039302,19748
1668081600,16223.8,18155.5,16186.5,17557.2,9832.83704373,35181
1668124800,17555.0,17638.0,16833.8,17308.6,2181.70801475,12495
1668168000,17308.6,17510.1,16350.0,17009.4,5194.9812652802,24808
1668211200,17009.5,17066.8,16600.0,16835.2,936.6767484,9481
1668254400,16837.0,16961.6,16729.5,16775.9,785.46560755,9635
1668297600,16777.0,16928.4,16380.9,16634.1,870.33004901,9051
1668340800,16630.7,16672.0,16222.9,16310.0,1335.24255011,11604
1668384000,16310.0,16922.4,15800.3,16733.8,2580.23460414,16197
1668427200,16733.7,17149.7,16164.0,16585.9,2885.49460856,19084
1668470400,16585.8,16960.2,16514.1,16758.3,1256.35473768,12196
1668513600,16758.2,17098.4,16600.0,16877.3,2665.4089961701,17117
1668556800,16877.4,16984.0,16655.4,16694.3,1506.74968605,9959
1668600000,16691.3,16749.9,16370.0,16664.0,2004.35899948,14052
1668643200,16658.4,16732.6,16409.4,16583.9,997.474381,7378
1668686400,16587.8,16742.3,16420.0,16681.7,1695.7012248,11786
1668729600,16685.2,16979.9,16646.3,16735.7,1106.66136133,10377
1668772800,16735.7,16788.1,16540.8,16682.8,1688.27204422,12953
1668816000,16682.7,16686.9,16550.0,16649.1,526.73468951,6687
1668859200,16653.8,16795.9,16590.2,16682.3,541.03671589,7949
1668902400,16684.0,16728.7,16431.6,16504.4,620.14785046,6364
1668945600,16501.7,16588.7,16156.8,16264.6,1031.31285178,9945
1668988800,16264.5,16283.6,15889.0,16056.6,2530.3141379001,14615
1669032000,16058.8,16250.0,15470.5,15760.0,3431.04286507,20334
1669075200,15759.7,15933.5,15582.7,15728.1,1417.3292593,10502
1669118400,15728.1,16277.6,15667.2,16195.0,2417.48083808,16748
1669161600,16198.3,16647.9,16150.9,16574.1,1804.55825013,12181
1669204800,16574.0,16690.0,16315.2,16599.3,1527.87536368,13994
1669248000,16597.2,16791.4,16490.2,16560.2,968.17788781,10237
1669291200,16559.7,16659.8,16451.5,16595.1,823.28344452,8829
1669334400,16591.7,16599.9,16347.6,16518.5,609.60658484,7588
1669377600,16519.8,16600.0,16433.5,16512.1,1018.21889646,9848
1669420800,16514.9,16689.0,16504.2,16572.8,589.63080406,7869
1669464000,16572.4,16659.9,16390.6,16452.7,715.41855344,7488
1669507200,16451.9,16588.0,16450.1,16538.9,436.6495524,6332
1669550400,16538.9,16588.6,16395.3,16420.2,894.75684781,7087
1669593600,16420.2,16474.9,16057.5,16213.6,1322.8374329,9211
1669636800,16213.6,16390.0,16000.0,16207.5,2212.73327088,14367
1669680000,16207.0,16538.7,16095.5,16490.1,1764.16323949,10375
1669723200,16491.2,16539.0,16333.0,16428.8,1867.41601808,11544
1669766400,16428.8,17083.2,16420.2,16881.6,1764.92922338,13747
1669809600,16882.1,17250.0,16690.7,17166.9,2212.62468089,16068
1669852800,17170.6,17229.7,17056.8,17104.4,634.70535904,8158
1669896000,17104.4,17319.9,16870.4,16969.9,1360.79702552,13900
1669939200,16971.6,17061.2,16875.1,16997.2,852.13365845,8290
1669982400,16997.2,17100.1,16784.2,17088.8,1378.74988228,10058
1670025600,17088.7,17171.7,16900.9,16948.5,553.95903385,6097
1670068800,16948.5,16984.9,16870.5,16895.2,400.66518271,6866
1670112000,16895.1,17076.0,16886.0,16949.1,484.10141097,5962
1670155200,16949.6,17199.0,16926.7,17118.8,727.26796767,7938
1670198400,17116.4,17440.0,17085.1,17313.1,1043.58933053,8707
1670241600,17311.9,17312.9,16888.0,16966.0,1984.83217721,13343
1670284800,16968.9,17100.0,16915.1,16985.3,673.22083557,7826
1670328000,16986.9,17100.0,16915.8,17084.7,1318.14074886,10702
1670371200,17087.5,17130.0,16700.0,16796.1,1051.10154096,10010
1670414400,16796.1,16898.4,16763.8,16837.3,906.55587378,8330
1670457600,16836.9,16880.0,16735.9,16851.4,554.36235994,6304
1670500800,16848.2,17298.9,16804.6,17228.5,1954.5647465699,14025
1670544000,17228.0,17289.9,17184.8,17243.9,703.42504127,8225
1670587200,17243.8,17366.2,17066.6,17131.1,1461.7129538199,12441
1670630400,17131.3,17170.7,17115.1,17165.9,260.83958018,6267
1670673600,17166.0,17226.8,17096.1,17124.0,346.66751531,8037
1670716800,17125.0,17200.0,17122.0,17167.9,246.12253215,6788
1670760000,17167.9,17269.9,17070.4,17085.8,542.08617915,8759
1670803200,17088.2,17088.2,16880.0,16984.9,875.04506279,9641
1670846400,16984.9,17247.8,16916.7,17207.3,1595.0667733999,13913
1670889600,17209.5,17520.7,17090.0,17440.0,1592.92970839,11903
1670932800,17440.1,18070.0,17405.1,17769.1,3105.6569452599,21508
1670976000,17769.2,17869.6,17737.6,17824.4,673.28891566,8844
1671019200,17823.5,18387.5,17657.4,17804.9,3433.87292733,22696
1671062400,17804.2,17853.8,17562.0,17724.8,691.72499034,9670
1671105600,17727.9,17727.9,17261.4,17361.5,2478.0090733999,16748
1671148800,17360.9,17533.9,16928.2,17021.9,1519.73831549,11732
1671192000,17021.9,17080.0,16541.0,16631.0,2521.8398877899,18463
1671235200,16631.1,16773.8,16576.6,16712.1,818.47172476,10487
1671278400,16710.3,16795.0,16656.6,16782.9,441.30700106,9014
1671321600,16782.8,16795.0,16669.1,16710.1,323.06450152,6925
1671364800,16710.2,16865.7,16680.9,16746.6,554.78558304,8695
1671408000,16745.5,16818.9,16633.7,16734.9,655.41874615,8143
1671451200,16734.9,16767.4,16260.2,16440.2,2194.7631833599,16611
1671494400,16441.4,16880.2,16399.9,16812.3,891.61722316,10831
1671537600,16812.3,17067.8,16709.5,16904.8,2233.8063532199,15468
1671580800,16897.4,16922.7,16777.9,16879.0,544.11322015,8234
1671624000,16879.7,16921.0,16729.9,16829.4,1208.77713638,11748
1671667200,16823.5,16860.0,16784.2,16837.0,643.05082884,7950
1671710400,16836.4,16859.9,16565.9,16816.8,1428.4697035099,15389
1671753600,16816.8,16887.2,16770.7,16845.1,779.28202557,8616
1671796800,16845.0,16949.9,16749.9,16779.4,1200.1114025199,11479
1671840000,16779.3,16848.0,16776.4,16824.5,435.47712143,7161
1671883200,16823.1,16848.0,16807.7,16836.7,501.02937041,7503
1671926400,16836.7,16847.9,16802.3,16821.6,256.88484785,5985
1671969600,16821.5,16847.9,16725.4,16824.9,439.30529194,8973
1672012800,16824.9,16912.6,16805.5,16860.1,696.48786291,7444
1672056000,16860.1,16920.0,16801.0,16914.5,583.48681213,7702
1672099200,16914.5,16962.3,16809.0,16831.7,554.14720587,8080
1672142400,16831.7,16831.7,16590.1,16698.0,1382.6906162099,12198
1672185600,16698.0,16738.8,16561.0,16674.2,546.26140401,7333
1672228800,16674.2,16769.9,16453.2,16541.6,1700.33262082,13030
1672272000,16541.6,16609.6,16487.0,16589.4,456.28479188,8838
1672315200,16588.6,16644.3,16561.2,16628.8,944.37248186,10655
1672358400,16628.9,16638.0,16437.0,16490.2,514.56070719,9539
1672401600,16490.3,16683.9,16325.2,16599.9,1475.3007900999,14540
1672444800,16600.0,16600.0,16524.0,16570.0,503.33330871,7589
1672488000,16570.1,16629.7,16464.1,16528.2,1343.6090220799,11345
1672531200,16528.7,16548.2,16490.0,16548.2,966.57610796,7822
1672574400,16548.3,16618.7,16531.2,16614.9,424.32321877,8018
1672617600,16615.0,16759.8,16550.0,16728.2,538.25760422,9142
1672660800,16728.3,16777.7,16659.7,16669.2,431.73366593,10170
1672704000,16668.3,16770.2,16644.3,16715.3,560.10228554,8209
1672747200,16715.3,16767.4,16599.6,16669.3,1459.8115304599,14660
1672790400,16669.7,16900.0,16650.1,16835.0,750.73670613,10648
1672833600,16835.1,16987.4,16762.6,16848.9,1568.2024553499,15043
1672876800,16849.3,16873.3,16786.3,16824.8,565.08275703,9538
1672920000,16824.9,16869.9,16752.7,16824.9,893.65551778,11603
1672963200,16825.7,16858.6,16701.8,16729.7,740.04849429,8300
1673006400,16729.8,17036.0,16680.0,16951.1,1450.3812956699,13622
1673049600,16951.1,16974.9,16907.7,16916.2,374.16061342,7617
1673092800,16915.9,16945.1,16910.9,16945.0,232.55855474,8122
1673136000,16945.1,16963.6,16911.9,16937.0,329.75983918,8382
1673179200,16936.9,17163.2,16910.5,17127.7,802.24174427,9941
1673222400,17125.8,17281.2,17105.6,17240.2,1160.68194573,11506
1673265600,17240.1,17391.9,17136.2,17181.8,1481.2048123699,15266
1673308800,17181.8,17279.9,17150.4,17253.8,438.74817878,8200
1673352000,17253.0,17491.8,17219.0,17443.1,2099.1528438899,19197
1673395200,17443.1,17500.0,17369.0,17440.1,676.97029971,9158
1673438400,17440.1,17983.4,17308.8,17943.0,2606.6389393,15514
1673481600,17943.0,18367.5,17912.9,18200.1,1917.61270151,12829
1673524800,18200.0,19098.0,17927.6,18854.8,4199.9606162901,24505
1673568000,18855.5,19053.5,18720.6,18922.3,867.39550079,8819
1673611200,18923.8,19990.0,18808.9,19930.0,3767.0405910101,25114
1673654400,19930.1,21400.0,19910.0,20724.8,3899.2451985302,27535
1673697600,20723.8,21189.6,20550.3,20959.0,1834.10030241,16834
1673740800,20960.9,20999.7,20527.3,20730.9,634.29674249,10155
1673784000,20730.9,21066.9,20659.7,20877.0,919.06759081,14069
1673827200,20879.4,21484.9,20650.1,20828.1,1625.52348059,14948
1673870400,20828.2,21459.8,20620.1,21191.3,1661.54913602,19102
1673913600,21189.3,21299.6,20864.0,21224.3,814.89876931,11910
1673956800,21224.2,21679.1,21033.6,21148.7,2413.35817723,19196
1674000000,21148.6,21379.7,21123.0,21204.4,721.75526136,10634
1674043200,21204.9,21639.9,20395.5,20680.0,6800.9473826605,34959
1674086400,20672.0,20860.3,20658.6,20739.9,1111.1229145301,11879
1674129600,20740.0,21207.0,20666.0,21084.2,1486.57034851,16414
1674172800,21084.1,21213.7,20880.1,20971.8,703.40876641,9779
1674216000,20971.8,22747.5,20971.8,22682.1,3809.03229206,24929
1674259200,22682.1,23348.0,22440.3,22907.7,2794.10333103,18493
1674302400,22907.7,23428.6,22711.8,22781.0,2697.45163831,17895
1674345600,22785.6,22999.9,22625.0,22783.6,965.37638914,9190
1674388800,22783.6,23108.5,22301.2,22717.1,2148.86931585,15433
1674432000,22717.1,22962.3,22618.1,22911.5,1012.37980572,9483
1674475200,22911.5,23166.6,22520.1,22926.1,2004.1762687699,16527
1674518400,22926.0,23158.7,22795.8,22921.8,745.52899273,9854
1674561600,22923.9,23074.8,22455.9,22633.8,2332.59467041,15827
1674604800,22636.0,22769.4,22320.0,22592.2,1430.6950998,10340
1674648000,22592.2,23829.3,22341.8,23056.5,3595.31151572,25783
1674691200,23063.2,23293.3,22866.7,22997.4,1602.76375542,10339
1674734400,22995.5,23244.5,22857.5,23010.6,2157.65076987,14696
1674777600,23010.6,23098.0,22492.8,22969.3,1216.84636887,9961
1674820800,22969.3,23500.0,22852.9,23077.5,2206.3696361601,18885
1674864000,23079.9,23191.9,22918.1,22990.3,522.04375528,9870
1674907200,22989.3,23070.0,22900.0,23031.1,485.50545531,10415
1674950400,23031.2,23619.8,22980.1,23436.7,1448.0636468901,15085
1674993600,23438.3,23950.0,23360.9,23751.0,1944.56281989,19815
1675036800,23751.0,23798.7,23000.0,23090.1,1182.78683691,12774
1675080000,23084.0,23304.6,22519.2,22835.1,2780.7802629,19135
1675123200,22835.0,23002.6,22724.5,22868.8,820.68011947,8885
1675166400,22868.9,23317.9,22815.4,23134.9,1620.08467657,16173
1675209600,23135.0,23174.8,22931.5,23078.4,750.2239217,11270
1675252800,23078.9,23809.2,22753.6,23732.6,3353.70164116,26950
1675296000,23735.3,24282.1,23669.0,23822.0,1770.77630372,17008
1675339200,23822.0,24139.1,23383.7,23489.6,3714.3968066499,24843
1675382400,23498.0,23588.0,23323.0,23536.8,811.71087312,11573
1675425600,23536.7,23722.0,23221.0,23437.0,2273.4310898,20864
1675468800,23437.1,23451.2,23270.5,23367.0,759.01616751,9460
1675512000,23367.0,23589.8,23277.1,23327.3,775.78238345,12416
1675555200,23329.3,23428.8,23237.9,23360.2,332.11419374,8020
1675598400,23360.6,23378.3,22758.4,22937.8,2009.1184883,20277
1675641600,22938.2,23089.8,22599.9,22884.9,1094.38746647,12364
1675684800,22884.9,23150.0,22646.0,22766.3,1987.41991407,16660
1675728000,22765.5,23064.7,22750.1,22990.0,535.03821564,8413
1675771200,22989.9,23347.7,22759.7,23253.2,1973.33486486,16751
1675814400,23253.3,23450.0,23132.2,23161.5,817.29714671,10880
1675857600,23161.6,23201.8,22675.5,22964.8,1517.85228465,19208
1675900800,22963.6,23008.2,22340.1,22691.5,1472.60542449,15544
1675944000,22688.5,22828.3,21700.0,21792.0,2958.06103423,23545
1675987200,21792.0,21939.9,21636.0,21734.7,676.67056473,10965
1676030400,21734.8,21902.2,21475.0,21639.8,2095.00734782,16444
1676073600,21638.2,21720.0,21610.9,21700.0,314.07703302,6015
1676116800,21700.7,21909.8,21620.2,21868.2,1036.1432606,8538
1676160000,21868.2,21972.1,21775.0,21892.1,232.25530901,5083
1676203200,21892.2,22099.9,21640.1,21786.0,876.3291714,12608
1676246400,21786.0,21902.2,21469.7,21623.8,956.90248144,12640
1676289600,21623.9,21850.0,21359.1,21791.2,1549.07296328,15109
1676332800,21790.5,21899.0,21689.3,21817.2,518.96274355,7674
1676376000,21817.2,22331.3,21505.0,22213.1,2171.0309437499,17133
1676419200,22213.2,22498.4,22038.5,22457.2,663.59752596,10854
1676462400,22457.2,24366.4,22457.2,24334.5,4953.4177985,30827
1676505600,24340.9,24899.0,24284.9,24567.4,2330.7897095399,17588
1676548800,24567.5,25275.7,23500.0,23521.5,4098.5476732499,33366
1676592000,23521.5,23913.4,23340.4,23793.4,1269.11093726,15776
1676635200,23793.5,25010.5,23713.5,24572.3,4017.0656786701,30541
1676678400,24572.4,24779.9,24434.7,24529.1,482.52433881,10696
1676721600,24528.4,24872.7,24502.6,24643.7,765.89664629,14013
1676764800,24643.8,24841.5,24575.0,24679.3,361.61536106,9745
1676808000,24679.4,25190.0,24178.3,24287.2,2387.6030238,20415
1676851200,24287.1,24972.1,23867.9,24889.4,2139.04333444,16367
1676894400,24890.9,25117.9,24638.6,24839.8,1520.65865124,15566
1676937600,24839.9,25250.0,24555.0,24568.7,2612.2280765,18860
1676980800,24574.7,24785.0,24154.4,24442.1,3006.3549586299,20683
1677024000,24442.0,24442.7,23878.0,24164.3,1840.84928134,13684
1677067200,24164.4,24235.1,23600.0,24186.6,3124.06433219,21478
1677110400,24187.7,24602.8,23667.5,23781.8,3031.05159916,17650
1677153600,23781.8,24203.1,23615.3,23942.4,2252.08447457,18813
1677196800,23946.4,24134.3,23767.7,23891.7,796.37794522,10822
1677240000,23891.5,24025.0,22800.8,23193.8,3303.7248027101,27435
1677283200,23193.7,23224.9,22918.3,22984.4,852.09629949,9792
1677326400,22987.2,23190.1,22739.9,23167.3,1057.6764227,13525
1677369600,23167.3,23291.1,23066.7,23258.6,342.57701096,7712
1677412800,23258.6,23685.1,23143.8,23564.5,2344.36375729,17199
1677456000,23564.4,23654.5,23344.0,23427.0,886.96087495,10001
1677499200,23430.0,23885.4,23108.4,23494.4,2438.97417798,21037
1677542400,23491.1,23544.0,23217.1,23399.0,800.88975633,10525
1677585600,23399.1,23599.0,23042.0,23133.2,1837.9263355699,21615
1677628800,23133.2,23977.0,23044.0,23735.2,1662.3509174999,15572
1677672000,23735.3,23883.2,23314.9,23634.9,1608.8046084898,20265
1677715200,23633.7,23808.0,23346.5,23412.3,1358.0938162399,12971
1677758400,23412.4,23559.6,23202.0,23466.5,1579.5361295499,17022
1677801600,23466.6,23478.5,22000.0,22355.7,2859.2074046205,24670
1677844800,22355.5,22500.0,22152.0,22356.1,1536.8693995399,21964
1677888000,22356.0,22401.0,22280.1,22355.0,360.55008246,12173
1677931200,22355.1,22398.4,22168.5,22348.5,605.02145152,11107
1677974400,22348.4,22667.2,22212.1,22399.8,579.81141351,7455
1678017600,22399.9,22557.3,22324.2,22426.9,619.04913532,8223
1678060800,22428.1,22501.6,22277.1,22379.3,541.11367425,7160
1678104000,22379.3,22600.0,22322.4,22409.4,1045.12516752,10358
1678147200,22409.3,22554.6,22327.3,22343.6,445.6587789,8372
1678190400,22343.6,22472.1,21904.3,22196.9,2234.9859850399,20437
1678233600,22194.8,22267.9,21805.0,22067.7,669.20138592,10623
1678276800,22067.7,22220.0,21600.0,21699.1,1806.6722979599,17454
1678320000,21696.5,21799.9,21524.0,21664.4,1098.46624243,11195
1678363200,21664.4,21819.0,20042.3,20363.6,4732.8132842002,34158
1678406400,20363.7,20364.0,19549.9,19764.5,3198.6890376399,22497
1678449600,19763.7,20310.0,19672.2,20224.7,4826.7348720201,28921
1678492800,20224.7,20879.0,19888.0,20193.5,5222.0662856602,47123
1678536000,20193.5,20678.7,20138.2,20616.4,4006.0129624899,31164
1678579200,20619.7,20718.7,20440.3,20587.5,1617.7308687499,14952
1678622400,20590.2,22299.9,20465.4,22157.5,5781.1498351702,45534
1678665600,22165.1,22765.8,21867.8,22172.2,4579.0864097102,35400
1678708800,22170.1,24599.0,22001.0,24208.3,8886.8638247714,67613
1678752000,24214.2,24925.2,24088.2,24861.4,3520.2058362499,32910
1678795200,24861.5,26526.0,24051.0,24753.4,9398.9389532309,68830
1678838400,24753.4,25145.0,24368.2,24862.5,2257.9071688399,23591
1678881600,24862.6,25300.0,23913.3,24372.6,5384.9605684301,42769
1678924800,24374.8,25148.7,24210.8,24905.3,2268.06192759,20819
1678968000,24908.1,25213.0,24595.0,25053.7,3781.02925876,30624
1679011200,25053.7,27035.0,24947.7,26988.6,5175.8189939101,38761
1679054400,26988.8,27839.2,26161.8,27447.7,6101.8649613605,48257
1679097600,27451.7,27795.0,27112.6,27513.8,3320.6787061799,26804
1679140800,27513.9,27700.0,26606.0,26964.6,4142.6439207401,35276
1679184000,26967.3,27350.0,26890.1,27239.5,1578.70512574,20710
1679227200,27239.5,28450.0,27190.0,28049.9,5708.3657439205,44692
1679270400,28055.7,28590.6,27222.0,28294.8,5227.3846571203,34642
1679313600,28286.8,28349.3,27500.0,27773.0,3843.5394271602,34651
1679356800,27770.0,28224.2,27341.0,28077.0,2340.38729773,22253
1679400000,28079.2,28473.5,27769.6,28154.1,3768.1332265002,32898
1679443200,28158.2,28327.9,28001.4,28187.7,1114.7019865199,17832
1679486400,28187.8,28879.9,26623.8,27300.0,9133.7467698306,61818
1679529600,27300.1,27786.2,27172.6,27651.5,1601.6410521499,21657
1679572800,27652.0,28798.9,27339.3,28321.4,6133.9907740905,41617
1679616000,28321.3,28399.7,27329.9,27639.2,2142.44711729,23732
1679659200,27639.3,28279.0,27007.7,27491.0,4454.6536055704,34572
1679702400,27491.1,27685.0,27336.9,27485.8,935.35612017,11584
1679745600,27485.8,27829.7,27163.9,27490.5,1847.0821907899,18760
1679788800,27489.9,27973.2,27438.1,27900.6,1201.25396908,11830
1679832000,27896.2,28240.4,27671.6,28000.0,1764.45074048,18380
1679875200,27998.3,28038.0,27671.0,27906.2,937.13384704,11073
1679918400,27906.2,27929.9,26491.9,27134.5,4799.5268666703,35594
1679961600,27132.6,27170.1,26600.0,27059.0,1509.89392216,19492
1680004800,27057.1,27521.4,26752.8,27267.6,2432.0323226,26599
1680048000,27267.5,28629.4,27258.4,28362.0,3642.56392455,30694
1680091200,28362.1,28593.1,28138.5,28358.2,2288.4684673,25045
1680134400,28358.2,29190.0,28075.5,28657.5,2482.83036968,22874
1680177600,28657.6,28700.0,27700.0,28034.0,3612.14814374,25961
1680220800,28032.8,28371.0,27520.0,27930.0,2175.43736736,19736
1680264000,27930.0,28648.2,27875.9,28466.8,2580.30496229,24676
1680307200,28468.2,28800.0,28360.0,28366.6,1299.86790562,14903
1680350400,28378.9,28595.4,28220.0,28462.8,1087.57931814,13779
1680393600,28463.4,28530.0,28314.1,28354.4,499.81163899,9151
1680436800,28354.4,28361.6,27850.1,28185.0,1484.8846537,17880
1680480000,28181.5,28500.0,27578.3,28259.6,2051.55895405,21252
1680523200,28257.9,28369.4,27212.7,27800.7,3153.7104592701,31298
1680566400,27800.0,28429.0,27668.8,28294.3,1382.0767399,19251
1680609600,28294.3,28400.2,27965.9,28175.5,1390.82050053,20285
1680652800,28173.0,28792.3,28109.7,28561.6,1437.07390845,15303
1680696000,28561.9,28742.7,27813.1,28179.1,2992.6157915101,28175
1680739200,28179.0,28186.0,27700.0,27951.7,1094.40900801,15230
1680782400,27951.7,28194.9,27732.6,28040.0,1426.42820763,18914
1680825600,28040.0,28111.3,27783.1,27844.6,723.89370137,13495
1680868800,27849.0,27997.0,27826.0,27922.9,600.7993542,12722
1680912000,27923.0,28170.0,27886.9,28027.8,456.54583898,7274
1680955200,28028.0,28062.4,27886.0,27956.0,357.82653864,8631
1680998400,27955.9,28099.9,27815.4,27946.7,358.26014823,7404
1681041600,27946.7,28548.7,27812.2,28333.7,1329.96061498,13912
1681084800,28333.8,28434.3,28216.7,28319.5,501.6081611,8386
1681128000,28320.4,29800.0,28170.0,29655.0,4858.3354347101,37835
1681171200,29654.9,30431.0,29615.0,30089.6,3270.4524256202,29091
1681214400,30089.6,30586.0,29932.4,30227.6,2372.6680767501,24208
1681257600,30227.7,30368.2,29855.1,30035.2,1669.5725903499,17121
1681300800,30035.3,30505.5,29645.8,29895.2,2914.8526954801,25918
1681344000,29895.2,30394.9,29873.9,30185.0,1370.66382145,16716
1681387200,30185.1,30650.8,30159.9,30405.9,2627.22558938,21959
1681430400,30406.0,31050.0,30355.0,30829.3,2558.88101356,23283
1681473600,30829.4,30860.0,30000.0,30493.2,2568.2067260601,23791
1681516800,30493.2,30624.1,30300.0,30417.4,887.23789447,9472
1681560000,30417.9,30474.7,30250.0,30315.9,694.95778518,10469
1681603200,30315.9,30421.3,30145.0,30244.8,531.12257955,7218
1681646400,30245.1,30555.6,30185.0,30316.0,903.01847794,11236
1681689600,30316.1,30319.3,29333.4,29588.2,2013.49317134,18890
1681732800,29588.1,29606.1,29267.0,29449.2,1756.65397088,21245
1681776000,29449.3,30421.7,29123.0,30390.4,2237.96724266,20984
1681819200,30390.5,30480.8,29966.0,30388.8,2699.7152715801,25150
1681862400,30386.8,30410.5,28915.0,29312.1,3147.11440364,24681
1681905600,29312.3,29519.4,28577.0,28814.0,2702.63448406,25873
1681948800,28814.3,29098.7,28568.0,28606.1,2054.12297985,18383
1681992000,28615.0,28954.6,28009.0,28241.5,2785.5359874101,29898
1682035200,28245.7,28361.9,27828.7,28055.1,1321.57150166,17611
1682078400,28063.1,28305.2,27146.2,27264.3,3523.6576976303,31420
1682121600,27264.4,27408.6,27137.5,27297.0,619.17205828,11038
1682164800,27297.0,27892.2,27237.7,27818.8,1252.39168978,15615
1682208000,27818.7,27818.8,27437.2,27660.1,596.66045987,10065
1682251200,27660.1,27741.9,27344.0,27589.7,970.79523188,13178
1682294400,27588.1,28000.0,27155.0,27548.2,1701.2108370199,16897
1682337600,27550.9,27717.0,26969.4,27518.6,2055.93778051,21137
1682380800,27518.5,27595.6,27189.0,27390.2,858.0460076,12154
1682424000,27390.2,28385.0,27191.1,28300.9,3027.5518250001,26346
1682467200,28300.9,29150.0,28261.0,28962.9,2147.91964299,18492
1682510400,28964.7,30037.3,27258.4,28424.9,7131.5694070806,43960
1682553600,28425.0,29513.3,28392.9,28946.6,1925.9620033599,18599
1682596800,28946.2,29882.1,28693.7,29472.4,4229.4039807601,28539
1682640000,29476.8,29605.0,29150.0,29249.7,1194.790416,14449
1682683200,29247.1,29474.0,28904.6,29323.9,2548.76940982,23105
1682726400,29323.9,29459.8,29218.6,29353.6,694.0106455,9594
1682769600,29353.6,29414.6,29015.0,29240.6,895.9797852,12702
1682812800,29240.7,29348.8,29103.0,29204.1,360.71541234,8714
1682856000,29204.2,29975.0,29155.4,29243.1,3857.1707878602,25616
1682899200,29245.3,29330.9,28237.7,28525.7,2058.19027421,18487
1682942400,28525.7,28639.7,27643.2,28074.1,2804.77802094,22598
1682985600,28076.6,28150.0,27877.9,28084.1,616.27043192,9966
1683028800,28084.2,28937.5,27911.6,28677.1,2998.0102413701,24364
1683072000,28678.8,28781.5,28339.9,28557.7,963.43746363,12872
1683115200,28555.1,29267.5,28135.0,29033.3,3005.5002490701,29166
1683158400,29034.5,29372.0,28970.3,29163.4,1119.30908728,12424
1683201600,29163.4,29239.3,28699.6,28852.7,1960.81078571,19631
1683244800,28852.9,29511.4,28831.5,29163.9,1461.72288091,13921
1683288000,29173.5,29697.4,28829.8,29530.2,2589.3496532501,25071
1683331200,29530.3,29868.1,29177.7,29301.0,877.22338266,11429
1683374400,29301.0,29301.0,28338.0,28901.7,2089.9484647,18890
1683417600,28901.6,29191.8,28753.6,28878.1,726.82606988,9453
1683460800,28878.9,29128.8,28438.4,28468.0,1112.0349768,10953
1683504000,28466.8,28662.8,27607.1,27960.4,1823.68292379,15846
1683547200,27960.5,28144.6,27282.1,27693.2,2410.6845124501,24899
1683590400,27693.7,27756.8,27458.3,27690.0,1278.5199443599,21014
1683633600,27690.0,27824.5,27367.8,27635.0,2078.29941841,31897
1683676800,27635.1,27876.7,27488.8,27680.0,747.3469006,13311
1683720000,27679.9,28334.2,26792.9,27617.8,4557.8614630604,35305
1683763200,27615.6,27645.9,27293.1,27416.7,1024.67648664,11762
1683806400,27417.2,27641.9,26720.0,26979.3,2127.26229686,21195
1683849600,26977.9,27102.1,26150.0,26362.6,2203.63414567,20438
1683892800,26361.2,26885.0,25827.4,26800.0,3476.5336208702,27641
1683936000,26800.0,27000.0,26700.6,26842.6,661.79752934,10708
1683979200,26842.6,27105.5,26745.7,26786.3,887.57581685,12682
1684022400,26788.4,26907.4,26600.0,26815.1,300.16149362,8540
1684065600,26815.1,27194.7,26754.9,26923.0,837.63412056,13248
1684108800,26922.2,27550.9,26727.8,27341.2,2090.77027276,18958
1684152000,27341.4,27677.0,27128.4,27167.6,2100.63154414,19211
1684195200,27166.2,27301.2,26850.1,27064.1,1054.90327937,14059
1684238400,27064.2,27149.8,26855.5,27036.0,1488.5051432099,17507
1684281600,27036.0,27222.0,26562.8,26634.4,1162.4759717,15959
1684324800,26630.8,27500.0,26550.0,27402.3,2700.5084167901,21734
1684368000,27402.3,27474.3,27144.5,27396.8,1100.82105757,12185
1684411200,27396.2,27458.2,26345.0,26817.9,2636.8984820601,22757
1684454400,26819.0,26952.7,26757.2,26859.9,530.81231415,11195
1684497600,26860.0,27174.8,26635.3,26887.4,1605.0526001299,17880
1684540800,26887.4,26920.0,26834.2,26887.0,254.52536093,7112
1684584000,26887.1,27155.0,26881.7,27111.4,773.37730909,11528
1684627200,27111.1,27270.0,26800.0,26836.2,1048.24325784,11644
1684670400,26836.3,26984.5,26667.4,26750.6,764.37267509,10482
1684713600,26749.5,26909.5,26512.4,26826.8,1007.38410491,11112
1684756800,26826.6,27096.0,26708.5,26854.8,1002.33881887,11908
1684800000,26855.4,27511.7,26807.3,27338.1,1655.49689086,15083
1684843200,27338.1,27391.7,27100.0,27221.5,986.90514704,12067
1684886400,27221.5,27235.4,26617.9,26739.1,1604.45874954,14506
1684929600,26739.1,26739.1,26069.1,26327.7,2012.4181720199,18024
1684972800,26327.8,26386.3,25865.0,26286.6,1204.20560373,12151
1685016000,26285.8,26607.4,26160.7,26476.5,1402.65724002,14433
1685059200,26476.6,26548.9,26338.0,26475.0,695.26184784,8844
1685102400,26475.1,26940.3,26355.8,26706.3,2236.64122946,16247
1685145600,26715.9,26794.7,26626.6,26702.7,625.21772761,6588
1685188800,26702.7,26900.0,26554.8,26873.7,996.72405914,11237
1685232000,26873.7,27359.7,26788.7,27166.3,1370.63292217,11937
1685275200,27166.3,28257.0,27098.4,28090.0,2276.42695936,18837
1685318400,28090.0,28450.0,27754.2,27913.5,1574.98047697,14351
1685361600,27913.5,27947.5,27550.0,27741.3,1364.36013008,14212
1685404800,27741.4,28047.0,27593.2,28037.7,1517.06248284,14004
1685448000,28037.7,28037.8,27559.8,27699.2,1941.80487339,17376
1685491200,27699.2,27828.6,27000.0,27098.0,1573.85093041,15992
1685534400,27097.9,27287.2,26841.3,27216.2,1946.56284858,19281
1685577600,27215.1,27341.5,26571.5,26892.0,1547.21021937,14799
1685620800,26892.0,27174.2,26648.7,26814.8,1320.60838668,16531
1685664000,26815.4,27215.1,26500.1,27129.6,1099.49433947,15721
1685707200,27129.6,27312.2,26865.7,27253.2,1729.85224779,19771
1685750400,27253.1,27253.2,27112.1,27142.7,293.00289539,8031
1685793600,27142.7,27344.6,26931.8,27071.9,767.55396478,10409
1685836800,27072.0,27233.7,26967.0,27199.1,343.4860511,6357
1685880000,27199.1,27489.0,27040.0,27122.9,561.94390642,11813
1685923200,27122.9,27128.0,26663.7,26762.6,1194.7234167,14476
1685966400,26768.1,26804.1,25400.0,25721.0,4417.7556964102,37855
1686009600,25724.8,25813.6,25607.6,25689.8,942.30671413,13769
1686052800,25689.3,27368.4,25369.0,27240.1,5058.3317226005,42211
1686096000,27240.0,27387.3,26377.0,26904.9,1906.96208879,17972
1686139200,26904.8,26918.1,26131.7,26352.3,2614.0788615101,25033
1686182400,26352.3,26510.0,26221.7,26438.8,713.69944224,10794
1686225600,26438.8,26831.0,26300.0,26506.7,1773.68269962,15693
1686268800,26506.7,26695.0,26275.4,26618.4,759.83919998,10390
1686312000,26618.4,26784.4,26377.4,26484.1,1223.19371184,12917
1686355200,26484.1,26530.8,25481.0,25749.2,2372.44412958,22462
1686398400,25749.1,26160.5,25400.0,25851.0,2211.04020556,20821
1686441600,25851.0,25872.0,25659.0,25808.0,415.5199173,6950
1686484800,25808.0,26200.0,25693.9,25929.0,1071.81746188,13252
1686528000,25929.1,26098.3,25620.2,25988.3,703.32358235,11452
1686571200,25988.7,25993.2,25643.1,25904.8,1444.68822855,15320
1686614400,25904.8,26260.0,25826.1,26184.9,1077.46727314,13420
1686657600,26185.0,26399.9,25713.4,25932.9,1588.07319823,18375
1686700800,25928.7,26050.0,25830.1,25963.3,575.47667004,8605
1686744000,25963.3,26064.8,24818.0,25123.9,3620.5246854801,30222
1686787200,25124.0,25200.0,24751.1,24963.4,1512.32330405,17810
1686830400,24965.2,25743.8,24874.0,25577.1,2947.9713918501,25383
1686873600,25577.0,25600.0,25419.9,25452.4,779.06898904,11899
1686916800,25451.2,26497.0,25140.0,26323.0,2980.4145281002,27203
1686960000,26323.0,26793.8,26175.0,26498.6,983.90060583,13727
1687003200,26498.6,26589.1,26325.5,26511.8,795.27713179,12300
1687046400,26511.9,26667.4,26371.0,26506.1,488.75471132,8177
1687089600,26506.2,26685.1,26253.2,26334.7,843.98980422,12815
1687132800,26334.7,26472.6,26262.7,26439.0,403.02578589,7892
1687176000,26439.0,27041.8,26299.5,26840.0,3137.0477371601,25498
1687219200,26840.1,27184.0,26701.0,26894.9,1367.73387198,16184
1687262400,26894.8,28400.0,26650.0,28308.9,6160.1891888205,47443
1687305600,28308.8,29199.0,28280.3,28946.7,3439.3683326501,23780
1687348800,28946.7,30794.9,28877.2,29992.0,6374.5406798007,56251
1687392000,29986.8,30460.0,29855.0,29931.1,2752.1138150201,30394
1687435200,29931.2,30359.7,29550.0,29900.0,3321.6929614101,31300
1687478400,29900.1,30177.0,29820.0,30150.1,1613.3157455,16908
1687521600,30150.1,31435.3,29950.0,30687.7,4688.5415528303,40470
1687564800,30687.7,30812.3,30450.0,30693.5,991.39843727,12564
1687608000,30693.1,30802.3,30254.6,30542.4,1022.46095699,18038
1687651200,30542.4,31025.4,30469.8,30700.7,780.29229678,14190
1687694400,30701.1,30721.5,30250.0,30447.3,1215.93676845,17436
1687737600,30447.2,30565.5,30000.0,30323.8,1217.6754492,18945
1687780800,30323.8,30645.0,29914.6,30264.2,1604.383108,23114
1687824000,30264.2,30779.0,30223.6,30727.5,931.20426659,14428
1687867200,30727.4,31008.5,30420.0,30695.8,2472.25607164,25568
1687910400,30695.9,30720.9,30140.7,30324.0,1523.7279435,15249
1687953600,30318.1,30482.8,29834.2,30088.1,1746.64372079,21874
1687996800,30088.2,30748.7,30052.5,30668.9,1087.88482743,13044
1688040000,30668.9,30825.0,30251.7,30450.6,1746.60014497,19228
1688083200,30450.5,31276.9,30359.4,30931.5,2000.8645031999,23588
1688126400,30907.3,31100.0,29375.6,30475.0,4439.0942361601,30201
1688169600,30475.0,30600.0,30333.2,30538.5,328.39310258,6781
1688212800,30538.5,30640.3,30512.3,30591.7,382.74212798,8959
1688256000,30591.7,30635.2,30487.3,30530.8,174.44325034,7018
1688299200,30530.8,30783.2,30192.0,30622.7,555.63204422,11793
1688342400,30622.7,30790.6,30586.3,30640.5,574.24526405,8300
1688385600,30640.5,31373.7,30586.0,31144.9,1944.19743541,18035
1688428800,31145.0,31319.7,30889.1,31066.0,846.93788528,10093
1688472000,31066.0,31095.0,30622.6,30781.9,831.56654696,11508
1688515200,30781.9,30856.6,30366.0,30398.6,873.34293719,10622
1688558400,30395.9,30607.0,30160.4,30502.8,1509.54935333,14497
1688601600,30502.8,31631.0,30333.0,30842.8,2276.2852169,17291
1688644800,30842.8,30878.3,29868.3,29901.7,2418.28572093,26180
1688688000,29907.7,30289.3,29699.0,30127.1,1213.96776768,13490
1688731200,30127.1,30433.3,30068.3,30339.1,1158.15599125,13376
1688774400,30339.1,30380.9,30173.4,30207.2,245.39106364,6955
1688817600,30207.2,30300.0,30077.0,30294.3,402.89861726,9227
1688860800,30294.3,30409.6,30245.2,30287.3,239.54069621,6077
1688904000,30287.4,30448.3,30100.0,30175.1,333.76267577,8933
1688947200,30175.1,30245.9,29966.1,30245.6,584.14458402,9100
1688990400,30245.6,31017.3,30163.9,30409.9,1906.4375857999,20032
1689033600,30409.9,30652.9,30361.6,30413.1,612.31551557,8710
1689076800,30413.1,30786.6,30329.0,30623.9,1140.45964094,14643
1689120000,30623.9,30850.0,30523.3,30764.0,508.77640676,7053
1689163200,30764.0,30969.0,30230.0,30395.3,2003.2245479099,18419
1689206400,30395.3,30637.7,30217.1,30549.0,851.79410195,10312
1689249600,30549.0,31790.8,30467.5,31486.0,3895.1116780102,36284
1689292800,31486.1,31634.2,31100.0,31208.6,1034.85288386,14466
1689336000,31208.7,31351.0,29950.0,30329.7,3114.1110390802,27521
1689379200,30329.7,30387.6,30275.8,30323.6,334.49950633,7186
1689422400,30323.6,30364.3,30270.5,30284.4,283.10182124,7463
1689465600,30284.4,30337.0,30069.0,30318.5,391.41053326,6317
1689508800,30318.5,30447.5,30162.0,30239.3,413.27395566,9209
1689552000,30239.3,30330.9,30010.0,30181.8,567.13640681,9886
1689595200,30181.8,30310.6,29669.0,30148.2,1678.58721199,18852
1689638400,30148.2,30212.5,29802.2,29876.8,618.77374919,10281
1689681600,29876.8,30000.0,29500.0,29857.3,1442.24059872,18338
1689724800,29857.3,30199.9,29851.5,29998.0,722.2044174,10832
1689768000,29998.0,30100.1,29762.9,29912.6,1076.87222892,15509
1689811200,29912.7,30405.9,29910.8,30299.0,828.77381134,12080
1689854400,30299.0,30305.1,29591.2,29797.9,1362.33381326,16603
1689897600,29797.9,29933.1,29720.3,29768.7,420.88680414,8423
1689940800,29768.8,30053.2,29764.9,29915.1,867.82524451,12942
1689984000,29915.1,29980.1,29857.4,29889.5,240.73248869,5896
1690027200,29889.6,29907.0,29650.0,29766.8,397.6991131,7771
1690070400,29766.7,29980.4,29746.8,29910.8,269.38359599,4766
1690113600,29910.8,30333.5,29880.0,30082.4,564.04580862,9465
1690156800,30082.4,30087.3,28970.0,29266.8,883.88901065,11771
1690200000,29266.9,29266.9,28880.0,29178.4,1680.66532248,14466
1690243200,29179.9,29311.8,29060.9,29119.9,577.80597785,7549
1690286400,29119.9,29371.0,29094.8,29225.0,618.34176003,11505
1690329600,29225.0,29395.3,29105.5,29177.0,450.34052299,7757
1690372800,29177.0,29678.3,29170.0,29336.1,1588.83073401,15599
1690416000,29336.1,29553.3,29299.9,29509.5,493.17484636,7617
1690459200,29509.5,29509.6,29071.7,29209.0,889.13095011,11858
1690502400,29209.0,29294.7,29112.8,29208.7,428.8220667,6827
1690545600,29208.7,29506.1,29195.9,29314.2,672.51884126,11705
1690588800,29315.4,29392.4,29261.9,29283.5,182.63670143,5276
1690632000,29283.5,29369.0,29262.5,29360.4,444.9679607,8096
1690675200,29360.5,29360.5,29251.5,29300.6,131.51188768,4627
1690718400,29300.7,29440.4,29054.8,29277.7,317.2313139,8477
1690761600,29277.8,29500.0,29264.9,29375.2,353.29885544,6478
1690804800,29375.2,29455.5,29123.9,29227.6,1095.53703347,12351
1690848000,29227.6,29333.7,28760.0,28853.5,1108.66992567,10639
1690891200,28853.5,29695.2,28761.0,29695.2,1747.99402063,14857
1690934400,29694.9,30000.0,29390.2,29544.0,1194.28008479,11712
1690977600,29544.1,29584.3,28932.9,29152.3,1707.53071769,14252
1691020800,29152.3,29249.8,28960.0,29105.0,771.04485818,8197
1691064000,29105.0,29395.8,29002.3,29187.2,1150.67720681,12398
1691107200,29187.2,29218.8,29100.1,29137.1,322.55508845,6394
1691150400,29137.1,29305.2,28800.0,29072.9,887.47217727,13048
1691193600,29073.0,29099.9,28991.2,29017.9,169.96380773,5372
1691236800,29017.9,29061.6,28955.7,29047.1,242.3412814,6945
1691280000,29047.2,29080.0,29008.1,29025.6,179.23499125,4441
1691323200,29025.6,29153.8,28952.1,29036.9,268.69173628,7176
1691366400,29037.0,29160.0,28966.7,29050.1,513.29300639,8582
1691409600,29050.1,29225.0,28628.9,29179.0,1561.62064884,15070
1691452800,29179.0,29400.1,29113.7,29390.9,623.06834894,10255
1691496000,29391.0,30190.0,29326.8,29766.6,2787.98919897,25902
1691539200,29766.6,29897.6,29659.7,29873.4,977.88795116,13042
1691582400,29873.4,30099.2,29372.8,29570.8,1436.02986282,17895
1691625600,29570.9,29634.1,29470.0,29472.0,443.72961776,8223
1691668800,29472.0,29694.4,29329.0,29429.0,1039.79011176,14884
1691712000,29429.0,29450.4,29322.8,29410.3,329.70806723,8122
1691755200,29410.3,29534.0,29208.1,29399.0,702.45314225,13129
1691798400,29399.0,29447.6,29353.9,29403.2,204.82382581,4891
1691841600,29403.2,29455.6,29400.0,29412.4,184.97693762,7045
1691884800,29412.5,29440.1,29370.2,29375.1,115.96448041,3813
1691928000,29375.1,29439.5,29260.0,29285.1,374.14537446,7323
1691971200,29285.1,29440.0,29100.0,29369.5,470.70576958,10450
1692014400,29369.5,29657.8,29250.5,29418.4,780.86503843,12702
1692057600,29418.5,29418.5,29318.3,29329.8,275.06288182,6137
1692100800,29329.9,29450.0,29075.0,29165.4,919.41694555,16090
1692144000,29165.4,29219.9,29088.4,29130.9,367.03537174,7575
1692187200,29131.0,29182.1,28695.3,28698.5,1110.26589672,17569
1692230400,28699.3,28748.0,28350.0,28513.8,907.59985267,12731
1692273600,28513.8,28521.0,24800.0,26636.6,5057.3302486303,47979
1692316800,26633.1,26820.0,26164.7,26478.0,1446.80291704,18864
1692360000,26478.1,26478.1,25607.1,26046.6,1671.68284719,21125
1692403200,26046.5,26143.4,25800.1,25903.0,384.2414771,8166
1692446400,25903.1,26250.0,25870.9,26083.2,565.9964177,9493
1692489600,26083.2,26180.0,26049.2,26172.2,248.70243784,5054
1692532800,26172.3,26275.3,25995.7,26188.5,334.70684634,8242
1692576000,26188.5,26194.0,25897.6,26015.6,392.47504841,7833
1692619200,26015.6,26225.0,25807.3,26123.4,854.55348183,11510
1692662400,26123.4,26123.4,26001.8,26036.8,281.67413038,6929
1692705600,26036.8,26074.8,25359.9,26040.4,1365.04132504,18334
1692748800,26040.5,26155.9,25904.3,25922.0,580.04531546,8834
1692792000,25922.0,26779.4,25803.4,26417.4,1823.21639575,22119
1692835200,26417.5,26562.0,26342.0,26444.5,488.7295548,10181
1692878400,26444.6,26444.6,25875.7,26160.0,928.54253317,14563
1692921600,26160.0,26171.7,25967.8,26085.2,512.42680281,9236
1692964800,26085.2,26281.5,25778.0,26049.8,915.09040828,18431
1693008000,26049.9,26098.3,25998.5,26028.8,175.4764462,5826
1693051200,26028.9,26057.8,25984.9,26002.4,181.9344911,6250
1693094400,26002.4,26081.0,25966.6,26074.8,170.70871967,4496
1693137600,26074.8,26165.9,26035.5,26087.4,277.75777828,10613
1693180800,26087.4,26093.1,25860.2,25975.1,492.23657035,9890
1693224000,25975.1,26230.9,25932.6,26109.6,856.52071714,13551
1693267200,26109.6,26188.9,25927.2,25962.7,240.02179272,7705
1693310400,25962.7,28150.0,25953.0,27731.7,4494.6232261902,37950
1693353600,27731.7,27757.3,27287.5,27350.2,812.04953925,8332
1693396800,27350.2,27445.7,27005.2,27305.4,1222.68664654,17091
1693440000,27305.4,27605.5,27179.6,27320.1,528.76074873,8674
1693483200,27320.2,27320.2,25663.0,25936.2,1850.51983661,24510
1693526400,25936.3,26097.5,25928.1,26037.2,1081.46454176,11909
1693569600,26037.2,26127.0,25333.3,25808.3,1464.24837944,23440
1693612800,25808.3,25851.8,25754.1,25810.8,271.54251887,6974
1693656000,25810.9,25973.8,25764.5,25869.7,343.00681772,10199
1693699200,25869.7,25941.6,25837.0,25928.8,209.81681759,5586
1693742400,25928.8,26119.0,25820.1,25969.4,409.61884849,8759
1693785600,25969.4,26079.2,25872.8,25895.4,357.71282493,8215
1693828800,25895.4,25934.5,25630.8,25806.3,493.28186231,11496
1693872000,25806.3,25810.8,25580.5,25755.3,345.86501824,8516
1693915200,25755.4,25868.8,25625.0,25788.7,596.28758351,14322
1693958400,25788.8,25830.6,25719.0,25719.1,223.93984708,7543
1694001600,25719.1,26000.0,25385.2,25763.8,929.76105035,16002
1694044800,25763.7,25826.1,25689.7,25689.7,255.88362418,7327
1694088000,25689.8,26487.7,25609.0,26236.4,1915.10871486,21349
1694131200,26236.5,26414.0,25650.0,25826.7,894.23101387,12827
1694174400,25826.7,25935.3,25726.8,25905.2,1291.81467702,13049
1694217600,25905.3,25905.3,25850.2,25858.9,114.97358862,5480
1694260800,25858.9,25919.2,25803.7,25891.3,224.58241628,8338
1694304000,25891.3,25893.8,25755.1,25800.1,164.11505957,5990
1694347200,25800.1,26040.7,25582.5,25830.0,798.29791172,10862
1694390400,25830.0,25875.0,25567.4,25591.1,302.84393735,8629
1694433600,25591.1,25730.5,24925.0,25163.4,2967.1609874101,23968
1694476800,25163.4,26289.0,25140.1,26072.0,1582.73598091,14009
1694520000,26072.0,26528.9,25819.5,25832.4,2055.45007325,19399
1694563200,25832.4,26235.2,25780.0,26199.8,718.97786836,8976
1694606400,26199.8,27212.0,26000.0,26231.1,2183.07602866,16290
1694649600,26231.2,26551.6,26154.6,26458.4,956.14974262,9734
1694692800,26458.5,26833.0,26342.6,26535.5,1632.17726049,18057
1694736000,26535.5,26670.0,26401.6,26433.0,884.01234466,9142
1694779200,26433.0,26887.7,26220.9,26610.0,1858.12505875,16843
1694822400,26610.1,26756.8,26480.5,26539.9,230.87278986,8157
1694865600,26540.0,26616.9,26509.3,26568.5,288.9655532,8082
1694908800,26568.4,26603.2,26450.0,26600.0,175.00061453,5391
1694952000,26600.0,26600.0,26412.0,26539.8,228.39720669,6946
1694995200,26539.9,27224.3,26405.7,27192.6,1121.99971504,13730
1695038400,27192.7,27468.1,26657.5,26758.3,1961.22301767,17783
1695081600,26758.3,27439.4,26691.2,27235.7,1215.55174771,11394
1695124800,27235.7,27494.5,26909.7,27228.6,1677.29153877,16664
1695168000,27228.6,27397.8,26955.0,27113.1,778.87451943,11176
1695211200,27113.1,27300.9,26826.7,27135.1,1407.16081337,14702
1695254400,27135.1,27150.0,26630.4,26730.9,1125.62139947,10856
1695297600,26730.9,26756.2,26358.2,26567.6,1403.35475557,13184
1695340800,26567.6,26716.9,26490.0,26628.7,481.1710513,7245
1695384000,26628.7,26696.0,26495.1,26583.8,898.09757556,9776
1695427200,26583.8,26612.0,26500.0,26570.8,357.77219118,4569
1695470400,26570.8,26630.0,26558.3,26580.8,198.14879002,5907
1695513600,26580.8,26612.5,26558.6,26607.1,145.61230523,4066
1695556800,26607.2,26711.0,26157.0,26252.3,577.06930382,8968
1695600000,26252.4,26333.3,26022.3,26052.6,966.83056703,9431
1695643200,26052.6,26420.0,26000.0,26289.8,1971.70288888,12114
1695686400,26289.8,26393.2,26204.7,26247.0,590.10183868,5660
1695729600,26247.0,26288.3,26094.3,26214.9,666.78544663,9433
1695772800,26214.9,26800.0,26214.8,26729.1,741.58390249,7388
1695816000,26741.3,26818.2,26100.1,26359.9,1282.72570471,12542
1695859200,26359.9,26577.7,26329.9,26450.5,633.13736521,8782
1695902400,26450.5,27312.9,26450.4,27026.8,1886.42110612,15130
1695945600,27027.3,27225.7,26880.1,26968.7,871.95251497,7663
1695988800,26968.7,27075.1,26692.0,26920.1,1174.3226889,12451
1696032000,26920.1,26983.6,26888.3,26944.1,223.47127159,6557
1696075200,26944.1,27096.0,26940.0,26972.9,368.16239154,8242
1696118400,26972.1,27276.0,26965.7,27200.2,633.1294723,6906
1696161600,27200.2,28087.9,27059.6,27981.1,1170.43814708,14339
1696204800,27981.1,28485.8,27839.9,28226.9,1827.65044996,13881
1696248000,28226.9,28572.5,27298.0,27500.9,3651.6883841901,21910
1696291200,27500.9,27658.2,27385.4,27552.4,773.87960634,9119
1696334400,27552.4,27575.9,27189.0,27428.2,1497.80989431,15552
1696377600,27428.2,27637.3,27229.8,27573.9,645.47769585,10403
1696420800,27574.0,27826.3,27348.0,27800.0,1017.41836013,12952
1696464000,27800.0,27873.6,27557.5,27732.2,416.26190569,7198
1696507200,27732.2,28116.4,27366.1,27413.8,2005.45033343,16515
1696550400,27413.8,27792.0,27410.8,27759.4,852.96684787,9275
1696593600,27759.4,28284.9,27185.1,27947.8,1852.63524401,17618
1696636800,27947.8,28028.7,27865.7,27954.1,468.79358173,7295
1696680000,27954.1,27998.6,27880.0,27973.4,343.25511529,7417
1696723200,27973.4,28107.2,27809.9,27825.8,337.61802488,6561
1696766400,27825.9,28004.7,27740.1,27934.7,340.84460054,8856
1696809600,27934.7,27996.8,27421.0,27466.3,874.12813017,8381
1696852800,27467.6,27725.3,27275.0,27586.1,1431.95134652,12109
1696896000,27586.1,27713.6,27516.9,27517.0,480.38725057,7750
1696939200,27517.0,27611.0,27300.0,27397.3,1106.10396764,12174
1696982400,27397.3,27468.9,26969.0,27196.5,1388.78220894,12314
1697025600,27196.5,27248.2,26551.0,26868.2,1704.39420375,16469
1697068800,26868.2,26925.0,26683.9,26837.9,661.94535577,9147
1697112000,26837.9,26855.2,26560.0,26760.9,940.76714612,12437
1697155200,26760.9,26926.6,26746.5,26808.8,503.00590958,7393
1697198400,26808.9,27137.0,26675.0,26867.9,1612.49090555,14331
1697241600,26867.9,26976.5,26848.0,26867.6,306.35358439,6424
1697284800,26867.6,26950.0,26820.0,26857.3,425.51165524,7250
1697328000,26857.3,26914.9,26828.0,26868.0,234.10125792,3908
1697371200,26868.0,27292.1,26820.1,27170.1,792.69173737,9820
1697414400,27170.1,27998.9,27119.9,27758.0,2010.57678087,14365
1697457600,27758.0,30000.0,27719.8,28516.8,5780.3076941909,41123
1697500800,28516.8,28600.0,28100.0,28437.6,773.7674842,9213
1697544000,28437.7,28606.3,28165.0,28415.8,1555.28423045,12846
1697587200,28415.8,28980.6,28274.2,28365.0,1156.23046434,12049
1697630400,28365.1,28422.9,28170.0,28335.1,882.78750222,12306
1697673600,28335.1,28500.0,28150.5,28445.3,835.76346074,7960
1697716800,28445.3,28900.0,28445.2,28726.9,1537.90521723,16189
1697760000,28727.0,30215.0,28600.1,29858.0,2172.78960588,19791
1697803200,29858.1,29925.0,29349.3,29680.9,1644.4675909,17347
1697846400,29680.9,29859.9,29483.5,29825.1,859.44141946,7483
1697889600,29825.1,30343.3,29713.3,29920.2,1393.19925237,14195
1697932800,29920.2,30220.7,29694.1,29900.0,701.9410684,12391
1697976000,29900.0,30048.9,29715.2,29987.3,628.57883749,11783
1698019200,29987.3,30958.8,29914.0,30671.1,1539.2222929,20587
1698062400,30671.2,34800.0,30400.0,33084.4,5622.0287270807,49408
1698105600,33084.4,35225.0,32880.1,34550.0,3919.4074299904,40524
1698148800,34550.0,34818.9,33250.0,33922.4,3941.1848013812,40451
1698192000,33921.6,34398.0,33706.1,34198.6,1231.76797055,18146
1698235200,34198.6,35140.3,34198.6,34489.9,2693.1935413202,28952
1698278400,34489.9,34825.0,34000.0,34113.8,1483.05170042,17774
1698321600,34113.9,34419.5,33717.2,34155.2,2392.1035840901,24818
1698364800,34155.2,34239.7,33819.7,34046.4,968.06105388,12552
1698408000,34046.4,34200.2,33318.6,33915.1,1714.33331498,21755
1698451200,33915.1,34463.7,33876.4,34190.9,695.09058732,10281
1698494400,34191.0,34239.4,33852.8,34092.1,527.47439531,10876
1698537600,34092.0,34336.9,33960.1,34273.3,351.41952886,7046
1698580800,34273.3,34758.5,34269.5,34529.5,1172.0551702299,15730
1698624000,34529.5,34659.2,34125.5,34603.0,870.20110468,10855
1698667200,34604.9,34953.4,34100.1,34508.1,1677.29975687,18787
1698710400,34508.1,34600.0,34060.1,34516.8,712.80206103,14211
1698753600,34516.8,34719.9,34159.9,34655.2,1147.54792989,16852
1698796800,34653.9,34658.9,34333.0,34440.1,576.735524,9874
1698840000,34440.1,35612.5,34120.0,35441.7,3236.4580845801,36090
1698883200,35441.7,35945.0,35095.5,35384.0,1759.68440973,18093
1698926400,35384.0,35462.5,34350.0,34927.7,2231.66052453,21014
1698969600,34927.8,34927.8,34133.0,34274.0,1013.20829126,14484
1699012800,34274.0,34859.1,34165.8,34741.2,1108.62996193,15772
1699056000,34741.2,34999.9,34614.4,34724.5,299.6783886,8376
1699099200,34724.5,35257.9,34700.0,35090.3,1317.98474084,13639
1699142400,35091.1,35339.8,34979.1,35103.7,660.32571063,9514
1699185600,35103.7,35382.1,34520.1,35050.0,1170.04443044,14710
1699228800,35050.1,35267.1,34767.3,35239.3,658.95438402,11507
1699272000,35239.4,35265.1,34835.2,35028.6,914.66526952,16748
1699315200,35028.6,35035.8,34600.0,34641.5,693.44154388,11458
1699358400,34641.6,35900.1,34560.0,35449.0,1880.6616496,20721
1699401600,35449.1,35452.7,35211.0,35355.2,595.45449319,10163
1699444800,35355.2,36094.0,35100.0,35626.4,1961.0602828,18145
1699488000,35626.4,36971.0,35557.7,36827.7,2503.46056721,19786
1699531200,36827.7,37971.0,35517.3,36694.0,5594.7819847004,40662
1699574400,36702.5,37139.9,36340.1,37084.2,2040.65391008,13861
1699617600,37085.0,37500.0,36854.3,37311.7,2421.78658645,20412
1699660800,37311.7,37411.7,36922.9,37017.8,819.33135996,9899
1699704000,37017.9,37289.7,36658.0,37139.8,906.85037572,14150
1699747200,37139.9,37185.6,36727.3,37075.0,475.74097846,7213
1699790400,37075.1,37227.6,36918.7,37053.9,697.88380865,10831
1699833600,37053.9,37423.0,36700.0,36830.2,1296.66477703,11933
1699876800,36827.1,37005.0,36371.0,36494.1,1979.87310897,15426
1699920000,36494.1,36750.1,36183.0,36295.2,1798.98767242,12204
1699963200,36295.2,36707.4,34666.0,35544.4,2860.0943188401,23612
1700006400,35544.4,36277.0,35361.7,36257.9,834.77069944,12855
1700049600,36257.9,37950.0,36026.8,37896.7,3624.8901920403,30850
1700092800,37896.7,37950.0,37149.9,37255.9,2209.06890099,14584
1700136000,37255.9,37300.0,35517.2,36159.1,4208.0662442402,26560
1700179200,36159.1,36693.5,36104.7,36384.5,1606.29631014,12402
1700222400,36384.5,36888.0,35851.2,36625.0,2996.3541588001,19270
1700265600,36625.0,36625.0,36222.0,36408.2,413.96586421,8294
1700308800,36409.7,36850.0,36362.6,36586.1,741.14300196,12162
1700352000,36586.1,36704.7,36428.9,36478.5,270.75477806,7491
1700395200,36478.6,37531.9,36416.4,37373.9,1482.62454964,13564
1700438400,37383.9,37439.7,37063.7,37195.3,1113.95552584,10898
1700481600,37195.3,37777.0,36715.0,37480.5,3059.2722970701,20399
1700524800,37480.5,37655.8,37172.7,37180.9,1289.72286683,11002
1700568000,37180.9,37498.3,35777.1,35777.1,4983.1690561603,29539
1700611200,35777.1,36766.9,35645.0,36469.5,2075.08615616,12903
1700654400,36469.5,37848.0,36229.9,37428.1,4049.3038406003,23821
1700697600,37428.1,37624.0,37200.0,37339.9,1563.18433109,9743
1700740800,37351.2,37500.0,36874.7,37300.9,1187.65886254,13014
1700784000,37300.9,37999.0,37277.2,37776.6,1637.84819563,12762
1700827200,37776.6,38432.9,37579.9,37710.4,2619.0996271701,21065
1700870400,37716.2,37864.1,37614.0,37653.1,618.88761817,8230
1700913600,37653.1,37900.0,37627.2,37800.2,586.05822897,9592
1700956800,37800.2,37810.0,37690.2,37710.1,230.41146838,6172
1701000000,37710.1,37732.1,37151.1,37469.9,1107.87606899,13474
1701043200,37469.9,37565.6,36925.0,37060.1,602.6120721,9522
1701086400,37060.1,37274.7,36720.0,37254.1,1545.98373346,16233
1701129600,37254.1,37341.4,36901.0,37250.0,771.21055063,9301
1701172800,37250.0,38390.7,37140.5,37832.7,2805.4820857601,20272
1701216000,37832.7,38419.0,37706.2,38136.3,830.61912021,11357
1701259200,38136.3,38298.2,37604.9,37870.0,1547.50024815,15145
1701302400,37870.0,38148.9,37604.9,37894.4,884.19477075,9695
1701345600,37894.4,37950.0,37501.0,37717.7,848.09773263,11063
1701388800,37719.0,38800.0,37629.7,38598.0,1561.64821985,13144
1701432000,38598.0,38924.4,38250.1,38690.0,2145.35480403,20943
1701475200,38690.0,38823.2,38657.1,38754.1,482.52492458,7184
1701518400,38754.2,39700.0,38730.9,39477.1,1484.66063335,18032
1701561600,39477.1,39562.0,39299.0,39490.2,596.02841166,8556
1701604800,39490.2,40117.2,39383.0,39975.1,1543.14035434,17467
1701648000,39975.1,42128.0,39975.1,41586.0,3540.3764074701,30781
1701691200,41586.0,42415.5,39476.0,41984.7,3919.9390659903,29422
1701734400,41983.0,41983.0,41427.1,41725.7,958.95788891,10864
1701777600,41725.7,44465.0,41691.8,44080.8,4612.8272324604,37703
1701820800,44080.8,44277.2,43335.5,43851.2,1833.3507158099,18848
1701864000,43851.2,44267.8,43594.4,43761.7,1727.45155309,19052
1701907200,43761.7,44041.4,42885.0,43200.0,1110.2167069,12072
1701950400,43200.1,43898.0,42969.3,43291.7,1539.52502868,15149
1701993600,43288.1,43714.2,43120.1,43650.0,1201.04539951,10675
1702036800,43649.9,44699.0,43470.9,44179.5,2399.01432054,18369
1702080000,44179.6,44368.9,43776.7,43833.4,779.90339376,9533
1702123200,43831.7,44149.9,43606.0,43709.6,942.41502783,10536
1702166400,43709.7,44000.0,43610.1,43740.0,707.97767308,7173
1702209600,43740.0,44040.1,43587.6,43788.0,669.08938244,10064
1702252800,43788.0,43808.4,39999.0,42343.4,3115.1075489402,24782
1702296000,42343.4,42376.3,40156.6,41236.8,3810.2011384601,23858
1702339200,41236.9,42300.0,41171.7,41573.5,2060.65643044,13093
1702382400,41573.5,42053.1,40662.4,41469.9,1769.8936844,15620
1702425600,41470.0,41493.3,40606.6,40966.1,662.01536515,10524
1702468800,40966.4,43421.5,40966.4,42889.1,3005.3163800001,19558
1702512000,42889.1,43289.9,42650.0,43276.7,1099.97633256,10165
1702555200,43274.6,43380.1,41359.0,43016.1,2309.43924628,18231
1702598400,43016.1,43090.9,42020.7,42781.6,1225.42863028,10306
1702641600,42781.6,42781.6,41697.5,41943.3,1196.74890334,14752
1702684800,41943.3,42358.9,41648.8,42289.6,621.97210427,6678
1702728000,42289.7,42664.2,42120.7,42231.5,865.13589916,8491
1702771200,42231.5,42270.1,41661.5,41921.2,902.55277132,7027
1702814400,41921.3,42350.0,41238.0,41344.3,1973.24792837,10237
1702857600,41344.4,41404.9,40515.9,41057.2,1224.26551032,11728
1702900800,41059.6,42709.4,40895.0,42646.1,2183.27758533,14845
1702944000,42644.7,43422.7,42553.8,42954.5,1308.68756085,11321
1702987200,42954.5,43000.0,41820.0,42267.0,1746.11761569,13622
1703030400,42267.1,42984.5,42231.2,42848.8,596.15689025,8229
1703073600,42855.8,44300.0,42757.8,43630.0,3412.2060196201,21128
1703116800,43630.0,44083.0,43329.6,43931.8,919.11263649,8945
1703160000,43933.6,44236.9,43391.4,43869.3,1697.55818357,15069
1703203200,43869.4,44429.4,43500.0,43754.3,1257.63511335,11559
1703246400,43754.3,44063.7,43450.1,43997.0,1375.9365913499,15750
1703289600,43997.0,43999.0,43314.0,43570.6,637.39614345,10198
1703332800,43570.7,43850.0,43568.1,43750.1,503.46366062,8239
1703376000,43750.1,43933.1,43400.0,43660.4,899.8420739,7529
1703419200,43660.4,43899.9,42680.0,43014.9,1443.79135677,10889
1703462400,43014.9,43329.6,42765.0,43194.1,852.11586752,7046
1703505600,43193.1,43777.9,43104.2,43604.1,894.835916,8952
1703548800,43604.1,43604.1,42100.0,42675.9,1802.9619378,12215
1703592000,42675.9,42792.2,41637.1,42519.1,1377.67423417,14124
1703635200,42519.1,43226.7,42150.2,43000.0,786.31404447,8201
1703678400,43000.0,43650.0,42750.1,43468.1,1357.37035153,12535
1703721600,43467.2,43792.3,42850.0,43098.1,1064.81720475,10304
1703764800,43098.1,43143.1,42307.2,42616.4,1701.53599996,16079
1703808000,42616.4,42935.5,42189.0,42907.9,875.37708455,9794
1703851200,42907.9,43135.8,41300.6,42097.9,1737.06931624,18170
1703894400,42097.9,42215.2,41551.8,41913.0,540.99401279,7752
1703937600,41913.1,42577.2,41913.0,42150.0,765.55861347,8834
1703980800,42150.1,42874.4,41991.1,42500.1,617.13017942,7143
1704024000,42502.7,42690.1,42110.0,42241.1,892.49347762,8530
1704067200,42241.1,42756.3,42215.7,42686.1,397.20969926,5728
1704110400,42686.1,44187.5,42587.9,44180.8,2062.22282973,14160
1704153600,44180.8,45913.4,44113.2,45450.0,4124.6732432003,28685
1704196800,45455.0,45845.3,44650.1,44972.0,2340.54807935,17325
1704240000,44975.4,45509.3,43556.0,43747.8,1674.90669725,13762
1704283200,43749.8,43944.0,39501.0,42849.5,5332.2304070806,45708
1704326400,42849.5,43295.4,42682.0,43217.9,875.6906567,12410
1704369600,43217.9,44784.9,43159.4,44211.9,2589.9699954302,22294
1704412800,44210.0,44296.9,42480.0,43800.0,1878.7607779199,19458
1704456000,43800.1,44365.0,43152.2,44179.9,1494.8934401,17742
1704499200,44179.9,44241.8,43451.0,43683.5,479.93514204,7647
1704542400,43683.6,44161.2,43605.0,43960.0,515.62928504,8549
1704585600,43960.0,44270.3,43900.1,44077.9,403.29669763,6384
1704628800,44075.5,44483.9,43648.1,43915.9,1146.31629149,12750
1704672000,43915.9,44750.0,43208.5,44673.4,2175.61439507,15900
1704715200,44675.1,47306.6,44232.7,46989.4,4669.3529429407,36891
1704758400,46989.5,47171.8,45793.2,46644.1,3214.4772162602,21853
1704801600,46644.0,47988.0,44500.0,46128.7,5274.7825333803,40395
1704844800,46128.7,46247.0,45006.0,45537.5,1382.7322178399,16296
1704888000,45537.6,47699.6,44331.8,46664.8,6910.6923895208,49727
1704931200,46678.1,47164.0,45676.6,47075.9,1786.9843054599,20365
1704974400,47076.0,49000.0,45619.1,46350.4,5621.5613829806,46195
1705017600,46350.4,46500.0,45550.0,45962.2,1489.72898843,15759
1705060800,45962.5,46100.1,41476.0,42800.1,7937.1237734907,50951
1705104000,42800.1,43230.0,42459.8,42604.8,879.45339378,14221
1705147200,42604.8,43228.0,42509.1,42827.9,839.70693239,11616
1705190400,42827.9,43055.0,42566.9,42807.5,878.44614049,10035
1705233600,42811.0,43011.2,41717.0,41719.1,1927.03653583,15048
1705276800,41717.1,42820.1,41700.0,42687.2,772.77113426,9465
1705320000,42687.2,43318.0,42145.5,42506.4,1635.19718618,14405
1705363200,42499.3,43090.1,42449.6,42837.3,565.59794357,8571
1705406400,42837.4,43568.3,42042.1,43134.7,1798.09208398,17778
1705449600,43134.7,43165.0,42534.6,42663.9,544.74754555,10129
1705492800,42663.9,42881.1,42190.2,42747.8,1537.7994314,11820
1705536000,42746.1,42877.0,42379.4,42509.8,459.02803844,6018
1705579200,42510.3,42740.0,40625.0,41264.7,2972.8634601201,22072
1705622400,41264.8,41535.3,40723.6,41437.7,1291.10770772,9939
1705665600,41436.2,42140.3,40255.0,41611.9,2289.54833211,17178
1705708800,41611.9,41746.9,41453.0,41545.5,320.69655838,5252
1705752000,41545.5,41800.0,40000.0,41650.0,507.33150493,5002
1705795200,41649.9,41797.7,41544.9,41696.8,376.25191406,4434
1705838400,41696.9,42260.0,41482.8,41554.7,517.64981121,6568
1705881600,41554.8,41654.2,40369.8,40801.1,1000.0373462999,11127
1705924800,40801.1,41160.5,39410.9,39510.0,3096.52740373,24044
1705968000,39510.0,40100.0,38625.8,38803.2,1755.81215691,14603
1706011200,38803.3,39844.0,38518.0,39844.0,1627.79178694,16416
1706054400,39844.0,40492.3,39557.7,40180.7,1185.09280298,10180
1706097600,40180.8,40253.1,39451.1,40069.8,1270.05040207,12494
1706140800,40069.8,40261.7,39788.0,40149.8,457.77999455,7018
1706184000,40149.9,40249.2,39556.2,39924.8,1008.01027139,9596
1706227200,39924.8,41457.4,39810.4,41277.6,1427.26406994,9819
1706270400,41277.5,42213.6,40910.0,41814.2,1988.31160206,17438
1706313600,41814.3,41923.7,41399.9,41759.0,702.46458856,6754
1706356800,41759.1,42194.3,41729.2,42126.3,597.13783776,6719
1706400000,42126.3,42800.0,41977.0,42473.0,963.93030216,8593
1706443200,42473.0,42513.9,41651.2,42024.9,731.34763534,8257
1706486400,42025.0,42485.0,41907.5,42227.0,447.57689075,6993
1706529600,42227.0,43333.0,41817.8,43269.5,1505.64373721,15570
1706572800,43272.7,43779.5,43158.4,43549.8,1116.27840415,9004
1706616000,43545.0,43857.2,42716.0,42956.0,1333.02397761,13875
1706659200,42956.0,43108.2,42350.5,42628.3,910.04744664,8244
1706702400,42628.3,43742.3,42300.1,42551.7,1932.63610427,14756
1706745600,42551.7,42622.0,41882.5,42050.3,797.2853735,8433
1706788800,42050.3,43250.0,41931.2,43075.2,1875.396168,12648
1706832000,43075.3,43400.0,42933.3,43134.9,669.46823416,6527
1706875200,43134.9,43431.5,42546.6,43185.9,1517.22639744,11566
1706918400,43185.9,43345.2,42995.1,42995.2,226.29014509,5052
1706961600,42995.2,43250.3,42900.1,42982.8,299.92272089,5425
1707004800,42982.8,43086.4,42738.6,43045.3,295.02941639,4723
1707048000,43045.4,43091.1,42232.8,42591.4,338.79513724,6060
1707091200,42591.3,43199.0,42250.9,43160.7,551.19059637,6702
1707134400,43160.7,43489.0,42320.0,42650.0,1033.71054666,13371
1707177600,42650.0,43044.6,42530.3,42789.2,565.92129008,7448
1707220800,42795.0,43339.7,42625.0,43085.0,775.00436172,10150
1707264000,43085.0,43322.0,42763.7,42898.5,1477.06169685,6514
1707307200,42898.5,44362.0,42890.0,44333.6,2290.77124842,16804
1707350400,44333.7,44868.5,44333.7,44682.0,1568.46279487,10785
1707393600,44682.0,45606.2,44605.3,45329.6,1988.0841925699,18674
1707436800,45329.6,47256.5,45258.8,47176.7,2333.43550508,18038
1707480000,47176.8,48188.5,46602.9,47127.0,3360.0990006502,26589
1707523200,47127.1,47495.3,46900.0,47211.1,820.51522452,7278
1707566400,47211.2,48154.0,47140.5,47773.2,785.65015234,11066
1707609600,47766.2,48590.0,47580.9,48446.5,932.90231582,12518
1707652800,48446.6,48473.5,47976.0,48295.0,854.17309318,8792
1707696000,48295.0,48775.0,47642.0,47890.2,938.51278686,9223
1707739200,47890.1,50339.5,47870.0,49943.7,4213.5921769906,28464
1707782400,49943.7,50390.2,49687.3,50000.0,1167.81875575,10170
1707825600,50000.1,50003.0,48240.0,49755.4,2818.4271460003,20141
1707868800,49750.1,51736.4,49255.2,51560.9,2398.88547536,18233
1707912000,51566.7,52136.8,51253.0,51835.1,2322.6715411302,24933
1707955200,51835.2,52500.0,51735.0,52360.9,1585.06106116,17698
1707998400,52360.9,52843.0,51335.2,51947.1,2610.87715071,22104
1708041600,51947.1,52400.0,51625.0,52229.9,884.71892604,9866
1708084800,52230.0,52574.2,51667.5,52185.3,1182.8026528099,14584
1708128000,52185.3,52192.0,51453.4,51735.7,591.31048072,7341
1708171200,51735.7,52000.1,50581.2,51700.0,1520.36108102,14907
1708214400,51700.1,52043.4,51231.1,51850.0,739.91948364,8478
1708257600,51849.9,52392.1,51564.2,52156.3,907.25678576,11777
1708300800,52157.1,52475.6,51929.9,52346.4,884.00574741,9079
1708344000,52346.4,52450.0,51704.8,51771.1,745.90928046,11611
1708387200,51771.2,52404.4,51318.4,52279.9,1501.82006066,9291
1708430400,52280.0,52991.8,50663.7,52270.1,3112.9214979502,21976
1708473600,52270.1,52359.9,50827.9,50970.9,886.33205882,9677
1708516800,50970.8,51936.6,50636.4,51866.9,1293.2903473999,19069
1708560000,51866.9,51974.1,51146.1,51607.3,665.48920456,11363
1708603200,51607.4,52035.0,50890.2,51300.1,1266.10785604,12802
1708646400,51300.1,51472.4,50857.5,51204.2,601.24557429,8238
1708689600,51204.2,51308.4,50456.0,50739.4,909.53647134,13787
1708732800,50739.4,51157.2,50589.7,51093.5,368.64472566,6631
1708776000,51093.6,51650.0,51037.3,51554.5,573.62299348,9065
1708819200,51554.5,51855.2,51439.6,51641.5,456.00764721,5959
1708862400,51641.5,51936.7,51300.0,51733.8,766.03580813,8250
1708905600,51733.8,51759.2,50950.0,51107.9,889.09526432,8541
1708948800,51107.9,54920.0,50982.1,54525.4,4358.0569281805,34941
1708992000,54525.4,57109.5,54478.8,56524.1,2927.2013873001,26208
1709035200,56524.1,57572.6,56186.3,57072.6,2363.82796262,24669
1709078400,57066.2,59500.0,56738.9,58987.1,2617.3056896601,23297
1709121600,58989.2,64015.8,56000.4,62487.8,8298.4462739721,82990
1709164800,62489.8,63583.5,61090.0,62920.5,2256.37209839,30849
1709208000,62920.5,63549.8,60108.8,61180.9,4559.6589901103,39229
1709251200,61180.9,62250.0,60800.1,61897.8,988.84030172,14372
1709294400,61897.8,63150.0,61201.0,62434.3,2537.5576141301,22677
1709337600,62434.3,62500.0,61770.1,61917.8,1334.99279082,11251
1709380800,61917.8,62223.7,61663.3,62033.7,879.81128805,10975
1709424000,62028.6,62100.0,61400.0,61832.7,387.9344433,9586
1709467200,61833.6,63255.0,61833.5,63178.2,1204.43136499,17329
1709510400,63178.3,65553.2,62262.0,65204.8,2155.6326684499,28247
1709553600,65206.6,68521.0,64664.0,68323.1,3954.6160750905,41992
1709596800,68338.6,68786.7,64259.0,66687.3,2387.16188763,33805
1709640000,66695.6,69218.0,59150.0,63802.3,8267.0880433911,78716
1709683200,63805.2,67635.3,62876.6,67276.9,2211.73139885,26700
1709726400,67277.0,67570.4,64663.2,66098.9,2691.4421165502,32283
1709769600,66098.9,67291.2,65668.0,66895.8,945.71887844,15923
1709812800,66895.8,68050.0,66658.6,66936.5,2204.59196309,27146
1709856000,66936.7,67754.0,66891.4,67754.0,540.90546689,13444
1709899200,67754.0,70000.0,65200.0,68333.0,3903.2391848504,47132
1709942400,68333.0,68650.0,68047.8,68400.0,430.29030068,10821
1709985600,68400.0,68657.4,68071.0,68459.1,535.12702997,10361
1710028800,68459.1,69981.0,68390.5,69698.2,1364.4265887399,19182
1710072000,69698.3,69949.0,68254.9,69040.1,999.78303264,18999
1710115200,69040.1,72229.6,67187.3,71557.7,2748.6912391101,32257
1710158400,71557.7,72866.4,71362.1,72100.0,2803.0615971201,30472
1710201600,72100.1,72444.0,71350.1,72060.1,994.95676545,16468
1710244800,72060.0,73000.0,68660.2,71484.7,2988.7680642103,40127
1710288000,71480.8,73666.5,71336.1,73115.1,1293.95866646,18903
1710331200,73115.0,73485.0,71725.5,73082.4,1527.8289934999,21139
1710374400,73089.7,73734.0,72555.0,72875.1,1102.3002522,15138
1710417600,72875.1,73075.6,68554.9,71371.2,3882.5309533803,40564
1710460800,71371.3,72500.0,65600.0,67678.0,3522.8631188003,48186
1710504000,67691.0,70574.7,67444.0,69488.8,2384.35045313,33258
1710547200,69488.9,69999.0,67742.6,68299.3,786.56135506,14206
1710590400,68274.4,68476.6,64802.6,65249.6,1764.2090953699,26911
1710633600,65249.6,67300.2,64555.0,66868.8,1346.7827811599,18780
1710676800,66868.7,68815.6,66425.8,68355.6,1240.21854643,17386
1710720000,68355.6,68898.3,66800.1,68209.8,1277.4806903599,15991
1710763200,68211.1,68542.2,66569.4,67600.0,1618.82870376,22848
1710806400,67600.0,68075.0,62500.0,63039.3,3847.9739522604,35481
1710849600,63039.9,65729.4,61537.5,61908.4,3007.2282921902,33696
1710892800,61905.3,63940.1,60778.2,63335.0,2088.2876748999,24631
1710936000,63345.3,68137.3,62100.1,67866.0,4418.5767767505,39338
1710979200,67866.1,68238.0,66100.0,67057.8,1059.14741489,15995
1711022400,67057.8,67692.8,64564.4,65499.9,1653.13690709,20796
1711065600,65500.0,66614.8,64126.2,64238.0,984.83941039,14098
1711108800,64238.0,64628.3,62204.1,63810.1,1864.88745333,24372
1711152000,63810.0,64825.7,63050.4,64620.5,867.02746894,10714
1711195200,64620.6,65970.0,63969.4,64034.5,1068.21492567,15094
1711238400,64034.4,65334.5,63825.0,65306.2,494.5783304,9835
1711281600,65306.3,67614.8,64666.0,67193.9,1316.4648762399,19556
1711324800,67199.1,67738.3,66438.4,66832.2,871.05119892,12014
1711368000,66840.1,71217.1,66810.8,69950.0,3565.8864302103,34189
1711411200,69950.1,71557.7,69761.9,70694.1,927.18868262,13926
1711454400,70694.2,71145.0,69116.8,70000.1,1674.92276097,19818
1711497600,70000.1,70731.2,69498.1,70222.5,1007.17283731,11258
1711540800,70222.4,71746.9,68366.5,69437.3,2903.4789944601,25633
1711584000,69437.2,70900.0,68800.0,70602.1,1350.66375759,13538
1711627200,70600.0,71546.3,70330.7,70742.2,1807.3695919,18488
1711670400,70742.2,70911.4,69622.0,70156.4,971.28094606,10781
1711713600,70156.4,70610.5,69128.7,69917.1,915.32983085,14329
1711756800,69917.0,70354.4,69794.3,70230.1,340.0667374,7306
1711800000,70230.1,70290.0,69607.6,69652.0,330.45677648,9004
1711843200,69652.0,70443.2,69600.0,70400.0,418.03168699,6623
1711929600,71306.7,71306.8,68971.2,69534.9,886.8364938,12842
1711972800,69535.0,70063.9,68101.0,69681.1,1156.01106187,17894
1712016000,69681.1,69699.9,65075.6,65629.9,2143.62200184,26412
1712059200,65629.9,66261.7,64572.7,65457.6,1753.0380380999,22756
1712102400,65457.6,66656.2,64541.2,66123.0,724.26270188,13251
1712145600,66122.9,66902.0,65530.2,65991.5,783.97474176,14574
1712188800,65991.4,66453.0,65116.1,66342.7,603.85392347,10329
1712232000,66349.9,69354.7,66349.7,68527.4,2180.94863525,25636
1712275200,68527.4,68755.0,66338.6,66449.5,1847.78268189,19465
1712318400,66444.2,68661.5,66004.5,67856.5,1419.96152089,18771
1712361600,67856.5,68240.0,67513.7,67715.2,585.23288502,8199
1712404800,67715.2,69693.1,67606.6,68908.6,1040.32961488,13595
1712448000,68908.6,69750.0,68888.0,69385.0,577.68359088,10817
1712491200,69385.2,70300.0,68950.0,69386.1,1015.95380552,14559
1712534400,69386.0,72609.8,69114.5,72351.2,1845.85142302,19280
1712577600,72351.3,72731.5,71277.2,71650.0,1679.81740128,16550
1712620800,71650.1,71738.0,69700.0,70797.4,1358.29906514,13601
1712664000,70797.5,70967.5,68263.2,69159.9,2628.07985173,19553
1712707200,69159.9,69580.1,68484.6,69030.6,552.20175452,8618
1712750400,69030.7,71100.1,67500.0,70612.2,2355.84294073,23268
1712793600,70612.3,71250.9,69905.4,70000.1,851.14766975,10690
1712836800,70005.3,71038.3,69600.1,70046.4,1121.65990186,13789
1712880000,70046.4,71200.0,70022.2,70900.0,646.7963443,8978
1712923200,70900.0,70900.0,65118.0,67205.2,5212.5155916904,48261
1712966400,67199.8,67946.1,65785.6,67381.9,1262.35213041,13632
1713009600,67381.9,67909.9,60495.0,64042.4,4430.3297772705,57396
1713052800,64018.6,64636.1,63000.0,64189.7,860.93605934,9823
1713096000,64215.3,65835.1,62665.7,65700.0,1559.1239986199,23035
1713139200,65700.0,66898.7,64776.2,65969.2,982.84046252,13246
1713182400,65928.6,66464.8,62355.9,63408.4,2205.74416573,23812
1713225600,63441.8,63857.5,61551.0,63103.6,1341.25383773,16579
1713268800,63110.8,64341.9,61720.1,63832.6,1749.45412272,19398
1713312000,63832.6,64444.0,62600.3,62632.8,899.89514632,10653
1713355200,62640.8,62971.1,59700.0,61284.4,2959.2296265602,33966
1713398400,61284.4,63101.6,60857.6,62618.6,1179.76677365,13932
1713441600,62627.3,64142.7,61627.2,63509.1,1547.4780572099,19883
1713484800,63499.5,65499.9,59666.0,64934.8,2812.2479064801,27706
1713528000,64930.1,65487.2,63025.6,63849.1,1650.99121011,19529
1713571200,63846.0,64270.2,63164.0,63730.1,556.38704763,8425
1713614400,63735.5,65424.1,63599.9,64993.7,1493.17633932,14340
1713657600,64993.8,65715.3,64664.1,65276.5,574.21104109,9061
1713700800,65276.5,65383.4,64281.0,64953.6,767.98195031,11209
1713744000,64953.0,66500.0,64543.1,65910.3,1144.09016114,13437
1713787200,65910.3,67200.0,65727.2,66831.4,1487.76673047,16717
1713830400,66831.4,67190.0,65894.7,66048.5,794.37006868,10256
1713873600,66049.8,67124.7,65853.8,66419.8,1085.43540795,12521
1713916800,66419.8,67000.0,66223.6,66574.6,623.49078983,8155
1713960000,66577.0,66684.4,63583.4,64291.3,1798.9822843499,22306
1714003200,64291.3,64699.2,63300.8,63849.7,821.1549836,11072
1714046400,63849.8,65300.0,62743.5,64489.1,1609.27051774,15820
1714089600,64489.1,64612.8,63950.0,64218.3,793.92236684,8105
1714132800,64218.3,64760.8,63338.4,63750.8,825.9613644,12723
1714176000,63750.8,63893.0,62396.6,62832.0,613.63174365,10708
1714219200,62832.0,63557.0,62537.8,63425.0,737.43381311,9887
1714262400,63425.1,64301.0,63346.7,63464.4,422.72905805,6869
1714305600,63464.4,63908.0,62785.8,63114.9,345.31085509,7152
1714348800,63114.1,63300.0,61920.0,62253.0,477.67342835,9406
1714392000,62253.1,64125.0,61774.6,63822.1,1182.90392641,14500
1714435200,63822.1,64738.3,61050.0,61205.1,1426.56237739,16292
1714478400,61205.1,61500.0,59110.0,60610.0,2679.8696517301,30462
1714521600,60610.0,60775.0,56378.0,57828.8,2780.84416932,29246
1714564800,57828.8,59386.3,56600.0,58272.2,3040.3779828901,27597
1714608000,58272.3,58611.0,56929.9,58530.6,1058.21757405,12423
1714651200,58530.6,59602.1,58226.1,59124.1,1493.5661216299,18841
1714694400,59113.2,59977.0,58848.7,59265.0,912.99177214,10113
1714737600,59265.1,63284.0,59030.7,62925.8,2872.66925167,23317
1714780800,62925.8,64500.0,62550.4,63859.8,1467.36621623,12703
1714824000,63859.8,64200.0,63325.5,63895.3,1020.2294362,11022
1714867200,63898.0,64187.8,62937.0,63818.6,535.75401516,7093
1714910400,63818.5,64646.7,63581.2,64067.5,710.58440869,9653
1714953600,64067.5,65500.0,63780.9,64211.0,1185.6478776,12344
1714996800,64211.1,64302.1,62720.2,63161.7,1737.47015953,16473
1715040000,63161.7,64332.9,62899.3,63493.0,1081.59289053,10645
1715083200,63493.1,64264.6,62305.0,62325.0,1236.27381654,14031
1715126400,62325.0,62966.2,62068.9,62258.6,381.70166754,9119
1715169600,62258.5,62790.6,60888.9,61172.1,1243.85813579,17448
1715212800,61172.1,61720.8,60650.7,61029.2,330.37726572,8765
1715256000,61027.6,63418.5,60879.5,63051.9,1109.12203906,17203
1715299200,63052.0,63521.1,62668.0,63243.0,591.20943663,10924
1715342400,63243.0,63437.4,60220.2,60794.6,1479.0919857,19801
1715385600,60790.8,61056.7,60484.0,60680.7,221.618408,5760
1715428800,60680.8,61437.2,60610.6,60805.0,573.39865759,7892
1715472000,60805.0,61340.3,60638.9,61140.4,203.2049003,4390
1715515200,61121.7,61800.0,60944.6,61444.6,465.44958187,7251
1715558400,61444.6,63200.0,60773.2,62695.2,837.13889011,11864
1715601600,62695.3,63400.0,62433.1,62910.0,893.8786197,13856
1715644800,62910.0,63075.0,61392.0,61772.0,830.28525511,11786
1715688000,61772.0,62223.7,61000.0,61568.6,1014.97358175,14175
1715731200,61568.6,62959.7,61325.4,62453.9,615.51008694,9164
1715774400,62454.0,66450.0,62429.0,66233.0,3650.5758601005,34930
1715817600,66233.1,66660.4,65701.0,66524.5,864.42701114,12056
1715860800,66524.6,66700.0,64557.0,65228.4,1687.21884908,17490
1715904000,65228.4,66520.0,65121.1,66241.8,592.51336416,10615
1715947200,66241.8,67443.0,65828.0,67043.5,1588.29102692,18812
1715990400,67043.6,67362.9,66798.2,67210.2,325.96553065,7270
1716033600,67210.2,67210.2,66620.4,66920.0,239.49390927,6826
1716076800,66920.1,67984.0,66903.0,67333.9,559.58001849,7882
1716120000,67333.8,67333.9,65922.0,66262.4,537.65691049,10693
1716163200,66262.5,67300.0,66111.0,66991.4,430.9095818,10278
1716206400,66991.5,71464.9,66790.7,71408.1,2739.9746691301,34049
1716249600,71399.0,71896.4,70750.0,71135.0,1094.60610017,15923
1716292800,71130.9,71389.3,69202.0,70145.1,1273.3519334299,18566
1716336000,70145.1,70342.0,69236.5,69780.0,877.08436708,9612
1716379200,69739.6,70594.2,68725.2,69144.0,1798.42068387,17105
1716422400,69144.1,70500.0,69144.0,69957.5,1447.80487626,9620
1716465600,69939.4,69989.0,66250.0,67940.8,2092.4175008099,25077
1716508800,67947.0,67983.1,66652.4,67332.0,424.50663593,9091
1716552000,67332.0,69285.3,66924.0,68539.1,1379.78618809,15612
1716595200,68541.0,69608.3,68540.6,69128.8,321.53886361,7291
1716638400,69128.7,69347.3,68888.0,69278.7,307.00694921,6949
1716681600,69278.7,69461.2,68837.8,69065.9,264.03156806,5483
1716724800,69066.0,69322.6,67971.1,68476.4,217.84900153,8772
1716768000,68474.4,69200.0,68266.6,68394.8,298.90548997,7548
1716811200,68394.9,70600.0,68352.4,69377.8,1042.2414425399,15785
1716854400,69377.8,69509.6,67460.1,68315.4,930.79668202,12047
1716897600,68315.5,68550.0,67243.1,68324.9,797.45066215,13945
1716940800,68325.0,68843.3,67508.0,67682.2,726.00938215,9158
1716984000,67688.0,68140.0,67100.0,67575.4,1191.47947857,12829
1717027200,67575.4,68300.0,67099.9,67794.7,486.91871156,8962
1717070400,67794.7,69550.0,67763.0,68365.0,1612.55035506,16223
1717113600,68365.0,68649.2,67869.9,68311.2,262.32334758,6524
1717156800,68311.2,69000.0,66652.4,67498.1,952.50286177,16409
1717200000,67498.1,67712.1,67383.3,67618.0,105.72656615,4521
1717243200,67618.1,67817.9,67530.8,67717.2,156.72215126,5485
1717286400,67717.2,68200.0,67372.5,68188.5,182.70030779,4723
1717329600,68188.6,68379.9,67283.0,67729.1,507.3630679,7962
1717372800,67729.2,69332.8,67636.9,69061.0,565.43278394,10124
1717416000,69061.1,70253.4,68566.9,68800.0,1082.35327031,15279
1717459200,68800.0,69319.2,68600.1,68933.0,433.5478789,6404
1717502400,68933.0,71050.0,68868.7,70558.6,1947.8111578799,20245
1717545600,70558.7,71296.0,70443.4,70975.0,824.05649276,10200
1717588800,70975.0,71709.0,70378.9,71103.6,1342.0009319,15136
1717632000,71116.3,71229.3,70801.3,71137.6,255.7931909,6182
1717675200,71148.1,71596.5,70100.0,70752.1,1204.69273839,13078
1717718400,70752.1,71664.6,70646.4,71660.7,583.01876894,7671
1717761600,71660.7,71900.0,68409.0,69317.0,1950.55178114,25192
1717804800,69317.1,69511.2,69212.1,69331.8,281.7034794,5911
1717848000,69331.8,69468.8,69138.0,69291.5,319.82458284,6480
1717891200,69291.5,69373.1,69155.3,69364.1,94.0412586,5283
1717934400,69364.2,69809.8,69244.1,69649.9,328.37343515,7454
1717977600,69649.9,69717.9,69186.7,69448.2,194.82272499,5625
1718020800,69448.5,70142.5,69233.9,69522.1,1034.09764398,11828
1718064000,69522.2,69558.7,66740.4,66832.9,1201.8500459399,16822
1718107200,66832.9,67573.9,66059.3,67348.6,1298.31000615,17012
1718150400,67348.6,67985.8,66923.0,67751.0,378.83348796,7084
1718193600,67751.0,69969.0,67148.3,68233.7,1524.3004444599,22755
1718236800,68233.7,68375.1,67019.1,67677.9,363.69051471,9027
1718280000,67705.8,68412.0,66244.9,66756.5,887.00350705,15193
1718323200,66756.4,67161.4,66500.9,67007.1,407.29348548,8322
1718366400,67007.1,67275.7,65075.0,65992.1,1298.36783381,19661
1718409600,65992.1,66370.1,65981.2,66279.6,256.07941558,5674
1718452800,66279.7,66405.3,65794.7,66198.1,191.93145738,7173
1718496000,66198.1,66694.1,66020.0,66440.3,249.57623371,4503
1718539200,66440.3,66868.7,66419.0,66635.4,292.92335019,5756
1718582400,66630.0,66853.2,65558.7,65777.6,338.22348406,7185
1718625600,65777.5,67267.0,65110.0,66487.6,841.40797506,15268
1718668800,66487.7,66556.5,64611.3,65372.5,1321.2712624899,17035
1718712000,65372.5,65372.5,64050.0,65169.7,1132.68840803,17258
1718755200,65169.7,65660.1,64746.9,65178.9,367.51075313,8014
1718798400,65179.0,65258.8,64700.0,64949.0,278.38428471,7442
1718841600,64949.1,66444.7,64860.0,66144.5,540.04462894,8561
1718884800,66144.5,66269.0,64550.0,64833.3,763.26106715,10802
1718928000,64833.3,64999.9,63532.8,63724.4,502.90303279,10548
1718971200,63724.5,64365.2,63335.6,64087.9,677.43338753,12420
1719014400,64088.0,64442.5,63932.2,64231.9,197.05164452,4512
1719057600,64232.0,64342.8,64203.2,64253.0,158.75317872,4966
1719100800,64253.0,64496.6,64217.2,64285.4,172.52469593,4912
1719144000,64285.4,64377.5,63176.0,63176.1,381.78665037,7622
1719187200,63176.1,63277.8,60612.1,61272.1,1315.36729618,18802
1719230400,61272.1,61657.7,58448.0,60297.0,2387.61637751,27857
1719273600,60297.1,61576.2,60245.0,61162.3,711.48543469,10775
1719316800,61150.3,62364.8,60967.2,61794.0,825.48518504,14412
1719360000,61794.1,62454.4,61150.0,61407.3,326.07106043,8144
1719403200,61407.3,61925.7,60689.9,60815.1,502.78414388,11774
1719446400,60815.2,61341.1,60580.7,61147.4,283.23377921,7365
1719489600,61147.5,62297.8,61128.4,61617.1,595.44221012,12852
1719532800,61617.1,62100.0,61187.1,61581.1,198.84676683,7144
1719576000,61581.1,61750.0,59942.7,60319.6,682.4546093,14342
1719619200,60319.6,61102.1,60307.7,61026.6,303.64679296,6125
1719662400,61026.6,61062.3,60796.0,60860.0,193.99208176,5483
1719705600,60860.0,61663.1,60660.7,61425.4,298.61834616,5624
1719748800,61425.4,62916.3,61280.0,62680.3,521.02957333,9644
1719792000,62680.4,63675.0,62503.5,62578.2,418.73277974,9172
1719835200,62571.9,63798.9,62489.9,62858.5,990.34583709,13999
1719878400,62858.6,63168.6,62337.2,62710.8,226.1754896,7321
1719921600,62710.9,63000.0,61747.0,62019.9,698.08148444,12734
1719964800,62020.0,62178.9,59580.0,60279.1,722.21096917,14270
1720008000,60279.1,60595.3,59341.6,60146.6,893.92953737,17375
1720051200,60146.6,60399.3,57000.0,57720.3,1270.44152128,22825
1720094400,57720.2,58750.3,56777.0,57021.1,1459.11493288,19445
1720137600,57031.4,57520.4,53563.3,55473.6,2363.4803603301,33882
1720180800,55473.7,56989.0,54838.0,56650.1,1742.3202749399,19934
1720224000,56650.1,56980.0,56028.6,56742.0,461.35156084,7457
1720267200,56742.1,58468.0,56527.8,58234.9,535.0596466,10615
1720310400,58234.9,58396.7,57090.7,57432.8,391.25528496,8024
1720353600,57432.9,57593.6,55727.7,55845.4,549.78047081,11198
1720396800,55845.4,58129.8,54301.3,57098.7,1146.92332302,15870
1720440000,57098.8,57585.0,54954.2,56699.3,1138.95964261,15678
1720483200,56699.3,57869.8,56325.2,57439.5,514.77525019,10855
1720526400,57439.8,58245.2,56923.2,58001.6,898.53029422,13891
1720569600,58001.6,59474.1,57369.4,58466.3,741.82846208,12938
1720612800,58466.3,58529.6,57154.1,57743.1,770.29691528,15817
1720656000,57742.1,58864.0,57075.5,58781.7,488.39215146,9646
1720699200,58779.3,59500.0,57187.1,57350.0,1045.45223941,15706
1720742400,57350.0,57554.9,56593.3,57199.3,443.95318516,10366
1720785600,57201.4,58494.9,57114.6,57911.4,691.86295875,14171
1720828800,57911.5,58770.0,57784.1,58545.8,302.26675042,6471
1720872000,58545.9,59836.5,58297.9,59222.8,685.28832603,9904
1720915200,59222.8,60378.2,59222.8,60115.2,799.29018417,10104
1720958400,60120.0,61373.5,59535.8,60810.0,741.42716096,11946
1721001600,60810.0,63231.0,60704.5,62478.6,1079.10792707,15651
1721044800,62478.6,64900.0,62461.5,64764.2,1913.6383425299,22524
1721088000,64764.3,65000.0,62466.0,63741.7,1149.41122801,20682
1721131200,63741.7,65416.3,63105.3,65088.7,2039.26808911,26288
1721174400,65077.1,66100.3,64600.0,64719.2,925.35343805,16942
1721217600,64719.2,65379.6,63853.1,64120.0,1029.55685563,13687
1721260800,64120.1,65073.1,63908.4,64733.9,486.06738607,8819
1721304000,64734.0,65097.1,63225.5,63960.7,1010.18025841,14160
1721347200,63960.7,64427.0,63350.0,64079.9,348.20994643,7962
1721390400,64080.0,67429.0,64052.6,66708.9,1722.97970959,25727
1721433600,66708.9,66885.0,66301.4,66536.9,325.3125917,8362
1721476800,66537.0,67612.9,66381.0,67166.1,554.14989168,12835
1721520000,67166.1,67406.0,66638.8,66895.0,289.34873062,6465
1721563200,66895.1,68313.0,65857.0,68137.1,1226.26745134,20049
1721606400,68137.2,68531.4,67001.6,67560.0,520.56651466,11811
1721649600,67560.1,68240.0,66600.0,67595.1,862.16292067,18697
1721692800,67595.2,67761.1,66300.0,66705.0,740.57247786,13615
1721736000,66705.1,67370.4,65458.8,65900.8,1804.97527458,20243
1721779200,65900.8,66571.4,65471.3,66384.9,650.64776163,7517
1721822400,66384.9,67098.3,65134.4,65367.0,917.66213889,15864
1721865600,65360.4,65600.0,63781.0,64100.7,677.73538594,13311
1721908800,64100.7,66090.9,63427.5,65795.4,1106.47767056,16642
1721952000,65794.2,67430.0,65755.6,67298.9,1081.14987873,13456
1721995200,67299.0,69000.0,66929.5,67914.7,1408.1415735499,21950
1722038400,67914.7,68263.1,67677.6,68229.5,476.20864491,9565
1722081600,68229.6,69398.3,66624.3,67900.8,2594.98297147,31709
1722124800,67912.9,68229.5,67090.9,67862.6,579.19033001,8461
1722168000,67862.6,68282.0,67603.5,68250.0,416.36860776,8940
1722211200,68250.0,69820.6,68174.6,69600.0,783.69656466,16969
1722254400,69600.1,69985.0,66429.9,66755.3,1956.9422996099,27487
1722297600,66755.4,66973.7,65853.1,66607.3,700.88690097,11391
1722340800,66602.6,66868.7,65337.5,66175.1,1028.66769601,15652
1722384000,66175.1,66500.0,65478.9,66055.3,361.40857021,8873
1722427200,66055.3,66799.9,64524.6,64638.1,1204.3530880099,22215
1722470400,64638.1,64795.8,63570.0,64618.2,548.31202072,15697
1722513600,64618.2,65550.0,62250.0,65300.0,1874.2379430599,25660
1722556800,65300.1,65500.0,63588.5,64602.9,701.16140482,12923
1722600000,64603.0,65465.2,61205.0,61409.9,1957.5706143699,27060
1722643200,61410.0,61957.6,60477.0,61877.1,1266.3085395,15650
1722686400,61877.1,62126.7,59826.5,60688.5,1295.36013659,18714
1722729600,60688.6,61040.4,60088.4,60875.2,292.73956036,6850
1722772800,60875.3,61040.4,57176.3,58103.0,1702.7398911699,26301
1722816000,58103.1,58270.3,49111.0,51360.2,5770.5866479711,70106
1722859200,51347.8,55555.9,49527.7,54006.5,4863.7470764419,65770
1722902400,54012.4,56372.4,53978.6,55240.0,1534.8963970999,21866
1722945600,55239.9,57056.5,54376.1,56080.0,1615.3977420199,24235
1722988800,56080.0,57720.8,55581.1,57000.0,1003.30280923,18769
1723032000,57000.1,57473.7,54556.5,55091.0,1779.77638891,23393
1723075200,55138.1,57664.0,54760.3,57347.1,990.10567198,14538
1723118400,57347.1,62700.0,56696.5,61704.7,2584.63108942,32845
1723161600,61701.9,61732.2,60225.6,60696.5,902.67446799,14535
1723204800,60684.3,61135.9,59572.9,60859.9,2641.4168816702,21247
1723248000,60859.9,61444.6,60284.3,60939.4,328.60928501,9074
1723291200,60939.5,61199.3,60414.6,60951.7,416.65895097,9669
1723334400,60951.8,61800.0,60447.1,60693.0,458.75904191,8741
1723377600,60693.0,60725.8,58329.9,58717.7,1199.3226213199,17749
1723420800,58717.7,59960.0,57690.0,59873.2,706.78189177,14656
1723464000,59873.2,60658.4,57822.6,59359.9,1067.6162773699,21032
1723507200,59359.5,59913.3,58441.2,58809.0,326.13718429,11769
1723550400,58808.9,61555.0,58755.2,60600.0,2117.93368119,21154
1723593600,60600.1,61438.6,60461.0,61321.7,578.24410497,9101
1723636800,61321.7,61773.4,58500.0,58693.6,1719.3675319399,19012
1723680000,58693.7,59030.7,57736.4,58740.0,572.43626103,9683
1723723200,58740.0,59885.4,56117.7,57554.9,2008.3614315799,21446
1723766400,57555.0,58677.6,57100.9,58414.1,473.44619064,9395
1723809600,58414.1,59800.0,57514.7,58898.4,1186.63227724,14966
1723852800,58895.6,59482.5,58812.4,59131.7,179.8042062,5218
1723896000,59131.8,59682.2,59115.9,59473.3,276.56341931,6614
1723939200,59473.4,60210.0,59314.8,59998.1,423.34316589,7337
1723982400,59998.1,60234.4,58451.6,58466.5,391.59183832,8682
1724025600,58466.5,58748.1,57860.8,58397.4,612.63823799,8883
1724068800,58397.4,59593.0,58103.2,59493.7,700.76147556,13360
1724112000,59493.7,61391.9,59402.0,60524.7,943.31231609,14035
1724155200,60524.8,60937.0,58572.7,59023.3,1159.08209701,18157
1724198400,59023.3,59927.5,58844.0,59371.5,283.66969338,8342
1724241600,59371.5,61800.0,58901.0,61179.7,1869.82755337,19632
1724284800,61179.8,61416.7,59805.7,61379.4,745.76966409,11480
1724328000,61379.5,61399.3,60122.0,60391.1,848.44317355,12942
1724371200,60391.1,61347.4,60390.0,60718.7,400.92095622,8630
1724414400,60718.7,64950.9,60718.6,64087.4,2756.1458030202,29171
1724457600,64087.5,64481.2,63688.0,63963.1,435.86178235,9090
1724500800,63963.2,64424.4,63641.0,64176.0,517.4243357,10910
1724544000,64176.1,64503.9,63834.5,63891.8,290.62051844,7908
1724587200,63891.8,65070.7,63850.0,64288.1,416.48067771,9673
1724630400,64288.1,64455.5,63300.0,63877.9,433.12354559,10098
1724673600,63878.0,63970.9,62851.0,62854.7,703.7622115899,15560
1724716800,62851.1,63200.0,62252.0,62415.1,446.55179028,10758
1724760000,62415.1,62480.4,58009.6,59458.0,1871.9709120199,24478
1724803200,59458.0,60216.2,58593.2,59947.0,822.85926242,12901
1724846400,59947.0,60160.6,57870.8,59025.6,1140.7711189,18911
1724889600,59025.6,60488.3,58931.8,60104.4,349.82507011,7735
1724932800,60088.5,61143.1,58717.4,59385.5,1115.25720007,16555
1724976000,59385.5,59650.9,58700.0,59406.6,319.53977929,8972
1725019200,59406.6,59899.0,57755.0,59105.0,1201.92532444,17958
1725062400,59110.0,59443.0,58850.0,59148.3,207.98186039,6847
1725105600,59148.3,59229.4,58736.9,58972.3,354.10242188,8445
1725148800,58972.3,59026.7,57802.5,58190.6,434.26452296,10314
1725192000,58190.6,58750.0,57210.0,57321.2,1339.1148971699,15442
1725235200,57318.5,58650.1,57124.2,58420.0,993.67377235,11312
1725278400,58420.0,59388.0,58099.8,59128.6,742.5041132,11605
1725321600,59128.7,59773.0,58702.8,59049.2,355.41518046,9129
1725364800,59049.2,59314.8,57406.4,57497.6,1091.7349224799,16780
1725408000,57482.4,57918.0,55617.7,56577.5,1087.9784090499,18563
1725451200,56577.5,58508.0,56200.0,57970.0,1166.5538263099,18897
1725494400,57970.1,58285.9,56567.0,56700.1,620.44414386,11679
1725537600,56700.1,57265.3,55601.5,56163.9,1496.8176406699,22000
1725580800,56163.9,56827.5,55302.5,55980.4,667.04807582,13431
1725624000,55980.5,56964.1,52569.0,53948.3,3143.8316106305,41624
1725667200,53948.3,54451.1,53739.0,54320.4,525.35621681,10194
1725710400,54320.4,54810.2,53835.0,54146.4,490.58464138,11412
1725753600,54146.5,54693.3,53977.0,54551.5,235.84715215,6840
1725796800,54553.3,55317.6,53636.6,54856.8,745.04758449,13089
1725840000,54856.9,55500.0,54580.3,55245.0,414.70248822,9857
1725883200,55245.0,58050.8,54843.2,57062.7,1392.8798347,20978
1725926400,57062.7,57379.9,56440.2,57237.7,431.3697282,7805
1725969600,57237.6,58000.0,56515.7,57630.0,805.57006029,12777
1726012800,57630.0,57737.1,56125.0,56772.0,566.63451108,9369
1726056000,56772.0,57990.0,55548.1,57350.6,1544.05873041,16258
1726099200,57350.7,58450.2,57339.0,58053.2,616.19087803,9608
1726142400,58053.2,58546.4,57345.0,58133.1,777.27259588,13738
1726185600,58133.4,58326.8,57712.9,57811.4,884.2414504,8987
1726228800,57811.4,60657.4,57658.3,60581.0,2112.27854215,23486
1726272000,60581.1,60650.0,59640.0,59730.2,701.95772525,10623
1726315200,59730.3,60111.8,59478.3,60000.1,310.16171685,7615
1726358400,60000.2,60255.0,59893.8,60018.4,238.05679142,4645
1726401600,60018.4,60350.0,58679.1,59135.1,678.39776433,10960
1726444800,59135.1,59176.7,58128.0,58685.6,560.25463836,9161
1726488000,58685.6,58769.9,57488.7,58197.2,837.99057273,14219
1726531200,58197.3,59279.2,57619.9,59119.9,440.06790905,8044
1726574400,59119.9,61300.0,58875.2,60317.2,1944.27266908,22990
1726617600,60317.1,60736.1,59391.0,59884.9,724.21702176,10836
1726660800,59875.3,61777.7,59164.6,61777.7,1652.2127595599,23717
1726704000,61777.7,62700.0,61599.2,62677.3,1068.60354545,13334
1726747200,62660.6,63840.0,62640.1,62922.1,1607.20751814,18770
1726790400,62922.2,64087.0,62609.1,63440.9,767.53928597,16790
1726833600,63440.9,63501.0,62373.3,63210.2,1467.5959361799,20611
1726876800,63210.3,63290.5,62801.0,63113.8,846.52264989,10394
1726920000,63113.9,63539.5,63071.8,63376.1,923.92236818,14901
1726963200,63376.1,63470.1,62600.0,62840.3,922.30905933,12938
1727006400,62840.3,64000.0,62440.6,63615.2,1271.88433545,17864
1727049600,63615.2,64777.3,62643.0,63424.0,1439.0679046699,19978
1727092800,63424.1,63800.0,63080.8,63332.4,990.88849906,15759
1727136000,63332.4,63937.0,62739.4,63469.2,458.8590022099,13718
1727179200,63469.2,64681.0,62761.0,64271.8,1272.54682207,18074
1727222400,64271.9,64770.0,63416.8,63832.8,626.75254088,11930
1727265600,63832.8,63940.3,62917.4,63139.2,846.2042221299,14779
1727308800,63139.2,64450.0,62673.3,64386.9,482.48094083,9440
1727352000,64386.9,65764.9,64169.5,65183.5,1894.9538841399,23654
1727395200,65179.3,65947.7,64841.2,65440.0,557.94610179,10035
1727438400,65440.0,66452.8,65360.0,65788.9,1023.5760503999,15978
1727481600,65788.8,66218.7,65475.7,65780.5,253.56048404,6976
1727524800,65780.6,65944.4,65490.0,65878.4,181.85564948,7092
1727568000,65862.7,65944.9,65474.4,65700.1,227.95501849,4964
1727611200,65700.1,66055.0,65544.9,65610.0,314.0814396,8361
1727654400,65610.1,65610.1,63288.1,63843.8,1040.2667903299,16378
1727697600,63843.9,64125.3,62883.9,63338.5,773.3858498399,14852
1727740800,63325.0,64100.0,62984.0,63720.2,419.07144925,8895
1727784000,63722.4,63790.1,60203.4,60819.1,2215.74358469,29843
1727827200,60819.1,61890.0,60728.7,61147.7,491.4354193,9770
1727870400,61147.7,62350.0,60000.0,60635.3,1150.48693661,17917
1727913600,60643.9,61467.5,60158.0,60744.3,639.80696903,11686
1727956800,60742.6,61057.0,59850.0,60739.6,1154.43740739,17330
1728000000,60739.7,61632.0,60451.6,61447.4,457.1131883,9636
1728043200,61447.4,62470.0,60800.0,62081.0,1158.34389305,16692
1728086400,62081.0,62268.5,61700.0,62195.4,298.19779201,5819
1728129600,62195.4,62328.3,61723.0,62049.0,246.43404718,7319
1728172800,62048.5,62139.5,61824.9,62100.1,182.39729485,4999
1728216000,62100.0,62921.0,62099.9,62809.3,376.41961924,10828
1728259200,62809.4,63949.2,62646.5,63110.9,695.20735425,13710
1728302400,63111.0,64419.3,62150.8,62234.6,1061.32032217,19024
1728345600,62221.1,62800.0,62015.1,62627.0,559.84113558,11753
1728388800,62626.9,63180.2,61825.4,62117.9,892.5574819799,17045
1728432000,62120.6,62493.0,62016.4,62140.3,461.5397051599,10030
1728475200,62140.4,62335.7,60300.0,60558.0,964.8693668,18556
1728518400,60558.0,61223.8,60300.0,61218.1,313.38942279,8494
1728561600,61218.2,61237.4,58888.0,60279.5,1346.82688318,20252
1728604800,60275.9,61213.5,60063.4,61135.7,406.1466608,11390
1728648000,61135.7,63414.5,61135.6,62502.5,1551.5443926698,27403
1728691200,62502.5,63200.0,62495.0,62913.9,256.09940271,10750
1728734400,62913.9,63445.0,62816.3,63184.0,431.1907448899,16365
1728777600,63184.9,63273.0,62510.7,62555.1,373.3761805,5856
1728820800,62555.1,63067.8,62029.9,62834.9,435.37071729,9869
1728864000,62834.9,65000.0,62465.0,64872.2,974.6547245299,17528
1728907200,64860.2,66400.0,64630.0,66025.5,1447.9817213299,43769
1728950400,66025.6,66245.0,65186.0,65341.8,642.54546563,11887
1728993600,65341.9,67871.1,64686.1,67060.5,3349.9874327705,37868
1729036800,67056.0,68328.6,66751.5,67887.4,1018.59642852,17682
1729080000,67887.4,68250.0,67150.0,67589.9,971.74228244,16210
1729123200,67590.0,67899.9,66777.2,66853.7,645.80964817,12422
1729166400,66853.8,67611.0,66644.5,67407.8,940.2465385499,19525
1729209600,67407.8,68333.0,67189.9,67674.6,636.1083464299,12453
1729252800,67674.6,68980.3,67646.6,68440.3,884.1946792299,19590
1729296000,68440.2,68632.7,68076.1,68076.1,232.02097665,8226
1729339200,68076.1,68388.0,68062.2,68374.9,170.70804813,7608
1729382400,68375.0,68440.0,68129.4,68412.9,162.56889275,5347
1729425600,68413.0,69315.0,68247.3,69010.5,534.3900156799,15347
1729468800,69010.5,69447.8,68105.2,68190.6,705.0186778499,16037
1729512000,68190.6,68285.5,66838.6,67385.1,1545.2938712098,26906
1729555200,67385.1,67732.8,66564.4,67260.6,669.3313654599,14295
1729598400,67260.7,67750.0,66612.3,67387.6,663.2563177799,18998
1729641600,67384.2,67407.5,66201.0,66320.0,423.9463718,14034
1729684800,66320.0,66815.0,65199.0,66633.4,1213.9659560499,24624
1729728000,66630.5,67500.0,66452.2,67207.1,500.17072889,12914
1729771200,67207.2,68794.2,67205.9,68170.1,1211.3342781398,25080
1729814400,68170.1,68232.5,67235.0,68082.0,527.54029102,12953
1729857600,68082.1,68699.0,65531.0,66606.8,1436.9960499497,33437
1729900800,66606.8,67127.5,66364.0,67050.0,252.52047418,10493
1729944000,67050.0,67348.4,66700.4,67026.0,300.95612386,8593
1729987200,67026.1,67156.0,66850.4,67055.0,156.64454891,4808
1730030400,67055.1,68196.0,67055.0,67941.2,513.3463834999,11894
1730073600,67941.3,68710.4,67535.0,68665.4,657.76246701,11138
1730116800,68665.5,70200.0,68410.7,69911.9,2011.0536805498,29975
1730160000,69912.0,71500.0,69720.1,71408.0,948.4999064599,19544
1730203200,71408.0,73574.9,70909.8,72661.0,2166.66533731,40995
1730246400,72661.0,72719.2,71823.5,71895.0,587.3594962099,20518
1730289600,71895.0,72887.9,71400.0,72331.1,1164.0906142299,20632
1730332800,72331.1,72662.0,72041.8,72206.3,519.08786457,9746
1730376000,72206.3,72251.7,69602.0,70250.1,1337.9008922798,25216
1730419200,70250.1,70350.0,68810.0,69945.0,858.5539113499,14671
1730462400,69945.1,71576.0,68810.0,69490.1,1568.1795918298,28133
1730505600,69490.1,69858.8,69387.8,69600.0,352.36529721,7297
1730548800,69600.1,69683.3,69060.0,69300.0,450.83604071,11978
1730592000,69300.9,69363.3,67604.3,68324.9,1258.1765565199,15815
1730635200,68325.0,69263.2,67483.7,68748.7,857.7818340599,19535
1730678400,68748.7,69430.6,68219.0,68755.0,464.99724335,11550
1730721600,68755.0,69211.9,66836.0,67783.3,1083.9968201699,19416
1730764800,67787.8,69066.5,67481.4,68796.1,446.63245189,9932
1730808000,68796.3,70482.0,68656.9,69382.7,1562.2873159999,20911
1730851200,69382.7,75359.4,69341.0,74322.8,5778.8219890404,41750
1730894400,74322.8,76457.6,73476.0,75642.0,3184.0540856003,28135
1730937600,75642.1,76000.0,74500.0,74800.0,878.16929478,14379
1730980800,74800.1,76937.5,74557.0,75949.2,2278.15729495,27179
1731024000,75949.3,76404.6,75713.0,76038.0,463.84567767,10640
1731067200,76028.0,77242.0,75725.0,76550.4,1860.51127292,22181
1731110400,76550.5,76775.2,76177.9,76525.6,317.23475885,7931
1731153600,76525.6,76911.0,75785.2,76728.3,708.9278980999,15375
1731196800,76728.3,80000.0,76569.9,79920.6,2282.55735231,29899
1731240000,79920.6,81480.7,78555.0,80423.3,2719.4001518803,34955
1731283200,80423.3,82384.6,80299.9,82210.6,1218.1169937398,24467
1731326400,82217.7,89600.0,81600.0,88737.6,5877.0462709908,69062
1731369600,88737.5,89920.0,85302.8,87209.5,3680.5229581902,46358
1731412800,87209.5,89900.0,85136.0,88087.3,3143.6187583202,39193
1731456000,88087.3,88608.8,86258.0,87797.5,1329.21359219,16753
1731499200,87797.5,93435.0,87627.1,90490.9,6307.8253498009,60885
1731542400,90496.8,91632.5,89201.7,91592.8,1505.1833275499,23017
1731585600,91592.8,91780.0,86621.9,87313.2,4750.4727305806,38760
1731628800,87314.4,89711.0,87135.0,89710.9,1321.54987928,16705
1731672000,89710.9,91850.0,87755.4,91062.0,2558.93442381,31906
1731715200,91062.0,91750.0,90872.0,91150.1,726.11743939,13759
1731758400,91150.1,91400.0,90149.0,90555.1,744.21558086,19091
1731801600,90567.7,91399.0,89474.5,90730.0,712.3126095,15047
1731844800,90730.0,91103.4,88728.6,89850.0,1111.93091169,16046
1731888000,89850.0,92200.0,89700.0,90257.5,972.4945949,18716
1731931200,90257.4,92607.2,89400.0,90507.9,2712.5991076101,31275
1731974400,90508.0,92023.5,90424.6,91717.0,529.32713798,12665
1732017600,91716.9,94000.0,90997.4,92376.1,3591.6742510403,41266
1732060800,92376.1,93684.0,91636.1,93549.9,819.94145436,18454
1732104000,93549.8,94925.0,93251.1,94364.5,2660.0249698401,36663
1732147200,94356.8,98354.2,94135.0,97969.7,2062.6296552499,39412
1732190400,97969.8,98999.0,95697.0,98496.0,2927.0564159902,40541
1732233600,98496.0,99488.9,97925.3,98948.1,1537.45830769,24830
1732276800,98948.1,99650.0,97218.3,99000.0,1808.22371184,37435
1732320000,99000.0,99000.0,98367.9,98537.7,684.19688186,18752
1732363200,98537.7,98991.4,97219.2,97759.1,1138.93270279,25787
1732406400,97759.1,98607.4,97384.6,97384.6,490.95282996,13059
1732449600,97384.7,98445.2,95751.2,97994.1,1223.69266901,29006
1732492800,97994.1,98880.0,96957.8,98257.6,886.60980189,15098
1732536000,98257.6,98330.2,92550.0,93000.0,3402.9179671,40519
1732579200,93000.1,94995.0,91485.0,92343.1,1319.55105987,21747
1732622400,92343.1,94646.0,90736.0,91914.5,2671.4579793801,31438
1732665600,91914.6,93850.0,91818.3,93373.0,928.98246508,14739
1732708800,93373.0,97387.9,92808.1,95952.9,2748.5250141901,31279
1732752000,95946.8,96652.0,94653.6,95455.7,608.24717015,14716
1732795200,95455.8,96235.9,94664.9,95637.8,533.70001738,14494
1732838400,95637.8,97362.0,95385.7,97300.1,834.44006642,13523
1732881600,97300.1,98670.1,96782.1,97478.7,1976.0505918799,26272
1732924800,97478.7,97491.2,96185.0,96300.2,418.98586926,13229
1732968000,96300.1,97089.6,96300.1,96456.2,306.3974259,12276
1733011200,96456.3,97200.0,95754.4,97140.6,309.91988771,10125
1733054400,97140.5,97850.0,96744.8,97244.6,480.90364453,13352
1733097600,97245.0,98135.3,94850.0,95127.7,959.93500833,17414
1733140800,95127.7,97396.4,94450.0,95853.3,1117.74761949,28356
1733184000,95853.3,96227.7,94605.1,94999.9,438.14807684,15463
1733227200,94999.9,96267.2,93565.1,95917.5,1312.9367862302,30526
1733270400,95917.5,97032.7,95313.7,96255.1,973.6677813299,18017
1733313600,96246.1,99213.9,94656.9,98757.1,3036.6776341803,43987
1733356800,98757.1,104015.5,98120.0,102628.2,4124.9859738109,63598
1733400000,102628.2,103600.0,91800.0,97087.3,4278.6686992006,61220
1733443200,97087.3,98827.6,96510.3,98158.1,963.38721446,17394
1733486400,98158.1,101995.0,97599.8,99872.9,1765.5168194502,34223
1733529600,99873.0,100501.4,99000.0,99731.7,398.67745175,14216
1733572800,99731.7,100444.0,99180.0,99899.9,431.35299907,15325
1733616000,99900.0,100360.0,98699.7,99749.3,467.26947443,13122
1733659200,99749.3,101400.0,99384.4,101170.0,634.85193987,17576
1733702400,101170.0,101214.3,98000.0,98043.1,907.69437965,20362
1733745600,98043.1,100432.4,94140.9,97399.9,1968.3018242901,46678
1733788800,97337.0,98160.7,95688.2,97776.0,969.3121293099,20447
1733832000,97776.0,98267.9,94314.1,96655.1,1491.5061083402,34031
1733875200,96655.1,98442.0,95754.0,98320.5,591.18907759,16652
1733918400,98320.4,101900.0,98097.0,101177.0,1941.3828689702,32906
1733961600,101177.1,101817.9,100247.0,100368.5,563.03674998,15888
1734004800,100368.4,102500.0,99296.6,100050.1,1396.9798722601,32770
1734048000,100050.1,100750.0,99250.0,100415.1,395.59750024,13302
1734091200,100415.1,101905.2,99777.1,101483.1,963.07194001,22931
1734134400,101483.1,102637.2,101222.0,101567.5,537.48027776,12854
1734177600,101567.5,101727.0,100666.0,101400.1,389.86484423,15122
1734220800,101400.1,102750.0,101222.5,102623.7,612.67786485,12449
1734264000,102623.7,105000.0,102419.9,104355.2,1424.49622825,24236
1734307200,104355.3,106487.1,103666.0,103759.1,1608.1111663501,27195
1734350400,103759.1,107777.0,103319.4,106067.2,2920.6792487904,42529
1734393600,106070.2,107450.0,105696.9,106828.7,733.8940084999,16386
1734436800,106828.7,108297.6,105124.0,106151.9,3957.9987815204,35543
1734480000,106152.0,106489.3,103207.8,104939.9,996.65182733,19857
1734523200,104939.9,105310.4,100027.8,100166.1,2019.22799533,37082
1734566400,100166.1,102500.0,98728.4,102380.1,988.4721076999,25032
1734609600,102380.1,102750.0,95586.4,97431.4,2596.0168742501,51250
1734652800,97431.5,98064.7,92500.0,92565.5,1433.63771149,29389
1734696000,92565.9,97782.7,92159.0,97781.8,1716.1072898901,32508
1734739200,97781.8,99575.4,97184.0,98275.7,604.59368505,14990
1734782400,98275.7,98275.7,96359.8,97232.6,553.58241311,20961
1734825600,97232.7,97321.3,95842.8,97035.0,204.71687892,10571
1734868800,97035.0,97184.1,94201.1,95101.9,638.97375281,15983
1734912000,95101.9,96403.0,93666.0,95804.0,527.09613942,14649
1734955200,95804.0,96280.7,92417.0,94699.4,1082.15175477,29397
1734998400,94699.4,94700.0,93500.0,94250.0,303.8132273,12344
1735041600,94250.0,99400.0,93942.7,98647.2,1231.5587774701,27637
1735084800,98647.2,99189.8,97690.8,97785.2,332.46114182,14326
1735128000,97785.2,99411.6,97600.0,99310.8,349.21354017,16280
1735171200,99328.2,99821.8,95166.7,95580.1,563.9123427,15387
1735214400,95580.1,96568.7,95139.1,95645.0,724.1677460199,20326
1735257600,95660.9,97308.6,94561.9,96755.6,1012.72366225,20906
1735300800,96755.6,96852.6,93300.0,94148.9,768.7199968599,24283
1735344000,94147.6,94649.9,94033.5,94620.1,168.09508636,9163
1735387200,94620.1,95497.0,94250.0,95204.1,279.92772732,12278
1735430400,95204.1,95204.1,94725.0,94938.6,182.19296692,7155
1735473600,94938.6,95041.0,92860.7,93551.0,516.4262129,15802
1735516800,93551.0,94000.0,93033.0,93740.3,309.20182185,12197
1735560000,93740.3,94858.7,91256.6,92611.3,1860.0836555602,30251
1735603200,92611.3,94461.3,91934.1,94065.1,414.76015452,11528
1735646400,94065.1,96040.0,93100.1,93370.9,1283.91715234,22996
1735689600,93370.8,94250.0,92588.1,93278.1,250.19056918,11872
1735732800,93278.1,94888.0,93278.0,94380.8,326.09682627,14039
1735776000,94380.9,96700.0,94167.2,96558.3,583.01869487,13945
1735819200,96558.3,97719.9,95900.3,96805.2,1145.0776639901,27028
1735862400,96805.3,97174.5,96034.1,96715.2,351.9917678,10095
1735905600,96715.2,98888.0,96407.1,98111.1,1168.5292684801,22287
1735948800,98111.1,98231.0,97548.4,97838.8,321.10252366,10380
1735992000,97838.8,98714.8,97552.4,98208.9,309.80422068,13002
1736035200,98208.9,98432.7,97554.3,97600.6,131.01279124,7546
1736078400,97600.6,98750.0,97250.0,98306.2,308.66109112,11160
1736121600,98306.3,99853.0,97974.0,99200.0,488.91041006,15040
1736164800,99200.0,102479.6,98714.1,102222.0,1790.4451040502,35962
1736208000,102222.0,102759.3,100448.9,100851.1,456.0080945,16065
1736251200,100851.1,100956.0,96100.0,96932.2,1867.6999588801,30675
1736294400,96932.2,97232.8,94500.3,95088.9,651.90856857,23429
1736337600,95081.1,96000.0,92501.0,95060.4,2024.9759845201,31488
1736380800,95060.1,95251.1,92726.9,93414.3,727.41846648,19467
1736424000,93414.3,94695.0,91168.5,92531.7,1845.38627999,27239
1736467200,92523.5,95231.0,92457.9,95025.9,807.8789216199,16534
1736510400,95025.9,95771.2,92200.0,94698.8,1603.8875913202,32185
1736553600,94698.9,94698.9,93865.0,94600.1,103.69636805,7362
1736596800,94600.1,94986.6,93919.0,94562.1,211.7823083,11579
1736640000,94562.1,94617.0,93652.2,94214.6,125.34811099,8658
1736683200,94214.6,95300.0,93807.5,94449.9,307.40052293,13921
1736726400,94450.0,95808.2,90762.0,90762.0,955.28261673,27976
1736769600,90762.0,94609.5,89005.8,94487.1,2349.9375109701,41312
1736812800,94487.1,97302.9,94313.0,96492.3,687.24062917,19089
1736856000,96492.3,97152.0,95313.9,96560.1,720.3882327799,24099
1736899200,96560.1,97600.0,96500.0,96663.4,358.37498225,14942
1736942400,96663.5,100731.7,96500.0,100496.4,1804.8891765401,31435
1736985600,100496.5,100700.0,98619.4,99180.1,580.61938472,12971
1737028800,99180.1,100600.0,97333.0,99976.7,1190.22469561,28066
1737072000,99976.7,102500.0,99952.8,102216.8,952.25958337,21926
1737115200,102216.7,105883.0,102198.5,104089.8,2557.3131879204,38606
1737158400,104089.8,104635.1,102222.0,103513.8,844.89474782,16217
1737201600,103513.7,104907.3,103084.2,104382.0,932.34587951,19831
1737244800,104382.0,105420.0,103304.0,104141.4,975.7928799399,24731
1737288000,104141.3,106246.6,99538.2,101191.1,3257.9683063701,48463
1737331200,101191.0,109112.0,99500.0,108100.0,2647.5568450804,47935
1737374400,108100.0,108500.0,100522.5,102162.8,3505.6624439603,56303
1737417600,102142.1,103849.6,100114.2,103690.8,730.1260425899,21144
1737460800,103690.7,107200.0,102750.0,106162.8,2039.14908725,35924
1737504000,106162.8,106293.4,104630.6,105049.1,480.89453988,15123
1737547200,105049.1,105557.0,103271.3,103648.5,911.00480228,21168
1737590400,103648.6,103754.6,101285.9,101933.5,841.89543622,19377
1737633600,101933.5,106833.2,101281.7,103920.2,3852.75650626,45166
1737676800,103920.2,105686.2,102800.0,105441.4,628.09365197,13489
1737720000,105441.4,107080.6,104469.7,104840.4,1167.98344368,22798
1737763200,104840.4,105194.1,104250.0,104676.4,358.62438438,10443
1737806400,104676.4,105189.6,104456.1,104705.2,285.09426405,8715
1737849600,104705.3,105380.0,104500.0,104801.9,267.95637984,8699
1737892800,104801.9,105153.0,102544.1,102596.5,681.47739599,13331
1737936000,102596.5,103200.0,97688.7,98751.1,2003.52023508,34388
1737979200,98751.0,102334.1,98728.5,102133.3,1881.54251433,33692
1738022400,102133.3,103316.5,101319.8,102743.4,658.01803708,14359
1738065600,102743.4,103728.0,100200.0,101299.8,1160.45496442,21469
1738108800,101299.9,102970.0,101277.6,102544.3,631.1711908,12022
1738152000,102553.7,104749.1,101396.0,103708.0,1438.24238027,23832
1738195200,103708.1,105500.0,103252.5,105338.6,1048.2978477,14445
1738238400,105338.6,106414.4,104667.8,104750.1,963.5883012,18393
1738281600,104750.1,104973.0,103882.2,104750.0,359.33133032,11246
1738324800,104750.0,106000.0,101500.0,102406.0,1398.2200416899,25370
1738368000,102406.0,102748.6,101427.7,101998.2,429.95135976,11441
1738411200,101998.6,102270.9,100147.0,100624.2,759.01373918,13760
1738454400,100624.3,101415.5,98679.6,98840.4,1136.05305568,14910
1738497600,98840.4,99393.4,96100.0,97696.1,1681.48489651,33167
1738540800,97696.0,97696.1,91000.0,95154.7,2666.9013992201,53648
1738584000,95154.7,102500.0,94227.0,101425.1,2877.1627139404,36794
1738627200,101425.1,101721.9,97919.6,99027.7,1184.40086173,21764
1738670400,99031.4,100800.0,96250.0,97868.5,1980.46150127,24117
1738713600,97868.4,98953.9,97250.0,98246.4,334.45496558,9685
1738756800,98246.4,99125.0,96191.0,96623.8,1009.90500522,15048
1738800000,96613.4,99100.0,96489.8,98893.3,587.24553921,9574
1738843200,98893.3,99045.1,95700.0,96559.2,1435.74029461,16921
1738886400,96558.5,97837.5,96408.6,97728.0,463.06873727,13469
1738929600,97728.0,100181.7,95634.1,96547.5,1469.98122823,30055
1738972800,96547.5,96860.1,95854.3,96120.6,165.80463289,8157
1739016000,96120.6,96700.0,95656.9,96496.5,218.11657022,8199
1739059200,96496.5,97291.2,96454.6,96627.1,220.85534216,6205
1739102400,96627.1,96706.7,94763.1,96473.0,484.23792952,14332
1739145600,96473.0,97967.4,95326.7,97718.3,658.98105051,10873
1739188800,97718.3,98300.0,96883.4,97441.2,507.57312129,10867
1739232000,97441.2,98442.3,97441.1,98177.5,407.75695273,9769
1739275200,98177.5,98177.5,94899.2,95767.1,922.20858006,18697
1739318400,95767.1,96432.9,95155.2,96071.5,278.31665589,8895
1739361600,96071.5,98042.8,94111.0,97874.0,1185.34598426,20471
1739404800,97874.0,98077.1,95613.1,95931.6,418.62638649,7993
1739448000,95931.6,96700.1,95273.7,96628.0,873.11600129,13554
1739491200,96628.0,97198.4,96423.7,96905.1,537.83153556,9007
1739534400,96905.1,98826.0,96340.7,97464.0,987.75061853,19365
1739577600,97464.0,97902.0,97279.3,97580.6,174.56668311,6566
1739620800,97580.6,97898.0,97342.0,97588.2,202.51067296,8042
1739664000,97588.2,97700.0,97100.0,97246.4,100.0190015,4948
1739707200,97246.4,97323.8,96112.6,96144.1,211.57390463,9105
1739750400,96144.1,96607.5,95850.0,96050.1,296.9988793,7554
1739793600,96050.1,97032.6,95224.7,95772.8,715.90943367,13121
1739836800,95772.8,96234.6,95124.1,95629.1,326.31042928,8224
1739880000,95629.1,96650.9,93388.7,95600.0,1148.83249348,25030
1739923200,95600.0,96367.5,94996.8,96354.0,534.65269786,12783
1739966400,96354.0,96875.0,95442.1,96625.7,582.34638899,13392
1740009600,96625.7,97379.4,96405.7,97202.3,379.3081014,9545
1740052800,97202.3,98744.0,96834.2,98339.1,900.93125367,19097
1740096000,98339.1,98913.9,98142.1,98645.4,258.14082921,9635
1740139200,98645.4,99481.1,94858.0,96099.5,1923.27753548,28341
1740182400,96099.5,96600.1,95791.3,96600.1,239.79844034,7045
1740225600,96600.1,96900.0,96400.0,96600.1,244.52901831,7435
1740268800,96600.1,96621.6,96130.7,96130.7,127.86203363,5018
1740312000,96130.8,96305.6,95300.0,96303.4,231.87434902,8472
1740355200,96303.4,96483.0,95123.0,95815.4,366.8225682,10002
1740398400,95815.4,96000.0,91400.0,91534.4,1909.84514755,33065
1740441600,91534.4,92487.3,86842.6,89192.3,2823.0401903703,50613
1740484800,89203.3,89500.6,86000.0,88632.6,2390.80521614,34318
1740528000,88632.6,89271.0,88040.9,88528.2,697.28746786,15831
1740571200,88528.2,88615.0,80525.0,84089.8,5183.3392217899,61993
1740614400,84089.9,86951.2,83971.5,86615.9,848.90627634,19919
1740657600,86615.9,86687.4,82611.0,84691.4,1659.82024072,26766
1740700800,84668.4,84801.1,78219.0,80468.7,2599.8625110001,48863
1740744000,80468.7,85061.0,80010.0,84309.2,1905.70689868,29056
1740787200,84309.2,86515.9,83799.3,84595.3,798.68156588,13010
1740830400,84595.3,86197.0,84321.4,86020.8,318.49614773,12872
1740873600,86020.8,86466.4,85518.6,86084.1,327.01849391,10055
1740916800,86084.1,95000.0,84500.1,94285.0,4833.1878243909,52653
1740960000,94285.0,94401.6,91141.3,92679.5,1691.7026546201,19519
1741003200,92680.3,93670.4,85055.0,86144.7,3447.8398999202,43661
1741046400,86144.7,86715.6,82408.3,83918.2,2237.77071105,22879
1741089600,83918.2,88888.0,81434.5,87250.0,2462.3604449001,38920
1741132800,87250.0,90640.3,86378.4,89805.4,1392.34247412,21425
1741176000,89805.4,90975.1,87600.0,90610.4,2405.19663522,28617
1741219200,90610.4,92741.5,89951.4,91367.0,945.97666582,15859
1741262400,91367.0,91400.0,87836.3,89916.8,2052.59875601,28672
1741305600,89925.3,91227.4,84665.7,88931.0,2025.58120431,27360
1741348800,88931.1,91060.7,85585.0,86762.3,2510.21535897,29526
1741392000,86762.3,86809.4,85230.0,85921.1,462.57746021,11691
1741435200,85921.1,86524.0,85671.1,86164.1,354.37226402,9314
1741478400,86164.1,86435.2,84730.0,85000.0,327.07622993,9938
1741521600,85000.0,85000.0,80006.7,80684.0,1693.2625675099,29634
1741564800,80709.9,83971.5,80060.3,83552.5,899.42417792,18307
1741608000,83552.5,83738.0,77414.3,78558.8,2515.8532604803,46022
1741651200,78558.9,82000.0,76615.7,81709.3,1736.7123850099,24122
1741694400,81709.3,83607.9,79043.7,82900.0,2190.2256864601,28670
1741737600,82900.0,83689.8,81296.6,82986.3,690.9709456,13331
1741780800,82986.3,84482.0,80628.9,83673.4,1827.0707444499,23319
1741824000,83673.4,84282.4,82440.0,82920.0,701.21466227,10323
1741867200,82920.0,83900.0,79930.7,81112.3,1298.75263962,21111
1741910400,81112.3,83279.1,80847.2,83271.0,548.72471055,9088
1741953600,83271.0,85278.7,82642.4,83997.6,1528.4624450199,22132
1741996800,83997.7,84659.4,83666.9,84121.0,286.56229929,8353
1742040000,84121.0,84500.0,84023.0,84332.9,301.01312826,8189
1742083200,84333.0,84400.0,82404.4,82409.5,283.60253936,8575
1742126400,82409.5,85021.0,82009.8,82599.9,559.39419,14771
1742169600,82600.0,83838.8,82573.7,83527.6,438.88254806,7378
1742212800,83527.6,84700.0,82500.0,84015.2,824.6484149,14795
1742256000,84015.2,84015.2,82250.0,82595.1,517.04615386,9657
1742299200,82595.1,82793.1,81166.0,82705.4,1010.1386536099,16234
1742342400,82705.4,84049.0,82553.3,83909.8,734.34501877,8818
1742385600,83909.8,87000.0,83554.7,86879.5,1939.95069749,23163
1742428800,86879.6,87433.9,84781.4,85485.4,1145.44594554,13821
1742472000,85485.4,86505.4,83609.1,84178.6,1012.66337036,16786
1742515200,84178.6,84771.3,83750.0,84023.7,367.46623439,8712
1742558400,84023.7,84527.3,83179.3,84034.3,652.09748244,12907
1742601600,84034.3,84450.0,83982.9,84205.7,151.94866489,5401
1742644800,84210.1,84304.0,83667.4,83800.0,288.50504609,7616
1742688000,83800.0,84948.4,83799.9,84659.2,141.42509356,5157
1742731200,84659.2,86100.0,84600.0,86076.5,447.32290362,9692
1742774400,86076.5,87860.0,85558.1,87692.0,985.90037229,13555
1742817600,87692.0,88750.0,87105.3,87505.3,1204.0239324399,17951
1742860800,87511.9,87657.3,86306.7,87400.1,497.68704249,8763
1742904000,87400.1,88500.0,86999.9,87458.1,779.50268497,15251
1742947200,87458.1,88263.0,87080.7,88001.2,518.49630007,8156
1742990400,88001.2,88015.0,85853.7,86899.0,1290.8979780499,18929
1743033600,86899.0,87755.8,86808.8,86957.9,356.15426224,7719
1743076800,86957.9,87682.4,85838.9,87209.9,663.13951717,15107
1743120000,87209.9,87441.7,84826.1,85222.1,677.51001611,13461
1743163200,85222.1,85533.6,83530.1,84373.9,1378.80807087,20328
1743206400,84373.9,84559.8,81980.4,82247.3,742.90172056,11572
1743249600,82247.3,82810.8,81655.0,82613.8,414.35317777,13729
1743292800,82613.8,83500.0,82505.0,83076.6,484.97357725,8899
1743336000,83076.6,83223.9,81588.7,82325.4,432.25719509,12911
1743379200,82325.4,82398.9,81270.3,82169.6,400.83819893,10958
1743422400,82169.6,83870.8,81656.9,82523.0,1294.46177149,23601
1743465600,82523.0,84470.0,82415.9,83907.1,509.32111805,11680
1743508800,83907.1,85500.0,82512.3,85201.1,1248.40218178,20488
1743552000,85201.2,85447.9,83931.8,84538.6,772.67110042,13774
1743595200,84538.6,89042.7,82141.5,82508.1,2809.9417553702,47120
1743638400,82508.1,83911.0,82205.0,83039.6,682.53851977,15512
1743681600,83039.6,83241.6,81177.7,83132.9,1259.9253288,28456
1743724800,83133.0,84709.7,81657.9,82656.0,819.22453614,20075
1743768000,82656.0,84565.6,81818.7,83840.8,1167.76860663,31492
1743811200,83840.8,84200.0,83322.2,83440.1,295.10177939,7415
1743854400,83440.1,83588.8,82400.0,83508.9,365.07662105,10388
1743897600,83508.9,83680.0,82625.0,82795.2,270.1592296,6292
1743940800,82795.2,82917.4,77057.7,78363.4,3422.8171243201,49274
1743984000,78364.8,79300.0,74409.1,76617.1,2667.5154841004,53008
1744027200,76617.1,81323.6,75729.2,79130.1,2530.8316344904,55459
1744070400,79130.1,80800.0,78778.6,79968.1,623.80968758,17264
1744113600,79968.1,80298.9,76164.6,76276.5,1831.7257648999,37423
1744156800,76276.5,77881.1,74572.5,76175.0,1744.98367345,31565
1744200000,76175.0,83548.9,75984.1,82556.3,3526.7050062804,49833
1744243200,82556.3,82676.5,81305.2,81855.1,769.70356344,14155
1744286400,81855.1,82450.0,78451.2,79552.1,1500.39537324,29502
1744329600,79552.1,82900.0,78914.7,82110.6,1146.23020658,17128
1744372800,82110.6,84261.7,81301.1,83420.1,1878.0910267601,26953
1744416000,83420.1,83980.5,82750.0,83500.0,500.01024382,8998
1744459200,83500.0,85850.9,83473.3,85284.1,1432.98243323,18817
1744502400,85284.1,86037.9,84238.7,84446.7,724.1583678,12003
1744545600,84446.7,84948.9,83025.5,83719.0,1018.1829033999,19812
1744588800,83719.8,85446.1,83708.2,84888.1,937.08719795,13354
1744632000,84888.1,85792.1,83751.0,84530.7,1483.2535553,20504
1744675200,84530.7,85943.7,84341.8,85553.7,525.21502494,10278
1744718400,85553.7,86401.0,83600.0,83633.5,907.8296350599,20641
1744761600,83633.5,84117.5,83146.0,84033.9,686.89412039,12217
1744804800,84033.9,85419.7,83339.1,84023.8,1175.0362543599,22431
1744848000,84027.5,84995.2,83860.7,84582.9,304.5681803,10088
1744891200,84582.9,85444.0,83777.2,84910.1,626.82916002,14920
1744934400,84910.1,85087.9,84456.5,84615.9,244.28110272,7884
1744977600,84615.9,84730.7,84295.4,84472.5,206.37361874,9951
1745020800,84472.5,85429.5,84384.6,85187.0,203.95084611,8528
1745064000,85187.0,85611.7,84731.2,85121.3,201.58428634,9169
1745107200,85121.3,85309.2,84007.4,84128.9,193.02918569,6728
1745150400,84128.9,85231.0,84109.1,85150.1,324.69749722,8943
1745193600,85150.0,87750.0,85150.0,86974.3,808.29985517,14939
1745236800,86974.3,88490.0,86400.0,87500.6,1092.97504501,20073
1745280000,87500.7,88800.6,87100.0,88652.1,464.94853307,13267
1745323200,88652.1,93888.0,88524.0,93472.0,2507.0997269801,41863
1745366400,93472.0,94444.4,92659.5,93484.6,801.69525637,22768
1745409600,93484.6,94635.1,91949.5,93677.0,1207.90796431,25279
1745452800,93677.0,93758.2,91711.0,92631.7,377.86677639,11646
1745496000,92631.7,94000.0,92489.0,93999.9,701.38056426,16919
1745539200,94000.0,94666.0,92900.0,94595.0,891.12473057,12609
1745582400,94604.0,95837.7,94050.0,94717.1,1362.0689734899,27109
1745625600,94717.2,95189.5,94042.3,94168.0,288.24345297,13760
1745668800,94168.0,94928.0,93907.5,94663.5,210.86658258,8488
1745712000,94663.5,95348.5,93697.6,93974.8,224.09314267,8275
1745755200,93970.1,94506.6,93621.5,93817.0,307.91598752,9137
1745798400,93817.0,95568.4,92900.0,95301.9,465.14610357,14977
1745841600,95302.0,95600.0,93478.8,94998.1,792.40690525,17869
1745884800,94998.1,95407.7,94250.0,95159.9,424.33750178,10539
1745928000,95159.9,95469.2,93809.5,94269.6,1141.76798027,18047
1745971200,94269.7,95194.3,94207.4,95194.2,229.80937341,11963
1746014400,95194.3,95195.0,92970.5,94205.4,853.03504924,20471
1746057600,94205.4,96332.0,94148.3,96209.5,742.08303582,11938
1746100800,96209.5,97407.8,95900.4,96469.9,903.94361023,21089
1746144000,96469.9,97251.0,96386.7,96970.5,330.64347771,11064
1746187200,96970.5,97885.0,96604.8,96920.7,860.10452153,18030
1746230400,96920.7,96922.3,95893.8,95939.9,190.2867815,9535
1746273600,95939.9,96521.4,95785.9,95869.9,442.47213655,10781
1746316800,95869.9,96298.0,95305.6,95440.1,247.18565066,7824
1746360000,95440.1,95761.3,94153.2,94303.1,506.85071091,13080
1746403200,94303.1,94803.4,93570.1,94071.8,429.41260038,12681
1746446400,94071.9,95173.9,93624.4,94727.0,629.87274755,15782
1746489600,94727.0,94850.3,93697.9,93728.2,506.53716503,9297
1746532800,93728.2,96877.8,93398.5,96816.7,725.02983694,18258
1746576000,96816.7,97650.0,96207.3,97011.5,688.2754914,12046
1746619200,97011.5,97451.7,95824.0,97031.4,674.28046982,20004
1746662400,97031.4,99823.4,96874.9,99435.9,1120.14421128,19779
1746705600,99433.1,104082.5,99099.0,103228.0,1872.02589248,32710
1746748800,103228.0,104319.1,102350.2,102976.7,665.67590586,15946
1746792000,102976.8,103713.6,102344.7,102976.9,664.0424935,17168
1746835200,102977.0,104013.0,102833.3,103430.8,288.15271659,9580
1746878400,103426.4,104943.7,103023.9,104800.0,407.88037477,13553
1746921600,104799.9,104919.7,103326.8,104675.0,297.70428862,10882
1746964800,104675.0,104817.8,103604.9,104119.0,481.80955582,12326
1747008000,104119.0,105728.8,103632.3,103694.1,683.25385141,16768
1747051200,103694.1,104599.1,100772.6,102825.0,1185.68293292,28161
1747094400,102825.1,103801.6,101525.1,103699.5,355.33995766,13426
1747137600,103699.5,104980.0,102880.0,104156.7,749.05127352,20086
1747180800,104156.8,104156.8,102898.7,103949.7,424.84049664,11054
1747224000,103949.8,104280.1,102591.5,103589.7,598.8972537,14962
1747267200,103589.7,103871.6,101588.0,102360.0,302.01150544,13784
1747310400,102360.0,104123.0,101441.6,103761.7,680.19551981,19100
1747353600,103761.7,104400.0,103130.0,103674.2,456.69192268,9555
1747396800,103675.1,104500.0,103400.0,103500.1,477.2698842,13290
1747440000,103500.1,103697.1,102690.0,103000.0,227.52792435,8726
1747483200,103006.7,103431.0,102719.0,103169.1,179.93680933,9115
1747526400,103169.1,104062.2,103148.2,103821.1,184.92738283,5815
1747569600,103821.1,106631.8,103346.2,106525.6,1764.03618077,22075
1747612800,106525.6,107042.1,102100.0,102982.1,1006.5216985,18193
1747656000,102982.1,105811.4,102157.7,105637.7,1049.24609364,17641
1747699200,105637.7,106809.5,104920.7,105214.7,665.10845709,11806
1747742400,105214.7,107262.6,104269.0,106855.6,1048.62210158,18832
1747785600,106855.6,107995.0,106155.0,106567.2,833.84025968,13201
1747828800,106567.2,110698.0,106204.6,109675.1,2499.9654609501,43803
1747872000,109675.1,111863.5,109287.2,111005.6,1241.46143801,20667
1747915200,111000.1,111983.2,110567.1,111711.1,897.54013458,22327
1747958400,111711.1,111785.3,108889.3,109043.9,1017.43191251,15063
1748001600,109044.0,109952.9,106824.0,107333.5,1557.1520779699,30825
1748044800,107333.5,109503.4,106905.8,109220.1,340.22393278,11310
1748088000,109220.1,109240.0,107534.5,107824.2,179.09260176,11806
1748131200,107824.2,108273.6,106726.3,107287.5,295.08390103,10590
1748174400,107287.5,109300.5,106672.9,109040.4,330.44067664,13187
1748217600,109040.4,110257.5,108780.0,109776.2,541.97669425,10428
1748260800,109779.0,110352.0,108950.0,109468.6,446.88996962,12758
1748304000,109468.6,109900.0,107600.0,109615.1,329.77622101,10142
1748347200,109615.2,110742.6,108692.8,109004.9,693.30824665,17834
1748390400,109004.9,109250.0,108333.3,108916.5,342.42904913,8487
1748433600,108916.6,109019.8,106805.1,107811.7,616.45884805,17192
1748476800,107811.7,108888.0,107016.6,108790.0,256.12876252,10141
1748520000,108800.0,108802.9,105348.4,105632.4,962.91646872,22714
1748563200,105632.5,106333.8,104604.2,105903.5,513.78099239,14841
1748606400,105903.5,106000.0,103641.3,104019.7,854.57063688,21568
1748649600,104019.7,104288.2,103169.0,103525.1,298.53251338,10838
1748692800,103525.1,104933.2,103525.1,104662.0,215.3744975,11501
1748736000,104662.0,104724.8,103850.0,104117.3,128.99147346,7163
1748779200,104117.3,105879.7,103855.5,105712.4,447.92070131,11212
1748822400,105712.4,105910.6,104000.0,104058.0,366.56957002,9459
1748865600,104058.1,105927.2,103737.7,105920.3,582.39049615,15546
1748908800,105920.4,106500.0,104984.1,105315.0,280.99030428,8557
1748952000,105315.0,106820.0,105127.5,105446.0,493.52609368,14822
1748995200,105446.0,106000.0,105142.9,105148.4,186.67031251,7988
1749038400,105148.4,105587.9,104279.0,104745.4,426.48048199,12733
1749081600,104745.4,105230.0,104420.4,104900.0,192.0184595,6746
1749124800,104900.0,105948.1,100400.0,101579.7,1552.3815853,32653
1749168000,101579.7,104000.0,101211.5,104000.0,389.6733247,13215
1749211200,104000.0,105360.1,103642.2,104376.0,487.53927179,17718
1749254400,104376.0,105385.3,104000.1,105167.5,252.66121977,8001
1749297600,105167.6,105929.0,105167.6,105654.5,239.34852492,9351
1749340800,105654.6,105740.0,105082.3,105699.9,238.20949891,6090
1749384000,105700.0,106477.0,105566.7,105754.2,330.29831174,10430
1749427200,105754.2,107828.7,105392.3,107738.4,344.44007244,10907
1749470400,107741.4,110550.0,106935.1,110280.0,920.34409511,23457
1749513600,110280.0,110300.0,109079.3,109556.1,461.1647239,13907
1749556800,109550.6,110373.0,108342.2,110273.6,718.90300447,20337
1749600000,110273.6,110273.6,109218.1,109273.0,208.2269076,12528
1749643200,109273.0,110411.0,108139.5,108702.0,601.84500838,18552
1749686400,108701.9,108790.2,106888.0,106931.3,597.40763229,11471
1749729600,106931.3,108460.0,105760.0,105760.1,914.73741698,20088
1749772800,105760.1,105760.1,102812.3,105026.3,1448.19266414,27574
1749816000,105026.4,106137.5,104166.1,106122.3,660.92766081,17645
1749859200,106122.3,106172.3,104880.7,105100.0,164.4378249,6217
1749902400,105100.0,105524.5,104400.0,105479.4,228.24508583,9318
1749945600,105479.4,106090.0,104914.6,104955.9,107.4871086,6043
1749988800,104955.9,105816.1,104529.0,105581.4,227.40644565,10132
1750032000,105581.5,107250.0,105019.3,106892.5,511.06440924,10282
1750075200,106892.6,108924.6,106590.0,106800.1,698.89745066,18157
1750118400,106800.1,107725.1,105531.5,105632.4,481.31056289,11685
1750161600,105632.4,105815.8,103400.0,104622.4,866.93148419,22723
1750204800,104622.5,105529.9,104206.1,104850.3,277.47588734,9429
1750248000,104850.3,105311.6,103567.6,104892.0,530.93395534,20533
1750291200,104891.9,105226.5,104499.9,104807.5,672.44112069,7916
1750334400,104807.5,104899.8,103931.6,104675.2,452.46287478,11943
1750377600,104675.2,106470.0,104237.9,106000.1,268.94964746,9170
1750420800,106000.1,106100.1,102388.9,103292.0,782.89830099,22292
1750464000,103300.0,103995.5,103145.0,103894.7,147.30452446,6189
1750507200,103894.7,103894.7,100933.5,102144.0,791.60955687,17965
1750550400,102153.0,103380.5,101882.0,102720.0,682.78836191,13367
1750593600,102720.0,102800.0,98277.2,100987.9,1648.5067129399,35946
1750636800,100987.9,102084.4,100542.0,101361.1,396.07013674,10186
1750680000,101361.1,106022.4,99700.0,105382.0,2238.87705148,34554
1750723200,105382.1,105881.3,104777.0,105282.6,736.97817371,19024
1750766400,105282.6,106309.1,104894.2,106100.0,833.53281883,15305
1750809600,106100.0,107393.5,105888.2,107246.0,847.60617115,11914
1750852800,107246.0,108165.5,106821.9,107360.0,906.76331698,17304
1750896000,107360.0,108289.0,107200.0,107383.3,353.8545404,10227
1750939200,107383.3,107985.1,106677.4,106945.0,499.86346639,15610
1750982400,106945.1,107712.1,106477.2,106975.3,249.35804427,9085
1751025600,106975.3,107682.4,106477.2,107115.4,392.27735252,14731
1751068800,107115.4,107498.4,106918.4,107405.5,98.43690607,5888
1751112000,107405.5,107544.2,107064.0,107325.1,327.69727027,8528
1751155200,107325.1,108452.4,107228.2,108452.4,232.33126064,7384
1751198400,108452.3,108460.7,107311.5,108387.2,267.97784598,11410
1751241600,108387.3,108792.0,107428.4,107676.6,473.46407126,11591
1751284800,107676.6,107922.4,106800.0,107120.3,811.43920652,16698
1751328000,107120.3,107540.2,106333.0,106604.8,343.59553235,11681
1751371200,106604.8,107150.0,105312.0,105700.1,1219.9040717399,20917
1751414400,105700.1,107841.5,105116.4,107452.5,582.2423746,11823
1751457600,107452.5,109794.7,107219.0,108846.9,954.5338248199,25394
1751500800,108846.9,110298.4,108600.0,109652.6,465.98635829,12985
1751544000,109652.6,110547.2,108809.8,109631.0,753.93347147,20683
1751587200,109631.0,109746.6,108601.0,108919.6,262.57557224,13595
1751630400,108919.7,109002.1,107299.9,108018.9,504.81660495,16940
1751673600,108018.9,108379.0,107829.7,108206.7,95.47890457,6917
1751716800,108206.7,108259.8,107950.0,108249.5,67.16029309,8886
1751760000,108249.5,108272.6,107825.2,108068.4,82.71710776,6060
1751803200,108068.4,109650.0,108068.3,109223.2,348.4603315,12697
1751846400,109223.2,109700.0,108646.7,108648.0,159.69243659,8955
1751889600,108648.0,108648.5,107520.3,108282.1,542.9437417,16354
1751932800,108282.1,108973.2,107500.0,108772.6,321.01231553,10451
1751976000,108772.6,109199.3,108129.7,108931.9,323.90232936,15580
1752019200,108932.0,109119.5,108375.3,109068.9,188.46186826,9846
1752062400,109068.9,112000.0,108516.5,111323.7,1308.16525705,25616
1752105600,111323.7,111550.0,110913.4,111063.9,350.60456637,11588
1752148800,111063.9,116800.0,110600.0,115990.2,1787.96076996,38193
1752192000,115990.2,118818.4,115212.5,117824.4,983.8652136699,28258
1752235200,117824.4,118276.2,116679.0,117532.6,830.77523023,26151
1752278400,117532.6,118235.6,117164.3,117843.6,231.6245108,10644
1752321600,117843.6,117843.7,116977.1,117461.0,279.89931029,12263
1752364800,117461.0,118038.0,117277.3,118038.0,180.98070244,7496
1752408000,118038.0,119499.0,118037.9,119102.1,700.31002173,20060
1752451200,119102.2,123140.0,118961.2,121469.5,1339.29048754,31230
1752494400,121469.5,122043.2,119235.0,119855.0,970.23142274,27125
1752537600,119855.0,119900.0,116282.0,117065.9,1072.5146346699,26362
1752580800,117065.9,118370.0,115712.2,117741.0,1096.4884433999,28443
1752624000,117741.0,119291.5,117094.0,118731.1,405.34980985,15045
1752667200,118731.1,120049.5,118251.9,118712.6,755.15234788,26242
1752710400,118712.6,119208.3,117746.1,118038.1,389.68801794,16121
1752753600,118038.1,120999.6,117527.0,119321.0,747.47726285,25556
1752796800,119321.0,120833.7,118500.0,119199.9,595.57327328,20716
1752840000,119200.0,119500.0,116929.6,118011.9,609.68164165,27032
1752883200,118011.9,118550.0,117731.4,118393.7,170.77012889,9663
1752926400,118393.7,118393.7,117382.5,117909.1,140.05544515,13014
1752969600,117909.1,118279.0,117750.0,117914.1,128.62125203,8796
1753012800,117914.1,118867.0,116600.0,117319.1,454.75453799,19371
1753056000,117319.0,119630.4,116623.7,118138.5,403.02203119,15801
1753099200,118138.6,119250.0,116750.0,117461.0,663.20752055,22388
1753142400,117461.0,119216.9,116260.0,119184.9,560.07428258,16257
1753185600,119184.9,120237.5,117625.5,119977.5,698.30130728,20757
1753228800,119977.5,120100.0,117945.4,118588.1,326.9909748,13596
1753272000,118588.1,118788.9,117411.0,118735.3,762.43300915,22323
1753315200,118735.3,119263.6,117316.0,118718.4,571.89542219,13904
1753358400,118718.4,119489.8,117979.7,118386.9,375.5224812,16867
1753401600,118387.5,118452.0,114733.1,116550.7,1130.3964165899,31341
1753444800,116550.7,117628.1,114942.5,117628.1,482.348445,24626
1753488000,117628.1,118208.5,117197.6,117825.1,258.9681749,9413
1753531200,117825.1,118276.6,117804.4,117937.5,200.10547331,10165
1753574400,117937.6,118401.8,117863.8,118081.4,144.68967689,8131
1753617600,118081.4,119793.4,117922.9,119455.0,399.13977945,13667
1753660800,119455.1,119779.9,118547.2,118813.3,209.30332448,11320
1753704000,118813.3,119022.5,117425.9,117979.7,636.0449548,19329
1753747200,117979.7,119200.0,117500.0,118578.2,268.28267872,11808
1753790400,118578.2,119000.0,117000.0,117923.0,625.16365089,18999
1753833600,117916.9,118413.1,117400.0,117523.2,238.88850248,10501
1753876800,117523.2,118749.4,115800.0,117820.7,779.69392338,24156
1753920000,117820.7,118918.9,117820.6,118350.5,361.45121509,11108
1753963200,118350.5,118823.5,115500.0,115762.3,726.49451715,25483
1754006400,115762.4,116000.0,114166.0,115257.2,963.3307480499,31601
1754049600,115257.2,115957.8,112688.1,113290.2,999.3129413499,36115
1754092800,113290.1,114008.2,113150.0,113721.9,286.73349152,12273
1754136000,113721.9,113722.0,112000.0,112525.2,611.81863942,19935
1754179200,112525.2,114254.2,111897.1,113866.7,279.58946405,11037
1754222400,113866.7,114742.9,113645.0,114224.1,306.43846749,12980
1754265600,114224.1,114999.0,114154.6,114487.8,288.92413363,11903
1754308800,114487.8,115700.0,114137.1,115092.1,628.73093888,18711
1754352000,115092.1,115092.1,113700.0,114814.1,302.84879476,11978
1754395200,114814.1,114830.0,112629.7,114115.0,541.51455092,18891
1754438400,114115.0,114308.1,113400.0,114183.8,257.21495419,9476
1754481600,114183.8,115713.6,113598.6,115010.0,488.73395315,14415
1754524800,115010.0,116805.7,114280.0,116575.0,362.85259134,11507
1754568000,116575.0,117643.3,115681.3,117498.1,608.38408466,19803
1754611200,117498.1,117663.0,116367.0,116931.4,306.84120541,17045
1754654400,116931.4,117250.0,115946.0,116676.0,332.36289594,17615
1754697600,116676.0,117869.4,116400.0,117114.5,247.99870399,10750
1754740800,117120.2,117230.0,116282.1,116467.4,450.58527755,13289
1754784000,116467.4,118703.3,116467.3,118369.1,534.72800241,12595
1754827200,118369.1,119288.4,118041.7,119288.4,608.66928115,14126
1754870400,119288.4,122273.5,119004.2,120579.4,1239.3568859099,25318
1754913600,120579.4,120750.0,118100.0,118724.5,845.16424008,23217
1754956800,118724.5,119206.4,118255.0,118510.5,302.24449069,11086
1755000000,118510.5,120303.2,118255.6,120172.0,813.75656129,21219
1755043200,120172.1,120705.0,118918.3,120620.1,721.34248096,14597
1755086400,120620.1,123724.7,120110.0,123354.3,1944.7938219201,34208
1755129600,123354.3,124420.0,120686.0,120895.6,1005.63025789,20458
1755172800,120895.6,121187.5,117250.0,118383.1,2452.4257365801,37512
1755216000,118383.1,119312.7,116560.9,119087.5,682.46301606,13661
1755259200,119087.5,119140.7,116855.4,117426.7,601.64311949,21912
1755302400,117426.7,117947.4,117284.0,117501.0,163.67617177,9228
1755345600,117501.0,117879.9,117340.2,117487.5,161.97676005,12057
1755388800,117487.5,118500.0,117295.3,118382.5,167.8095461,11098
1755432000,118382.5,118550.2,117394.0,117441.3,273.64865097,13662
1755475200,117441.3,117593.3,114715.9,115034.9,747.84472213,27118
1755518400,115034.9,116995.6,114884.8,116260.0,523.56126478,17945
1755561600,116259.9,116766.0,114500.0,115622.8,584.69164116,14995
1755604800,115622.8,115900.0,112750.0,112830.3,989.99258378,26439
1755648000,112830.4,113947.6,112610.0,113628.5,369.00847239,12573
1755691200,113628.5,114612.1,112400.0,114262.7,883.32609707,20877
1755734400,114273.8,114738.6,113035.2,113149.8,229.44745937,9529
1755777600,113149.8,113961.3,112036.0,112462.5,538.03838576,19776
1755820800,112475.0,113456.7,112156.8,112280.5,223.19254069,11694
1755864000,112280.5,117354.0,111676.0,116817.9,1479.4638265,33515
1755907200,116817.9,116975.0,115176.6,115176.7,268.12234435,10270
1755950400,115176.7,115411.6,114551.1,115344.1,418.85248781,11949
1755993600,115344.1,115530.9,114550.0,114664.1,194.49176669,8459
1756036800,114664.1,114842.8,110692.2,113456.1,1051.58422081,27010
1756080000,113456.1,113619.8,110912.5,111230.1,898.74661137,19060
1756123200,111230.1,112872.6,109304.8,110144.9,1626.19197052,32064
1756166400,110145.0,110491.9,108734.6,109842.3,592.31891773,19338
1756209600,109842.3,112395.6,109389.8,111829.3,748.66416974,22387
1756252800,111829.3,111829.3,110434.3,111340.0,395.5095147,11539
1756296000,111340.1,112603.4,111000.0,111268.6,712.06455102,21331
1756339200,111268.6,113321.4,110902.6,112924.6,484.76794461,10201
1756382400,112924.6,113457.9,111809.8,112563.7,839.12620914,17973
1756425600,112563.7,112570.0,109422.5,110091.0,801.6852944,17978
1756468800,110091.0,111490.4,107505.0,108400.1,908.7056468599,35908
1756512000,108400.1,108700.1,107352.6,108641.2,492.58554258,12935
1756555200,108641.2,108926.8,108229.7,108750.0,327.73641534,11447
1756598400,108750.0,109490.8,108321.3,108400.1,342.64581063,9573
1756641600,108400.1,109182.6,108113.5,108250.0,326.20387165,14075
1756684800,108250.1,109813.2,107255.0,108805.8,816.96378084,17525
1756728000,108805.8,109517.2,107500.0,109263.5,510.79803548,19414
1756771200,109258.5,110761.3,108888.4,109737.1,648.53782437,12290
1756814400,109737.6,111737.8,108457.0,111196.9,1152.00135511,22592
1756857600,111196.9,111702.7,110600.0,111490.1,372.21377471,11416
1756900800,111490.1,112537.6,111116.2,111771.1,1090.11677731,19072
1756944000,111771.1,112193.7,110353.7,110837.6,303.2051271,10918
1756987200,110837.6,111685.5,109369.8,110744.3,755.52214603,18215
1757030400,110744.4,112994.5,110434.4,112320.0,454.84045699,14800
1757073600,112320.0,113372.1,110231.4,110647.8,1079.86286247,29772
1757116800,110647.8,111243.0,110566.9,110778.9,152.10024984,7822
1757160000,110778.9,110984.4,110036.7,110254.9,126.54274624,12071
1757203200,110254.9,111312.4,110239.0,111227.6,129.25743919,7498
1757246400,111227.6,111526.8,110878.9,111152.8,214.71607997,12654
1757289600,111152.8,112114.3,110667.7,112079.3,479.37861952,13984
1757332800,112079.3,112864.4,111897.6,112050.1,418.55636637,17145
1757376000,112050.1,113200.0,111196.8,112507.6,424.62020486,16416
1757419200,112507.6,112898.8,110815.3,111541.0,1079.0355705,21217
1757462400,111541.0,112763.8,110934.0,112229.9,335.88533745,15141
1757505600,112229.9,114300.0,112229.8,113952.8,1977.5096059399,24824
1757548800,113952.8,114472.0,113708.4,113990.8,522.28019526,12867
1757592000,113990.8,115500.0,113400.0,115500.0,1096.98264598,24316
1757635200,115500.0,116298.8,114900.1,114947.0,862.60711806,17703
1757678400,114947.1,116743.3,114813.3,116111.7,868.70323594,26417
1757721600,116111.7,116350.8,115745.6,116019.8,285.51453683,12130
1757764800,116019.8,116086.9,115251.1,115949.1,479.45430727,14451
1757808000,115949.1,116149.9,115566.4,115836.5,182.09751373,9229
1757851200,115836.5,116135.1,115238.9,115390.6,345.91603001,15558
1757894400,115390.6,116700.0,114714.8,115075.0,579.50925292,18208
1757937600,115075.0,115558.6,114158.2,115374.9,770.23072769,17183
1757980800,115375.0,115975.0,115003.7,115349.6,228.07232041,20259
1758024000,115349.6,116961.3,114800.0,116764.2,813.64898532,23335
1758067200,116764.2,117291.9,116240.0,116300.1,358.04259961,11745
1758110400,116300.1,116959.4,114799.9,116469.0,1305.68371184,29854
1758153600,116469.1,117900.0,116201.1,117100.1,768.3430012,19092
1758196800,117100.1,117920.0,116681.0,117135.7,759.64490994,22906
1758240000,117135.8,117441.2,116369.2,116428.2,333.72265662,11377
1758283200,116428.2,116500.0,115180.4,115677.2,397.47502473,20815
1758326400,115677.2,116011.1,115511.0,115936.2,87.37501335,12726
1758369600,115936.2,116176.8,115705.8,115739.1,111.48005411,11325
1758412800,115739.1,115874.6,115451.1,115662.9,116.4673145,8518
1758456000,115662.9,115783.8,115259.4,115298.9,223.11726162,11123
1758499200,115299.0,115410.0,111730.3,112957.1,1173.11799308,24160
1758542400,112957.1,113470.0,112050.0,112747.8,673.62899866,19785
1758585600,112747.8,113318.9,111561.8,113040.2,541.81855386,13479
1758628800,113040.2,113309.5,111557.0,112001.5,680.27323759,17858
1758672000,112001.5,113196.9,111111.0,113036.2,542.55042629,12393
1758715200,113036.2,113954.3,112844.6,113300.0,644.47905958,15234
1758758400,113300.0,113500.0,111300.8,111318.1,515.70572511,13971
1758801600,111318.1,111703.7,108680.5,109049.8,1590.72210455,31000
1758844800,109049.8,109836.1,108677.5,109198.5,628.47841229,16311
1758888000,109198.5,110354.8,108857.2,109706.3,829.47289978,21008
1758931200,109706.4,109760.5,109177.6,109344.1,69.94368912,8042
1758974400,109344.1,109730.2,109264.0,109720.5,140.40081787,9605
1759017600,109720.5,109809.9,109225.4,109390.4,125.73692436,8862
1759060800,109390.4,112367.8,109227.5,112127.8,485.41862712,14982
1759104000,112127.8,112384.9,111628.0,112093.4,391.47959466,11101
1759147200,112093.4,114413.4,111968.7,114365.2,605.30518758,20975
1759190400,114365.3,114798.0,112764.3,113105.2,581.04690976,11990
1759233600,113105.2,114745.0,112806.2,113995.0,556.90893626,17759
1759276800,113995.0,116774.1,113971.1,116774.1,537.38846928,17090
1759320000,116774.1,118708.6,116408.1,118599.9,995.8289380800001,24999
1759363200,118600.0,119453.7,118344.4,118800.1,792.04066887,17778
1759406400,118800.1,121008.9,118650.0,120649.9,1187.73275073,25685
1759449600,120650.0,120650.0,119350.0,120448.6,507.17741209,14094
1759492800,120448.6,123930.9,119999.9,122259.5,1500.65080269,34640
1759536000,122259.5,122843.7,121782.7,122055.1,289.31682679,10946
1759579200,122055.1,122522.5,121620.0,122426.4,351.96598495,14617
1759622400,122426.4,125670.0,122250.0,123501.2,1232.82059199,25144
1759665600,123501.2,123554.9,122320.8,123542.1,312.36742649,16696
1759708800,123542.1,124537.8,123144.1,124285.5,511.78516658,16391
1759752000,124285.5,126198.1,124285.4,124766.5,1829.53393945,33867
1759795200,124765.9,125106.1,123488.0,124573.1,682.92883498,20112
1759838400,124573.1,125207.2,120694.6,121419.8,1387.52603833,39266
1759881600,121419.8,123200.0,121104.2,122896.6,462.49871168,18781
1759924800,122896.6,124150.0,121704.8,123329.7,557.91732126,22601
1759968000,123329.8,123342.0,121160.1,122810.4,577.69285873,18072
1760011200,122810.4,123750.9,119750.0,121699.0,1347.20351973,33097
1760054400,121699.0,121897.0,120934.2,121589.9,303.93372289,16133
1760097600,121589.9,122498.0,100000.0,113000.1,5492.2294618,131106
1760140800,113000.0,113423.0,110275.4,112293.1,1506.9648231,43025
1760184000,112293.1,112579.2,109760.0,110775.1,679.24827874,27252
1760227200,110775.2,112212.9,109694.9,111857.9,456.90075806,18205
1760270400,111857.9,115780.0,111250.0,115125.3,1411.13371119,38873
1760313600,115125.3,115977.7,113705.8,114313.1,657.84751356,23103
1760356800,114313.1,115975.4,113988.2,115165.5,921.67615599,25732
1760400000,115176.9,115457.2,110200.0,111400.1,1200.84255997,27335
1760443200,111400.1,113600.0,110000.0,113106.2,1581.08519822,31983
1760486400,113106.3,113600.0,111802.6,111979.3,375.28662365,19128
1760529600,111979.3,112297.9,110252.0,110781.9,1186.69507878,30089
1760572800,110781.9,111824.8,109620.8,111445.3,893.92002385,20312
1760616000,111445.4,111950.0,107483.0,108182.3,2087.50758844,44389
1760659200,108182.3,109245.0,103583.2,105693.3,2042.26650852,44814
1760702400,105693.3,107493.8,104577.0,106451.0,1458.38704317,39748
1760745600,106451.0,107492.6,106365.2,107252.1,335.82335643,14365
1760788800,107252.2,107369.5,106544.7,107199.0,331.39036054,14264
1760832000,107199.0,108204.3,106125.2,107820.1,518.9972958,15781
1760875200,107821.9,109444.0,107453.3,108669.8,575.25067652,47072
1760918400,108669.8,111640.0,107466.8,111035.2,747.42688949,23406
1760961600,111035.2,111700.1,109928.5,110574.4,1697.50920193,26491
1761004800,110574.4,110574.4,107500.0,108615.2,663.30003366,53036
1761048000,108615.2,114000.0,107906.0,108406.1,1911.09480517,38366
1761091200,108406.1,108682.4,106885.1,107601.3,687.26579298,21300
1761134400,107601.3,109156.4,106717.0,107644.1,1601.77725674,33632
1761177600,107644.1,110300.0,107556.3,109269.0,679.95961894,15642
1761220800,109269.0,111296.0,108710.3,110080.0,887.74444069,23768
1761264000,110080.0,111485.0,110032.5,111050.2,347.24172105,16194
1761307200,111050.2,112400.0,109757.8,111000.0,1324.16349901,25065
1761350400,111000.0,111794.2,110700.0,111600.0,272.58864127,11673
1761393600,111600.0,111925.9,111218.4,111645.2,320.02058617,13865
1761436800,111645.2,113387.9,111274.3,113276.5,460.26423449,12601
1761480000,113276.5,115400.0,112928.8,114509.9,662.93390287,19326
1761523200,114510.0,116309.8,114420.0,115370.1,643.52073635,15050
1761566400,115370.1,115786.1,113801.4,114153.0,596.50191439,19696
1761609600,114153.1,114619.6,113565.4,114333.0,253.24366191,11635
1761652800,114333.0,116023.4,112278.2,112918.0,1176.12782486,25946
1761696000,112918.0,113601.0,112118.5,113187.5,359.65946616,12261
1761739200,113187.5,113601.0,109251.0,110104.2,1930.4889303,33271
1761782400,110104.2,111561.5,108000.0,109789.9,1050.03484666,24406
1761825600,109789.9,109789.9,106280.5,108302.7,1696.32531881,38626
1761868800,108302.7,110423.0,108302.6,110379.7,658.5730238,20317
1761912000,110379.7,111000.0,108564.3,109552.7,739.28371701,23747
1761955200,109552.7,110421.0,109370.0,110000.0,334.6858167,10167
1761998400,110000.0,110116.0,109668.4,110018.0,158.35375267,6606
1762041600,110018.0,111000.0,109785.5,110979.9,943.88647876,12770
1762084800,110979.9,111058.9,109428.7,110589.6,662.45841687,14787
1762128000,110589.6,110699.6,106735.8,107760.1,1949.92650767,26648
1762171200,107760.1,108292.6,105200.2,106538.3,1091.56781766,37185
1762214400,106538.3,107258.7,103576.5,104540.0,847.01827739,31994
1762257600,104540.0,104752.7,98900.0,101537.3,3195.66044597,75515
1762300800,101537.2,102259.9,98943.9,102000.0,1009.0374678,26360
1762344000,102000.0,104499.9,101882.0,103900.0,1336.05328282,30737
1762387200,103900.0,104115.9,102650.0,103172.8,443.42566017,17227
1762430400,103172.8,103526.8,100266.0,101290.1,1177.24504426,34748
1762473600,101290.1,102438.4,99729.8,100369.4,544.36436623,24049
1762516800,100369.4,103995.0,99222.0,103279.9,3979.79594454,59993
1762560000,103279.9,103320.0,101750.0,101800.1,407.65828711,13938
1762603200,101800.1,102449.9,101489.9,102282.1,281.87439919,14842
1762646400,102282.1,102299.3,101430.0,102210.1,218.36053689,10964
1762689600,102210.1,105431.9,102090.0,104729.8,932.54873369,23587
1762732800,104729.9,106593.5,104300.0,106200.0,707.922994,19050
1762776000,106200.0,106500.0,104657.6,105973.3,712.36127843,24118
1762819200,105973.3,107400.0,104731.4,105230.0,426.75245857,16858
1762862400,105230.0,105461.2,102469.8,103011.5,837.13754091,22661
1762905600,103011.5,105183.2,102706.0,104994.2,503.25858776,13212
1762948800,104994.2,105274.0,100796.0,101666.6,1022.96047329,29680
1762992000,101666.7,103999.0,100969.9,102923.7,511.72740605,18444
1763035200,102923.8,103360.2,98000.0,99680.1,1904.42125155,53173
1763078400,99680.1,99806.9,95716.8,96153.9,1667.14421615,39271
1763121600,96153.9,97316.5,94000.0,94517.3,2087.62017615,54414
1763164800,94500.1,96700.0,94478.5,95575.5,962.91140907,18150
1763208000,95575.5,96402.5,95075.4,95537.9,407.57052615,16370
1763251200,95538.0,96498.8,94800.0,95550.0,283.9521547,13470
1763294400,95550.0,95820.0,92890.6,94190.1,1085.07621118,32234
1763337600,94190.1,95888.0,93730.1,95479.9,681.77234718,15512
1763380800,95479.9,95865.8,91150.0,92101.3,2433.93676302,45808
1763424000,92101.3,92220.0,89251.9,91410.1,1648.41336585,33100
1763467200,91410.1,93747.3,90837.5,92966.1,1341.98484142,31817
1763510400,92966.1,92966.1,89781.9,91366.0,1087.13247548,20202
1763553600,91366.0,92362.6,88547.0,91427.7,2696.89033958,41156
1763596800,91427.7,93003.7,91116.0,91873.0,749.15406362,17565
1763640000,91873.0,92390.0,86000.0,86503.0,4402.94467296,52725
1763683200,86503.0,87331.7,81601.1,82214.4,3228.10667404,47502
1763726400,82214.4,85500.0,80595.2,85069.4,3380.7430666,49717
1763769600,85069.4,85555.0,83432.8,84046.8,1155.58755165,17925
1763812800,84046.8,85189.3,83568.0,84679.9,444.34085293,16961
1763856000,84679.9,87478.0,84679.8,86241.3,856.876546,17337
1763899200,86241.3,88061.8,86241.3,86777.4,1219.46959704,23121
1763942400,86777.5,88000.0,85666.5,86217.2,895.88790534,18462
1763985600,86217.2,89200.0,85250.0,88275.0,1370.06022819,32336
1764028800,88275.0,88432.1,86664.6,87336.0,749.25867654,18214
1764072000,87336.0,88080.3,86100.0,87326.3,897.16710092,28110
1764115200,87326.4,88194.1,86663.7,87069.7,364.37941319,16794
1764158400,87069.7,90600.0,86299.5,90535.7,1651.11915214,36861
1764201600,90535.7,91878.9,90088.8,91413.6,1068.76069836,21009
1764244800,91413.6,91798.0,90436.8,91281.4,482.92980865,21945
1764288000,91281.4,91950.0,90666.0,91461.4,400.69924751,16293
1764331200,91461.4,93050.0,90250.0,90912.7,1215.9985607200001,29917
1764374400,90912.7,91105.7,90380.0,90674.0,183.04646376,10671
1764417600,90674.0,91179.5,90247.4,90833.6,194.93496608,13684
1764460800,90833.6,91596.8,90511.1,91059.4,224.17456492,9938
1764504000,91059.5,91928.1,90351.0,90373.9,322.30945681000003,16285
1764547200,90373.9,90378.7,85660.0,86124.2,1594.88926001,32664
1764590400,86124.3,86868.8,83870.8,86300.0,2166.25228885,40385
1764633600,86300.0,87562.6,86203.8,87380.1,427.44517101,16343
1764676800,87380.1,92308.4,87099.5,91313.5,1961.07581905,39227
1764720000,91313.5,93976.6,91033.4,93018.0,728.17636432,26356
1764763200,93018.0,94051.6,91768.8,93457.9,1435.20293496,37290
1764806400,93458.0,94000.0,92731.8,92916.8,536.88217067,16939
1764849600,92916.8,93200.0,90924.8,92142.6,942.75965286,31237
1764892800,92142.6,92679.3,91000.7,91343.7,358.42925971,13871
1764936000,91343.7,91490.0,88095.2,89332.4,1271.11590806,31743
1764979200,89332.4,89750.0,89107.2,89635.4,320.30439488,10120
1765022400,89635.4,90274.4,88999.9,89240.1,215.85690152,14630
1765065600,89240.1,89739.9,89113.8,89215.1,102.49227784,8959
1765108800,89215.1,91713.7,87777.0,90435.1,791.57163707,24316
1765152000,90435.1,92269.6,89894.2,91954.0,534.62722455,15936
1765195200,91954.0,92096.3,89615.8,90650.1,1191.78570457,27053
1765238400,90650.1,90834.7,89545.1,90381.5,649.25175762,15301
1765281600,90381.5,94583.7,90025.8,92702.2,1461.68911901,34564
1765324800,92702.2,93233.3,91805.9,92134.4,555.7679642,16643
1765368000,92134.4,94489.0,91599.0,92019.8,1542.24898248,36266
1765411200,92019.8,92096.5,89423.0,90274.7,764.3879718000001,23553
1765454400,90274.7,93561.8,89281.4,92541.0,1539.07065595,41059
1765497600,92541.0,92751.0,91496.5,92401.1,396.85261131,16781
1765540800,92401.1,92653.8,89500.0,90277.2,1241.27263855,38700
1765584000,90277.2,90629.9,90124.5,90359.2,168.75131483,10937
1765627200,90359.2,90489.9,89797.1,90254.1,228.57929074,14398
1765670400,90254.2,90467.7,88667.1,89398.4,540.88906025,14135
1765713600,89398.5,89654.9,87582.5,88163.0,710.29117901,28756
1765756800,88163.0,90038.8,88059.3,89642.0,788.38649858,23427
1765800000,89642.0,89846.4,85151.5,86434.3,1737.67298672,56488
1765843200,86434.3,87300.0,85263.6,87243.7,904.56152484,25278
1765886400,87243.7,88121.3,86083.3,87840.7,1520.22758556,38781
1765929600,87840.7,87915.9,86176.6,86958.6,557.08925886,19374
1765972800,86958.6,90318.3,85282.2,86207.8,2541.45851778,54700
1766016000,86205.5,87402.8,85846.1,87221.5,377.53209485,20466
1766059200,87223.8,89437.1,84421.4,85462.5,2694.75560335,63270
1766102400,85461.0,88323.9,85077.0,88139.7,973.04952429,29781
1766145600,88139.7,89335.0,86809.5,88105.2,1607.17835344,42549
1766188800,88105.2,88513.3,87943.0,88246.8,182.88918576,12192
1766232000,88246.8,88423.0,87800.0,88338.1,407.00407497,15015
1766275200,88338.1,89013.9,87851.3,88585.5,369.51814008,13971
1766318400,88585.5,88905.9,87601.8,88622.2,413.51769967,20539
1766361600,88623.7,90045.2,87863.6,89907.6,858.34344094,27611
1766404800,89907.6,90552.6,87889.0,88544.2,1372.60354848,43442
1766448000,88550.5,88888.8,87000.0,87816.9,449.97931895,20142
1766491200,87816.9,88289.0,86553.3,87416.4,1157.31231779,34808
1766534400,87416.4,87752.0,86694.9,87155.9,392.5296315,18112
1766577600,87156.0,87973.3,86271.4,87613.7,1076.13924996,24470
1766620800,87613.7,87888.0,87227.1,87462.4,153.5569812,10277
1766664000,87462.4,88547.9,86944.9,87198.0,420.72794556,17808
1766707200,87183.0,89484.6,86848.0,88498.5,885.49434036,22521
1766750400,88498.5,88992.6,86611.7,87303.6,748.5271043,29835
1766793600,87303.6,87647.9,87177.5,87416.6,133.01495645,11167
1766836800,87416.6,87913.3,87208.4,87802.6,283.73568206,13838
1766880000,87814.4,87955.9,87551.1,87792.8,288.41070664,10460
1766923200,87792.8,87998.9,87364.3,87853.3,370.81940543,14316
1766966400,87865.9,90298.9,87489.0,87489.0,1585.48414128,33781
1767009600,87485.0,88089.6,86700.0,87135.1,1214.6451313,33024
1767052800,87135.1,88081.4,86736.5,87775.1,401.01769274,17954
1767096000,87775.1,89298.0,87720.2,88401.9,778.53213552,32900
1767139200,88400.1,88928.6,88068.9,88892.0,340.77729595,15828
1767182400,88902.2,89067.4,87101.5,87500.1,1155.52731035,35377
